TITLE = "Residual History"
VARIABLES = "Iteration" "ContinuityResidual"
ZONE F=POINT
0 0.0156337
1 0.0269228
2 0.0351758
3 0.0412652
4 0.0458018
5 0.0492259
6 0.0518586
7 0.0539348
8 0.0556251
9 0.0570523
10 0.0583027
11 0.0594359
12 0.0604918
13 0.0614963
14 0.0624653
15 0.0634081
16 0.0643295
17 0.0652316
18 0.0661148
19 0.0669785
20 0.0678218
21 0.0686433
22 0.0694419
23 0.0702167
24 0.0709667
25 0.0716912
26 0.0723898
27 0.0730616
28 0.0737066
29 0.0743248
30 0.0749164
31 0.0754815
32 0.0760205
33 0.0765338
34 0.0770218
35 0.0774849
36 0.0779219
37 0.0783328
38 0.0787186
39 0.0790804
40 0.0794193
41 0.0797362
42 0.0800319
43 0.0803073
44 0.0805632
45 0.0808004
46 0.0810195
47 0.0812213
48 0.0814065
49 0.0815757
50 0.0817297
51 0.0818691
52 0.0819945
53 0.0821065
54 0.0822058
55 0.0822929
56 0.0823683
57 0.0824328
58 0.0824868
59 0.0825309
60 0.0825656
61 0.0825915
62 0.0826089
63 0.0826184
64 0.0826204
65 0.0826153
66 0.0826036
67 0.0825855
68 0.0825615
69 0.0825318
70 0.0824966
71 0.0824563
72 0.0824109
73 0.0823606
74 0.0823055
75 0.0822456
76 0.082181
77 0.0821115
78 0.082037
79 0.0819574
80 0.0818724
81 0.0817817
82 0.081685
83 0.081582
84 0.0814723
85 0.0813553
86 0.0812307
87 0.0810979
88 0.0809564
89 0.0808058
90 0.0806456
91 0.0804751
92 0.080294
93 0.0801019
94 0.0798982
95 0.0796827
96 0.079455
97 0.0792148
98 0.0789619
99 0.0786949
100 0.0784141
101 0.0781197
102 0.0778121
103 0.0774916
104 0.0771585
105 0.0768132
106 0.076456
107 0.0760875
108 0.0757079
109 0.0753178
110 0.0749176
111 0.0745079
112 0.0740891
113 0.0736618
114 0.0732266
115 0.072784
116 0.0723345
117 0.0718787
118 0.0714172
119 0.0709505
120 0.0704791
121 0.0700034
122 0.0695241
123 0.0690414
124 0.068556
125 0.0680681
126 0.0675783
127 0.0670867
128 0.0665939
129 0.0661
130 0.0656054
131 0.0651103
132 0.064615
133 0.0641197
134 0.0636246
135 0.0631298
136 0.0626354
137 0.0621417
138 0.0616488
139 0.0611567
140 0.0606656
141 0.0601755
142 0.0596865
143 0.0591987
144 0.0587121
145 0.0582267
146 0.0577426
147 0.0572599
148 0.0567785
149 0.0562985
150 0.0558198
151 0.0553426
152 0.0548667
153 0.0543923
154 0.0539194
155 0.0534479
156 0.0529778
157 0.0525093
158 0.0520423
159 0.0515769
160 0.051113
161 0.0506508
162 0.0501903
163 0.0497316
164 0.0492748
165 0.0488199
166 0.0483672
167 0.0479167
168 0.0474685
169 0.0470229
170 0.0465801
171 0.0461403
172 0.0457038
173 0.0452708
174 0.0448416
175 0.0444166
176 0.0439962
177 0.0435807
178 0.0431706
179 0.0427665
180 0.0423687
181 0.0419778
182 0.0415944
183 0.0412192
184 0.0408526
185 0.0404955
186 0.0401483
187 0.039812
188 0.0394873
189 0.0391748
190 0.0388753
191 0.0385896
192 0.0383182
193 0.0380619
194 0.0378215
195 0.0375974
196 0.0373904
197 0.0372011
198 0.0370299
199 0.0368774
200 0.0367441
201 0.0366302
202 0.0365362
203 0.0364623
204 0.0364088
205 0.0363758
206 0.0363633
207 0.0363711
208 0.0363991
209 0.0364469
210 0.0365142
211 0.0366006
212 0.0367055
213 0.0368284
214 0.0369686
215 0.0371256
216 0.0372985
217 0.0374866
218 0.0376892
219 0.0379055
220 0.0381346
221 0.0383757
222 0.038628
223 0.0388907
224 0.0391629
225 0.0394438
226 0.0397327
227 0.0400286
228 0.0403309
229 0.0406388
230 0.0409516
231 0.0412686
232 0.0415892
233 0.0419127
234 0.0422385
235 0.042566
236 0.0428948
237 0.0432243
238 0.0435541
239 0.0438836
240 0.0442126
241 0.0445405
242 0.0448671
243 0.045192
244 0.045515
245 0.0458356
246 0.0461538
247 0.0464691
248 0.0467815
249 0.0470907
250 0.0473966
251 0.0476988
252 0.0479972
253 0.0482917
254 0.0485822
255 0.0488686
256 0.0491507
257 0.0494284
258 0.0497017
259 0.0499705
260 0.0502345
261 0.0504938
262 0.0507482
263 0.0509977
264 0.0512421
265 0.0514814
266 0.0517153
267 0.0519439
268 0.0521671
269 0.0523846
270 0.0525964
271 0.0528024
272 0.0530025
273 0.0531965
274 0.0533843
275 0.0535656
276 0.0537403
277 0.0539084
278 0.0540697
279 0.054224
280 0.0543714
281 0.0545116
282 0.0546445
283 0.05477
284 0.0548879
285 0.054998
286 0.0551002
287 0.0551943
288 0.0552802
289 0.0553577
290 0.0554267
291 0.055487
292 0.0555386
293 0.0555811
294 0.0556147
295 0.055639
296 0.055654
297 0.0556597
298 0.0556558
299 0.0556423
300 0.0556191
301 0.0555861
302 0.0555433
303 0.0554906
304 0.055428
305 0.0553555
306 0.055273
307 0.0551805
308 0.055078
309 0.0549655
310 0.0548432
311 0.0547109
312 0.0545687
313 0.0544168
314 0.0542551
315 0.0540838
316 0.0539029
317 0.0537125
318 0.0535127
319 0.0533037
320 0.0530855
321 0.0528583
322 0.0526222
323 0.0523774
324 0.052124
325 0.0518622
326 0.051592
327 0.0513138
328 0.0510276
329 0.0507337
330 0.0504321
331 0.0501231
332 0.0498068
333 0.0494835
334 0.0491533
335 0.0488163
336 0.0484728
337 0.048123
338 0.047767
339 0.0474049
340 0.0470371
341 0.0466635
342 0.0462845
343 0.0459001
344 0.0455105
345 0.0451159
346 0.0447164
347 0.0443122
348 0.0439035
349 0.0434904
350 0.0430731
351 0.0426517
352 0.0422264
353 0.0417973
354 0.0413646
355 0.0409283
356 0.0404887
357 0.0400458
358 0.0395998
359 0.0391509
360 0.0386991
361 0.0382447
362 0.0377876
363 0.0373282
364 0.0368665
365 0.0364027
366 0.035937
367 0.0354694
368 0.0350002
369 0.0345296
370 0.0340577
371 0.0335847
372 0.0331108
373 0.0326362
374 0.0321612
375 0.0316859
376 0.0312108
377 0.0307361
378 0.030262
379 0.0297888
380 0.029317
381 0.0288468
382 0.0283786
383 0.0279127
384 0.0274497
385 0.0269899
386 0.0265337
387 0.0260818
388 0.0256346
389 0.0251926
390 0.0247564
391 0.0243267
392 0.0239041
393 0.0234892
394 0.0230828
395 0.0226856
396 0.0222984
397 0.0219219
398 0.0215571
399 0.0212047
400 0.0208656
401 0.0205408
402 0.0202311
403 0.0199373
404 0.0196604
405 0.0194012
406 0.0191607
407 0.0189395
408 0.0187386
409 0.0185585
410 0.0183999
411 0.0182634
412 0.0181493
413 0.0180579
414 0.0179896
415 0.0179445
416 0.0179227
417 0.0179242
418 0.0179487
419 0.017996
420 0.0180656
421 0.0181569
422 0.0182694
423 0.0184023
424 0.0185548
425 0.0187261
426 0.0189153
427 0.0191213
428 0.0193433
429 0.0195803
430 0.0198312
431 0.0200951
432 0.0203711
433 0.0206582
434 0.0209554
435 0.0212618
436 0.0215766
437 0.0218989
438 0.022228
439 0.0225629
440 0.0229029
441 0.0232475
442 0.0235958
443 0.0239473
444 0.0243013
445 0.0246574
446 0.0250148
447 0.0253732
448 0.0257319
449 0.0260906
450 0.0264488
451 0.0268062
452 0.0271623
453 0.0275169
454 0.0278696
455 0.02822
456 0.028568
457 0.0289131
458 0.0292552
459 0.0295939
460 0.0299291
461 0.0302605
462 0.0305879
463 0.0309111
464 0.0312298
465 0.031544
466 0.0318535
467 0.032158
468 0.0324575
469 0.0327517
470 0.0330406
471 0.0333241
472 0.0336019
473 0.033874
474 0.0341402
475 0.0344004
476 0.0346545
477 0.0349024
478 0.035144
479 0.0353792
480 0.0356079
481 0.03583
482 0.0360454
483 0.036254
484 0.0364557
485 0.0366505
486 0.0368382
487 0.0370188
488 0.0371922
489 0.0373583
490 0.0375171
491 0.0376684
492 0.0378123
493 0.0379487
494 0.0380774
495 0.0381985
496 0.0383119
497 0.0384174
498 0.0385152
499 0.038605
500 0.0386869
501 0.0387607
502 0.0388265
503 0.0388843
504 0.0389341
505 0.0389757
506 0.0390093
507 0.0390348
508 0.0390522
509 0.0390614
510 0.0390625
511 0.0390555
512 0.0390403
513 0.039017
514 0.0389855
515 0.0389459
516 0.0388982
517 0.0388425
518 0.0387786
519 0.0387067
520 0.0386269
521 0.038539
522 0.0384433
523 0.0383396
524 0.0382281
525 0.0381089
526 0.0379819
527 0.0378473
528 0.037705
529 0.0375553
530 0.037398
531 0.0372334
532 0.0370615
533 0.0368824
534 0.0366961
535 0.0365027
536 0.0363024
537 0.0360953
538 0.0358813
539 0.0356607
540 0.0354335
541 0.0351998
542 0.0349597
543 0.0347134
544 0.0344609
545 0.0342024
546 0.033938
547 0.0336678
548 0.0333919
549 0.0331105
550 0.0328236
551 0.0325314
552 0.032234
553 0.0319315
554 0.031624
555 0.0313118
556 0.0309949
557 0.0306734
558 0.0303475
559 0.0300173
560 0.0296831
561 0.0293448
562 0.0290027
563 0.0286569
564 0.0283076
565 0.0279549
566 0.0275991
567 0.0272402
568 0.0268783
569 0.0265136
570 0.0261464
571 0.0257768
572 0.0254051
573 0.0250315
574 0.0246562
575 0.0242794
576 0.0239014
577 0.0235225
578 0.0231428
579 0.0227626
580 0.0223822
581 0.0220019
582 0.021622
583 0.0212428
584 0.0208646
585 0.0204879
586 0.0201129
587 0.01974
588 0.0193698
589 0.0190026
590 0.0186388
591 0.0182791
592 0.0179238
593 0.0175736
594 0.0172291
595 0.0168908
596 0.0165594
597 0.0162356
598 0.01592
599 0.0156136
600 0.0153169
601 0.0150309
602 0.0147564
603 0.0144942
604 0.0142452
605 0.0140104
606 0.0137905
607 0.0135865
608 0.0133992
609 0.0132294
610 0.0130781
611 0.0129458
612 0.0128332
613 0.012741
614 0.0126695
615 0.0126192
616 0.0125902
617 0.0125829
618 0.012597
619 0.0126326
620 0.0126893
621 0.0127667
622 0.0128643
623 0.0129815
624 0.0131177
625 0.0132719
626 0.0134434
627 0.0136314
628 0.0138348
629 0.0140529
630 0.0142846
631 0.014529
632 0.0147852
633 0.0150523
634 0.0153295
635 0.0156159
636 0.0159106
637 0.016213
638 0.0165222
639 0.0168375
640 0.0171584
641 0.017484
642 0.0178138
643 0.0181473
644 0.0184838
645 0.018823
646 0.0191642
647 0.019507
648 0.0198509
649 0.0201955
650 0.0205404
651 0.0208854
652 0.0212301
653 0.0215742
654 0.0219174
655 0.0222594
656 0.0225999
657 0.0229387
658 0.0232754
659 0.0236099
660 0.0239419
661 0.0242713
662 0.0245977
663 0.0249211
664 0.0252411
665 0.0255577
666 0.0258707
667 0.0261799
668 0.0264851
669 0.0267863
670 0.0270832
671 0.0273757
672 0.0276637
673 0.0279471
674 0.0282258
675 0.0284996
676 0.0287684
677 0.0290322
678 0.0292908
679 0.0295441
680 0.0297921
681 0.0300347
682 0.0302718
683 0.0305032
684 0.030729
685 0.030949
686 0.0311632
687 0.0313715
688 0.0315738
689 0.0317701
690 0.0319603
691 0.0321443
692 0.0323222
693 0.0324937
694 0.032659
695 0.0328179
696 0.0329704
697 0.0331164
698 0.033256
699 0.033389
700 0.0335154
701 0.0336353
702 0.0337485
703 0.033855
704 0.0339549
705 0.034048
706 0.0341344
707 0.0342141
708 0.034287
709 0.0343531
710 0.0344124
711 0.0344649
712 0.0345106
713 0.0345494
714 0.0345812
715 0.0346062
716 0.0346244
717 0.0346356
718 0.03464
719 0.0346376
720 0.0346284
721 0.0346123
722 0.0345894
723 0.0345598
724 0.0345234
725 0.0344803
726 0.0344304
727 0.0343738
728 0.0343106
729 0.0342407
730 0.0341641
731 0.034081
732 0.0339913
733 0.0338951
734 0.0337924
735 0.0336833
736 0.0335677
737 0.0334458
738 0.0333175
739 0.033183
740 0.0330423
741 0.0328954
742 0.0327424
743 0.0325833
744 0.0324182
745 0.0322472
746 0.0320703
747 0.0318875
748 0.0316991
749 0.0315049
750 0.0313052
751 0.0310999
752 0.0308892
753 0.030673
754 0.0304516
755 0.0302249
756 0.029993
757 0.0297561
758 0.0295141
759 0.0292673
760 0.0290156
761 0.0287591
762 0.028498
763 0.0282324
764 0.0279623
765 0.0276878
766 0.027409
767 0.0271261
768 0.0268391
769 0.0265482
770 0.0262533
771 0.0259547
772 0.0256525
773 0.0253467
774 0.0250376
775 0.0247251
776 0.0244095
777 0.0240908
778 0.0237693
779 0.023445
780 0.023118
781 0.0227886
782 0.0224569
783 0.022123
784 0.0217871
785 0.0214493
786 0.0211098
787 0.0207688
788 0.0204263
789 0.0200827
790 0.019738
791 0.0193926
792 0.0190466
793 0.0187003
794 0.018354
795 0.0180079
796 0.0176622
797 0.0173172
798 0.0169733
799 0.0166307
800 0.0162897
801 0.0159507
802 0.015614
803 0.0152801
804 0.0149493
805 0.0146221
806 0.0142989
807 0.0139803
808 0.0136667
809 0.0133586
810 0.0130568
811 0.0127617
812 0.0124741
813 0.0121946
814 0.0119239
815 0.0116629
816 0.0114122
817 0.0111728
818 0.0109454
819 0.0107309
820 0.0105302
821 0.0103441
822 0.0101734
823 0.0100191
824 0.00988177
825 0.00976224
826 0.00966112
827 0.00957895
828 0.00951615
829 0.00947303
830 0.00944976
831 0.00944637
832 0.00946274
833 0.00949862
834 0.00955363
835 0.00962726
836 0.00971889
837 0.00982781
838 0.00995324
839 0.0100943
840 0.0102502
841 0.0104198
842 0.0106024
843 0.010797
844 0.0110026
845 0.0112185
846 0.0114436
847 0.0116772
848 0.0119184
849 0.0121666
850 0.0124209
851 0.0126807
852 0.0129453
853 0.013214
854 0.0134864
855 0.013762
856 0.0140402
857 0.0143206
858 0.0146027
859 0.0148862
860 0.0151707
861 0.0154557
862 0.0157411
863 0.0160263
864 0.0163112
865 0.0165954
866 0.0168786
867 0.0171607
868 0.0174414
869 0.0177204
870 0.0179976
871 0.0182727
872 0.0185456
873 0.0188161
874 0.019084
875 0.0193491
876 0.0196113
877 0.0198705
878 0.0201265
879 0.0203792
880 0.0206284
881 0.020874
882 0.021116
883 0.0213541
884 0.0215884
885 0.0218186
886 0.0220448
887 0.0222667
888 0.0224844
889 0.0226977
890 0.0229066
891 0.0231109
892 0.0233107
893 0.0235058
894 0.0236962
895 0.0238817
896 0.0240625
897 0.0242383
898 0.0244091
899 0.0245749
900 0.0247356
901 0.0248912
902 0.0250417
903 0.0251869
904 0.0253269
905 0.0254616
906 0.025591
907 0.025715
908 0.0258336
909 0.0259467
910 0.0260545
911 0.0261567
912 0.0262535
913 0.0263447
914 0.0264304
915 0.0265105
916 0.0265851
917 0.026654
918 0.0267173
919 0.026775
920 0.026827
921 0.0268734
922 0.0269142
923 0.0269493
924 0.0269787
925 0.0270026
926 0.0270208
927 0.0270334
928 0.0270403
929 0.0270416
930 0.0270374
931 0.0270275
932 0.027012
933 0.0269909
934 0.0269643
935 0.0269321
936 0.0268944
937 0.0268512
938 0.0268025
939 0.0267483
940 0.0266887
941 0.0266237
942 0.0265533
943 0.0264776
944 0.0263965
945 0.0263102
946 0.0262186
947 0.0261218
948 0.0260198
949 0.0259127
950 0.0258005
951 0.0256833
952 0.025561
953 0.0254338
954 0.0253016
955 0.0251646
956 0.0250228
957 0.0248762
958 0.0247249
959 0.024569
960 0.0244084
961 0.0242433
962 0.0240738
963 0.0238998
964 0.0237215
965 0.0235388
966 0.023352
967 0.023161
968 0.0229659
969 0.0227668
970 0.0225638
971 0.0223569
972 0.0221463
973 0.0219319
974 0.0217139
975 0.0214923
976 0.0212673
977 0.0210389
978 0.0208072
979 0.0205723
980 0.0203344
981 0.0200934
982 0.0198496
983 0.019603
984 0.0193537
985 0.0191019
986 0.0188477
987 0.0185911
988 0.0183322
989 0.0180714
990 0.0178085
991 0.0175438
992 0.0172775
993 0.0170096
994 0.0167403
995 0.0164698
996 0.0161982
997 0.0159257
998 0.0156525
999 0.0153787
1000 0.0151046
1001 0.0148304
1002 0.0145562
1003 0.0142822
1004 0.0140089
1005 0.0137362
1006 0.0134646
1007 0.0131943
1008 0.0129256
1009 0.0126588
1010 0.0123942
1011 0.0121322
1012 0.0118731
1013 0.0116173
1014 0.0113652
1015 0.0111173
1016 0.010874
1017 0.0106359
1018 0.0104034
1019 0.010177
1020 0.00995739
1021 0.00974511
1022 0.00954081
1023 0.00934511
1024 0.00915868
1025 0.00898221
1026 0.00881638
1027 0.00866188
1028 0.0085194
1029 0.00838959
1030 0.00827301
1031 0.00817029
1032 0.00808196
1033 0.00800853
1034 0.00795041
1035 0.00790792
1036 0.00788127
1037 0.00787057
1038 0.00787583
1039 0.00789692
1040 0.00793362
1041 0.0079856
1042 0.00805244
1043 0.00813364
1044 0.00822863
1045 0.00833676
1046 0.00845737
1047 0.00858975
1048 0.00873318
1049 0.00888692
1050 0.00905026
1051 0.00922247
1052 0.00940285
1053 0.00959073
1054 0.00978544
1055 0.00998636
1056 0.0101929
1057 0.0104045
1058 0.0106205
1059 0.0108406
1060 0.0110642
1061 0.0112908
1062 0.0115201
1063 0.0117516
1064 0.011985
1065 0.0122199
1066 0.0124559
1067 0.0126929
1068 0.0129304
1069 0.0131682
1070 0.0134061
1071 0.0136437
1072 0.013881
1073 0.0141176
1074 0.0143534
1075 0.0145881
1076 0.0148215
1077 0.0150535
1078 0.015284
1079 0.0155127
1080 0.0157396
1081 0.0159644
1082 0.0161871
1083 0.0164076
1084 0.0166257
1085 0.0168414
1086 0.0170544
1087 0.0172647
1088 0.0174722
1089 0.0176768
1090 0.0178784
1091 0.018077
1092 0.0182723
1093 0.0184644
1094 0.0186532
1095 0.0188386
1096 0.0190205
1097 0.0191989
1098 0.0193736
1099 0.0195447
1100 0.019712
1101 0.0198756
1102 0.0200353
1103 0.0201911
1104 0.0203429
1105 0.0204907
1106 0.0206345
1107 0.0207742
1108 0.0209098
1109 0.0210412
1110 0.0211684
1111 0.0212913
1112 0.02141
1113 0.0215243
1114 0.0216343
1115 0.0217399
1116 0.0218411
1117 0.0219379
1118 0.0220303
1119 0.0221182
1120 0.0222016
1121 0.0222805
1122 0.0223548
1123 0.0224246
1124 0.0224899
1125 0.0225505
1126 0.0226066
1127 0.0226581
1128 0.022705
1129 0.0227473
1130 0.022785
1131 0.0228181
1132 0.0228465
1133 0.0228704
1134 0.0228897
1135 0.0229043
1136 0.0229144
1137 0.0229198
1138 0.0229207
1139 0.022917
1140 0.0229087
1141 0.0228958
1142 0.0228784
1143 0.0228564
1144 0.02283
1145 0.022799
1146 0.0227635
1147 0.0227236
1148 0.0226792
1149 0.0226304
1150 0.0225771
1151 0.0225195
1152 0.0224576
1153 0.0223913
1154 0.0223207
1155 0.0222458
1156 0.0221667
1157 0.0220834
1158 0.0219959
1159 0.0219043
1160 0.0218085
1161 0.0217087
1162 0.0216049
1163 0.021497
1164 0.0213852
1165 0.0212696
1166 0.02115
1167 0.0210267
1168 0.0208995
1169 0.0207687
1170 0.0206342
1171 0.0204962
1172 0.0203545
1173 0.0202094
1174 0.0200608
1175 0.0199088
1176 0.0197535
1177 0.0195949
1178 0.0194331
1179 0.0192681
1180 0.0191001
1181 0.0189291
1182 0.0187551
1183 0.0185783
1184 0.0183987
1185 0.0182163
1186 0.0180313
1187 0.0178438
1188 0.0176537
1189 0.0174613
1190 0.0172665
1191 0.0170695
1192 0.0168704
1193 0.0166693
1194 0.0164662
1195 0.0162613
1196 0.0160547
1197 0.0158464
1198 0.0156367
1199 0.0154255
1200 0.0152129
1201 0.0149993
1202 0.0147845
1203 0.0145688
1204 0.0143524
1205 0.0141353
1206 0.0139177
1207 0.0136998
1208 0.0134817
1209 0.0132636
1210 0.0130456
1211 0.012828
1212 0.0126109
1213 0.0123945
1214 0.012179
1215 0.0119647
1216 0.0117517
1217 0.0115404
1218 0.0113309
1219 0.0111235
1220 0.0109185
1221 0.0107162
1222 0.0105168
1223 0.0103208
1224 0.0101283
1225 0.00993973
1226 0.00975548
1227 0.00957589
1228 0.00940136
1229 0.00923227
1230 0.00906905
1231 0.0089121
1232 0.00876186
1233 0.00861876
1234 0.00848323
1235 0.00835571
1236 0.00823662
1237 0.00812638
1238 0.0080254
1239 0.00793406
1240 0.0078527
1241 0.00778167
1242 0.00772123
1243 0.00767162
1244 0.00763305
1245 0.00760563
1246 0.00758946
1247 0.00758455
1248 0.00759087
1249 0.0076083
1250 0.00763671
1251 0.00767585
1252 0.00772548
1253 0.00778527
1254 0.00785489
1255 0.00793396
1256 0.00802207
1257 0.00811879
1258 0.00822369
1259 0.0083363
1260 0.00845615
1261 0.00858278
1262 0.00871573
1263 0.00885456
1264 0.0089988
1265 0.00914804
1266 0.00930185
1267 0.00945983
1268 0.00962169
1269 0.00978699
1270 0.00995534
1271 0.0101264
1272 0.0102998
1273 0.0104752
1274 0.0106525
1275 0.0108312
1276 0.0110112
1277 0.0111921
1278 0.0113738
1279 0.011556
1280 0.0117385
1281 0.0119211
1282 0.0121037
1283 0.012286
1284 0.0124678
1285 0.012649
1286 0.0128295
1287 0.0130091
1288 0.0131876
1289 0.0133649
1290 0.0135409
1291 0.0137155
1292 0.0138885
1293 0.0140598
1294 0.0142294
1295 0.0143971
1296 0.0145628
1297 0.0147264
1298 0.0148879
1299 0.0150472
1300 0.0152041
1301 0.0153586
1302 0.0155107
1303 0.0156602
1304 0.0158071
1305 0.0159513
1306 0.0160927
1307 0.0162313
1308 0.0163671
1309 0.0165
1310 0.0166299
1311 0.0167568
1312 0.0168806
1313 0.0170012
1314 0.0171187
1315 0.017233
1316 0.0173441
1317 0.0174518
1318 0.0175562
1319 0.0176573
1320 0.017755
1321 0.0178492
1322 0.01794
1323 0.0180273
1324 0.0181111
1325 0.0181914
1326 0.0182681
1327 0.0183412
1328 0.0184107
1329 0.0184766
1330 0.0185388
1331 0.0185974
1332 0.0186523
1333 0.0187036
1334 0.0187511
1335 0.0187949
1336 0.0188351
1337 0.0188714
1338 0.0189041
1339 0.018933
1340 0.0189581
1341 0.0189796
1342 0.0189972
1343 0.0190111
1344 0.0190213
1345 0.0190277
1346 0.0190303
1347 0.0190292
1348 0.0190244
1349 0.0190158
1350 0.0190035
1351 0.0189875
1352 0.0189678
1353 0.0189444
1354 0.0189173
1355 0.0188865
1356 0.018852
1357 0.018814
1358 0.0187722
1359 0.0187269
1360 0.018678
1361 0.0186255
1362 0.0185695
1363 0.01851
1364 0.0184469
1365 0.0183803
1366 0.0183103
1367 0.0182369
1368 0.0181601
1369 0.0180799
1370 0.0179963
1371 0.0179095
1372 0.0178193
1373 0.0177259
1374 0.0176293
1375 0.0175296
1376 0.0174266
1377 0.0173206
1378 0.0172115
1379 0.0170994
1380 0.0169843
1381 0.0168663
1382 0.0167454
1383 0.0166216
1384 0.016495
1385 0.0163657
1386 0.0162336
1387 0.0160989
1388 0.0159616
1389 0.0158217
1390 0.0156793
1391 0.0155344
1392 0.0153872
1393 0.0152377
1394 0.0150858
1395 0.0149318
1396 0.0147756
1397 0.0146174
1398 0.0144571
1399 0.0142949
1400 0.0141309
1401 0.013965
1402 0.0137975
1403 0.0136283
1404 0.0134575
1405 0.0132853
1406 0.0131116
1407 0.0129366
1408 0.0127605
1409 0.0125832
1410 0.0124048
1411 0.0122256
1412 0.0120455
1413 0.0118647
1414 0.0116833
1415 0.0115015
1416 0.0113192
1417 0.0111368
1418 0.0109542
1419 0.0107717
1420 0.0105894
1421 0.0104075
1422 0.010226
1423 0.0100452
1424 0.0098652
1425 0.00968625
1426 0.00950852
1427 0.0093322
1428 0.0091575
1429 0.00898465
1430 0.00881388
1431 0.00864544
1432 0.00847958
1433 0.00831656
1434 0.00815668
1435 0.00800022
1436 0.0078475
1437 0.00769882
1438 0.00755453
1439 0.00741496
1440 0.00728048
1441 0.00715143
1442 0.00702819
1443 0.00691114
1444 0.00680065
1445 0.00669708
1446 0.00660082
1447 0.00651222
1448 0.00643161
1449 0.00635933
1450 0.00629566
1451 0.00624087
1452 0.00619519
1453 0.00615881
1454 0.00613186
1455 0.00611444
1456 0.00610658
1457 0.00610827
1458 0.00611944
1459 0.00613998
1460 0.00616972
1461 0.00620843
1462 0.00625587
1463 0.00631173
1464 0.00637571
1465 0.00644743
1466 0.00652654
1467 0.00661265
1468 0.00670536
1469 0.00680427
1470 0.00690898
1471 0.0070191
1472 0.00713423
1473 0.00725399
1474 0.00737801
1475 0.00750592
1476 0.00763738
1477 0.00777206
1478 0.00790963
1479 0.00804979
1480 0.00819224
1481 0.00833672
1482 0.00848297
1483 0.00863072
1484 0.00877974
1485 0.00892982
1486 0.00908074
1487 0.00923229
1488 0.00938429
1489 0.00953656
1490 0.00968893
1491 0.00984123
1492 0.00999331
1493 0.010145
1494 0.0102963
1495 0.0104468
1496 0.0105967
1497 0.0107456
1498 0.0108936
1499 0.0110405
1500 0.0111861
1501 0.0113305
1502 0.0114735
1503 0.011615
1504 0.011755
1505 0.0118933
1506 0.0120299
1507 0.0121647
1508 0.0122977
1509 0.0124287
1510 0.0125577
1511 0.0126847
1512 0.0128095
1513 0.0129322
1514 0.0130526
1515 0.0131708
1516 0.0132866
1517 0.0134
1518 0.0135111
1519 0.0136196
1520 0.0137257
1521 0.0138292
1522 0.0139301
1523 0.0140284
1524 0.014124
1525 0.0142169
1526 0.0143071
1527 0.0143945
1528 0.0144792
1529 0.014561
1530 0.01464
1531 0.0147161
1532 0.0147894
1533 0.0148597
1534 0.0149271
1535 0.0149915
1536 0.015053
1537 0.0151115
1538 0.015167
1539 0.0152194
1540 0.0152688
1541 0.0153152
1542 0.0153585
1543 0.0153988
1544 0.0154359
1545 0.01547
1546 0.015501
1547 0.0155289
1548 0.0155537
1549 0.0155754
1550 0.0155939
1551 0.0156094
1552 0.0156217
1553 0.0156309
1554 0.015637
1555 0.01564
1556 0.0156399
1557 0.0156367
1558 0.0156303
1559 0.0156209
1560 0.0156084
1561 0.0155928
1562 0.0155741
1563 0.0155524
1564 0.0155276
1565 0.0154998
1566 0.0154689
1567 0.015435
1568 0.0153981
1569 0.0153583
1570 0.0153154
1571 0.0152697
1572 0.0152209
1573 0.0151693
1574 0.0151147
1575 0.0150573
1576 0.014997
1577 0.0149339
1578 0.014868
1579 0.0147993
1580 0.0147278
1581 0.0146536
1582 0.0145767
1583 0.0144971
1584 0.0144149
1585 0.01433
1586 0.0142426
1587 0.0141525
1588 0.01406
1589 0.013965
1590 0.0138675
1591 0.0137675
1592 0.0136652
1593 0.0135606
1594 0.0134536
1595 0.0133443
1596 0.0132329
1597 0.0131192
1598 0.0130034
1599 0.0128855
1600 0.0127655
1601 0.0126435
1602 0.0125196
1603 0.0123937
1604 0.012266
1605 0.0121364
1606 0.0120051
1607 0.0118721
1608 0.0117375
1609 0.0116012
1610 0.0114635
1611 0.0113242
1612 0.0111836
1613 0.0110416
1614 0.0108983
1615 0.0107539
1616 0.0106083
1617 0.0104616
1618 0.010314
1619 0.0101655
1620 0.0100161
1621 0.00986603
1622 0.00971529
1623 0.009564
1624 0.00941225
1625 0.00926015
1626 0.00910779
1627 0.00895529
1628 0.00880275
1629 0.0086503
1630 0.00849806
1631 0.00834616
1632 0.00819474
1633 0.00804394
1634 0.00789391
1635 0.0077448
1636 0.0075968
1637 0.00745006
1638 0.00730477
1639 0.00716114
1640 0.00701936
1641 0.00687964
1642 0.00674222
1643 0.00660733
1644 0.00647522
1645 0.00634616
1646 0.0062204
1647 0.00609825
1648 0.00597999
1649 0.00586594
1650 0.0057564
1651 0.0056517
1652 0.00555217
1653 0.00545814
1654 0.00536994
1655 0.0052879
1656 0.00521234
1657 0.00514358
1658 0.0050819
1659 0.00502757
1660 0.00498084
1661 0.00494191
1662 0.00491097
1663 0.00488814
1664 0.0048735
1665 0.0048671
1666 0.00486893
1667 0.00487892
1668 0.00489698
1669 0.00492295
1670 0.00495663
1671 0.0049978
1672 0.00504619
1673 0.00510151
1674 0.00516344
1675 0.00523165
1676 0.00530581
1677 0.00538554
1678 0.00547051
1679 0.00556037
1680 0.00565475
1681 0.00575332
1682 0.00585575
1683 0.00596172
1684 0.00607091
1685 0.00618303
1686 0.00629778
1687 0.00641491
1688 0.00653414
1689 0.00665524
1690 0.00677798
1691 0.00690212
1692 0.00702747
1693 0.00715383
1694 0.00728101
1695 0.00740883
1696 0.00753714
1697 0.00766576
1698 0.00779456
1699 0.0079234
1700 0.00805213
1701 0.00818065
1702 0.00830882
1703 0.00843653
1704 0.00856369
1705 0.00869018
1706 0.00881591
1707 0.00894079
1708 0.00906473
1709 0.00918765
1710 0.00930948
1711 0.00943012
1712 0.00954952
1713 0.00966761
1714 0.00978431
1715 0.00989957
1716 0.0100133
1717 0.0101255
1718 0.0102361
1719 0.010345
1720 0.0104522
1721 0.0105577
1722 0.0106613
1723 0.0107631
1724 0.0108629
1725 0.0109609
1726 0.0110569
1727 0.0111508
1728 0.0112427
1729 0.0113325
1730 0.0114202
1731 0.0115058
1732 0.0115892
1733 0.0116704
1734 0.0117493
1735 0.011826
1736 0.0119004
1737 0.0119725
1738 0.0120423
1739 0.0121097
1740 0.0121748
1741 0.0122375
1742 0.0122977
1743 0.0123556
1744 0.012411
1745 0.012464
1746 0.0125145
1747 0.0125625
1748 0.012608
1749 0.012651
1750 0.0126915
1751 0.0127295
1752 0.012765
1753 0.0127979
1754 0.0128283
1755 0.0128561
1756 0.0128813
1757 0.0129041
1758 0.0129242
1759 0.0129418
1760 0.0129568
1761 0.0129693
1762 0.0129792
1763 0.0129865
1764 0.0129913
1765 0.0129935
1766 0.0129932
1767 0.0129903
1768 0.0129848
1769 0.0129768
1770 0.0129663
1771 0.0129533
1772 0.0129377
1773 0.0129197
1774 0.0128991
1775 0.0128761
1776 0.0128505
1777 0.0128225
1778 0.0127921
1779 0.0127592
1780 0.0127239
1781 0.0126862
1782 0.0126461
1783 0.0126036
1784 0.0125588
1785 0.0125116
1786 0.0124621
1787 0.0124103
1788 0.0123562
1789 0.0122999
1790 0.0122413
1791 0.0121805
1792 0.0121176
1793 0.0120524
1794 0.0119851
1795 0.0119158
1796 0.0118443
1797 0.0117707
1798 0.0116952
1799 0.0116176
1800 0.0115381
1801 0.0114566
1802 0.0113732
1803 0.0112879
1804 0.0112008
1805 0.0111119
1806 0.0110212
1807 0.0109288
1808 0.0108347
1809 0.010739
1810 0.0106416
1811 0.0105427
1812 0.0104422
1813 0.0103402
1814 0.0102368
1815 0.010132
1816 0.0100258
1817 0.00991833
1818 0.0098096
1819 0.00969968
1820 0.0095886
1821 0.00947642
1822 0.00936321
1823 0.00924902
1824 0.0091339
1825 0.00901792
1826 0.00890115
1827 0.00878364
1828 0.00866548
1829 0.00854672
1830 0.00842744
1831 0.00830771
1832 0.00818762
1833 0.00806725
1834 0.00794667
1835 0.00782598
1836 0.00770527
1837 0.00758464
1838 0.00746418
1839 0.00734399
1840 0.00722419
1841 0.00710488
1842 0.00698619
1843 0.00686823
1844 0.00675113
1845 0.00663503
1846 0.00652007
1847 0.00640639
1848 0.00629414
1849 0.00618349
1850 0.00607459
1851 0.00596763
1852 0.00586277
1853 0.00576021
1854 0.00566014
1855 0.00556275
1856 0.00546826
1857 0.00537687
1858 0.0052888
1859 0.00520427
1860 0.0051235
1861 0.00504672
1862 0.00497414
1863 0.00490598
1864 0.00484247
1865 0.00478381
1866 0.00473021
1867 0.00468184
1868 0.00463888
1869 0.00460149
1870 0.0045698
1871 0.00454393
1872 0.00452395
1873 0.00450994
1874 0.00450191
1875 0.00449989
1876 0.00450383
1877 0.00451368
1878 0.00452937
1879 0.00455077
1880 0.00457776
1881 0.00461018
1882 0.00464786
1883 0.00469059
1884 0.00473817
1885 0.00479039
1886 0.00484701
1887 0.0049078
1888 0.00497252
1889 0.00504094
1890 0.00511282
1891 0.00518792
1892 0.00526601
1893 0.00534687
1894 0.00543027
1895 0.005516
1896 0.00560386
1897 0.00569364
1898 0.00578515
1899 0.00587821
1900 0.00597264
1901 0.00606828
1902 0.00616497
1903 0.00626255
1904 0.00636087
1905 0.00645981
1906 0.00655922
1907 0.00665898
1908 0.00675897
1909 0.00685908
1910 0.00695921
1911 0.00705923
1912 0.00715907
1913 0.00725863
1914 0.00735781
1915 0.00745653
1916 0.00755472
1917 0.00765229
1918 0.00774917
1919 0.0078453
1920 0.0079406
1921 0.00803501
1922 0.00812847
1923 0.00822092
1924 0.00831231
1925 0.00840258
1926 0.00849169
1927 0.00857957
1928 0.00866619
1929 0.0087515
1930 0.00883546
1931 0.00891803
1932 0.00899916
1933 0.00907882
1934 0.00915698
1935 0.00923359
1936 0.00930863
1937 0.00938207
1938 0.00945386
1939 0.00952399
1940 0.00959243
1941 0.00965914
1942 0.00972411
1943 0.00978731
1944 0.00984871
1945 0.0099083
1946 0.00996605
1947 0.0100219
1948 0.010076
1949 0.0101281
1950 0.0101783
1951 0.0102266
1952 0.0102729
1953 0.0103173
1954 0.0103597
1955 0.0104002
1956 0.0104386
1957 0.010475
1958 0.0105095
1959 0.0105418
1960 0.0105722
1961 0.0106005
1962 0.0106268
1963 0.010651
1964 0.0106732
1965 0.0106933
1966 0.0107113
1967 0.0107273
1968 0.0107411
1969 0.010753
1970 0.0107627
1971 0.0107704
1972 0.0107759
1973 0.0107795
1974 0.0107809
1975 0.0107803
1976 0.0107776
1977 0.0107728
1978 0.010766
1979 0.0107571
1980 0.0107462
1981 0.0107333
1982 0.0107183
1983 0.0107013
1984 0.0106823
1985 0.0106613
1986 0.0106383
1987 0.0106133
1988 0.0105863
1989 0.0105574
1990 0.0105265
1991 0.0104937
1992 0.010459
1993 0.0104224
1994 0.0103838
1995 0.0103434
1996 0.0103012
1997 0.0102571
1998 0.0102112
1999 0.0101635
2000 0.010114
2001 0.0100628
2002 0.0100098
2003 0.00995507
2004 0.00989866
2005 0.00984059
2006 0.00978086
2007 0.00971952
2008 0.00965657
2009 0.00959205
2010 0.00952599
2011 0.00945841
2012 0.00938934
2013 0.00931882
2014 0.00924686
2015 0.00917351
2016 0.00909879
2017 0.00902274
2018 0.0089454
2019 0.00886679
2020 0.00878695
2021 0.00870593
2022 0.00862375
2023 0.00854046
2024 0.00845609
2025 0.0083707
2026 0.00828432
2027 0.00819699
2028 0.00810877
2029 0.00801969
2030 0.00792981
2031 0.00783918
2032 0.00774785
2033 0.00765586
2034 0.00756328
2035 0.00747016
2036 0.00737657
2037 0.00728255
2038 0.00718817
2039 0.00709351
2040 0.00699862
2041 0.00690357
2042 0.00680844
2043 0.0067133
2044 0.00661823
2045 0.00652331
2046 0.00642862
2047 0.00633425
2048 0.00624029
2049 0.00614683
2050 0.00605397
2051 0.00596182
2052 0.00587047
2053 0.00578004
2054 0.00569064
2055 0.00560238
2056 0.00551539
2057 0.00542978
2058 0.0053457
2059 0.00526327
2060 0.00518264
2061 0.00510394
2062 0.00502732
2063 0.00495293
2064 0.00488093
2065 0.00481146
2066 0.00474468
2067 0.00468075
2068 0.00461983
2069 0.00456207
2070 0.00450762
2071 0.00445664
2072 0.00440927
2073 0.00436564
2074 0.00432589
2075 0.00429014
2076 0.00425851
2077 0.00423108
2078 0.00420794
2079 0.00418916
2080 0.0041748
2081 0.00416489
2082 0.00415945
2083 0.00415847
2084 0.00416194
2085 0.00416982
2086 0.00418205
2087 0.00419857
2088 0.00421929
2089 0.00424409
2090 0.00427288
2091 0.00430552
2092 0.00434187
2093 0.00438179
2094 0.00442513
2095 0.00447173
2096 0.00452142
2097 0.00457405
2098 0.00462944
2099 0.00468744
2100 0.00474788
2101 0.00481059
2102 0.00487542
2103 0.0049422
2104 0.0050108
2105 0.00508105
2106 0.00515281
2107 0.00522594
2108 0.00530031
2109 0.00537579
2110 0.00545225
2111 0.00552957
2112 0.00560764
2113 0.00568634
2114 0.00576557
2115 0.00584522
2116 0.0059252
2117 0.00600541
2118 0.00608577
2119 0.00616619
2120 0.00624658
2121 0.00632688
2122 0.00640699
2123 0.00648686
2124 0.00656641
2125 0.00664558
2126 0.00672431
2127 0.00680252
2128 0.00688018
2129 0.00695721
2130 0.00703358
2131 0.00710922
2132 0.00718409
2133 0.00725814
2134 0.00733133
2135 0.00740361
2136 0.00747494
2137 0.00754529
2138 0.00761462
2139 0.00768288
2140 0.00775005
2141 0.00781608
2142 0.00788096
2143 0.00794464
2144 0.00800711
2145 0.00806832
2146 0.00812825
2147 0.00818688
2148 0.00824419
2149 0.00830013
2150 0.00835471
2151 0.00840788
2152 0.00845964
2153 0.00850996
2154 0.00855883
2155 0.00860621
2156 0.00865211
2157 0.00869649
2158 0.00873935
2159 0.00878067
2160 0.00882044
2161 0.00885864
2162 0.00889526
2163 0.00893029
2164 0.00896371
2165 0.00899553
2166 0.00902572
2167 0.00905428
2168 0.00908121
2169 0.00910649
2170 0.00913011
2171 0.00915208
2172 0.00917238
2173 0.00919101
2174 0.00920797
2175 0.00922325
2176 0.00923686
2177 0.00924878
2178 0.00925901
2179 0.00926756
2180 0.00927443
2181 0.00927961
2182 0.00928311
2183 0.00928493
2184 0.00928506
2185 0.00928352
2186 0.0092803
2187 0.00927541
2188 0.00926885
2189 0.00926063
2190 0.00925075
2191 0.00923923
2192 0.00922606
2193 0.00921125
2194 0.00919481
2195 0.00917675
2196 0.00915708
2197 0.00913581
2198 0.00911295
2199 0.0090885
2200 0.00906248
2201 0.00903491
2202 0.00900578
2203 0.00897513
2204 0.00894295
2205 0.00890927
2206 0.00887409
2207 0.00883744
2208 0.00879932
2209 0.00875976
2210 0.00871878
2211 0.00867638
2212 0.00863259
2213 0.00858743
2214 0.00854091
2215 0.00849306
2216 0.00844389
2217 0.00839344
2218 0.00834171
2219 0.00828873
2220 0.00823453
2221 0.00817912
2222 0.00812254
2223 0.00806481
2224 0.00800595
2225 0.007946
2226 0.00788497
2227 0.00782289
2228 0.00775981
2229 0.00769573
2230 0.00763071
2231 0.00756476
2232 0.00749791
2233 0.00743021
2234 0.00736169
2235 0.00729238
2236 0.00722231
2237 0.00715153
2238 0.00708007
2239 0.00700798
2240 0.00693528
2241 0.00686203
2242 0.00678826
2243 0.00671402
2244 0.00663936
2245 0.00656431
2246 0.00648894
2247 0.00641329
2248 0.0063374
2249 0.00626134
2250 0.00618515
2251 0.0061089
2252 0.00603263
2253 0.00595642
2254 0.00588031
2255 0.00580438
2256 0.00572869
2257 0.00565331
2258 0.0055783
2259 0.00550375
2260 0.00542971
2261 0.00535628
2262 0.00528353
2263 0.00521153
2264 0.00514038
2265 0.00507017
2266 0.00500097
2267 0.00493288
2268 0.004866
2269 0.00480041
2270 0.00473622
2271 0.00467353
2272 0.00461243
2273 0.00455304
2274 0.00449544
2275 0.00443976
2276 0.00438608
2277 0.00433452
2278 0.00428519
2279 0.00423818
2280 0.00419359
2281 0.00415152
2282 0.00411207
2283 0.00407533
2284 0.00404138
2285 0.00401031
2286 0.00398218
2287 0.00395707
2288 0.00393504
2289 0.00391612
2290 0.00390037
2291 0.00388781
2292 0.00387846
2293 0.00387234
2294 0.00386943
2295 0.00386974
2296 0.00387323
2297 0.00387987
2298 0.00388961
2299 0.00390241
2300 0.00391821
2301 0.00393692
2302 0.00395847
2303 0.00398277
2304 0.00400973
2305 0.00403926
2306 0.00407125
2307 0.0041056
2308 0.0041422
2309 0.00418093
2310 0.00422169
2311 0.00426436
2312 0.00430884
2313 0.004355
2314 0.00440275
2315 0.00445196
2316 0.00450254
2317 0.00455437
2318 0.00460735
2319 0.00466139
2320 0.00471638
2321 0.00477223
2322 0.00482884
2323 0.00488613
2324 0.004944
2325 0.00500239
2326 0.00506119
2327 0.00512034
2328 0.00517976
2329 0.00523938
2330 0.00529913
2331 0.00535894
2332 0.00541875
2333 0.00547849
2334 0.0055381
2335 0.00559753
2336 0.00565672
2337 0.00571563
2338 0.00577419
2339 0.00583236
2340 0.00589009
2341 0.00594734
2342 0.00600406
2343 0.00606022
2344 0.00611577
2345 0.00617067
2346 0.00622489
2347 0.00627839
2348 0.00633114
2349 0.00638311
2350 0.00643425
2351 0.00648456
2352 0.00653398
2353 0.00658251
2354 0.0066301
2355 0.00667674
2356 0.0067224
2357 0.00676706
2358 0.00681069
2359 0.00685327
2360 0.00689479
2361 0.00693523
2362 0.00697455
2363 0.00701275
2364 0.00704982
2365 0.00708572
2366 0.00712046
2367 0.007154
2368 0.00718635
2369 0.00721748
2370 0.00724738
2371 0.00727605
2372 0.00730346
2373 0.00732962
2374 0.00735451
2375 0.00737812
2376 0.00740044
2377 0.00742147
2378 0.0074412
2379 0.00745962
2380 0.00747673
2381 0.00749251
2382 0.00750697
2383 0.0075201
2384 0.0075319
2385 0.00754237
2386 0.00755149
2387 0.00755928
2388 0.00756572
2389 0.00757083
2390 0.00757459
2391 0.00757701
2392 0.00757809
2393 0.00757783
2394 0.00757623
2395 0.00757329
2396 0.00756903
2397 0.00756343
2398 0.00755651
2399 0.00754826
2400 0.00753871
2401 0.00752784
2402 0.00751566
2403 0.00750219
2404 0.00748743
2405 0.00747138
2406 0.00745406
2407 0.00743548
2408 0.00741563
2409 0.00739454
2410 0.00737221
2411 0.00734865
2412 0.00732387
2413 0.00729789
2414 0.00727072
2415 0.00724237
2416 0.00721285
2417 0.00718217
2418 0.00715036
2419 0.00711743
2420 0.00708339
2421 0.00704825
2422 0.00701204
2423 0.00697477
2424 0.00693646
2425 0.00689712
2426 0.00685678
2427 0.00681546
2428 0.00677317
2429 0.00672994
2430 0.00668578
2431 0.00664072
2432 0.00659478
2433 0.00654799
2434 0.00650037
2435 0.00645194
2436 0.00640273
2437 0.00635276
2438 0.00630206
2439 0.00625066
2440 0.00619859
2441 0.00614588
2442 0.00609255
2443 0.00603864
2444 0.00598418
2445 0.00592921
2446 0.00587374
2447 0.00581783
2448 0.00576151
2449 0.0057048
2450 0.00564776
2451 0.00559042
2452 0.00553282
2453 0.00547499
2454 0.005417
2455 0.00535886
2456 0.00530064
2457 0.00524238
2458 0.00518413
2459 0.00512593
2460 0.00506784
2461 0.0050099
2462 0.00495218
2463 0.00489472
2464 0.00483759
2465 0.00478084
2466 0.00472453
2467 0.00466872
2468 0.00461348
2469 0.00455888
2470 0.00450496
2471 0.00445182
2472 0.0043995
2473 0.0043481
2474 0.00429767
2475 0.0042483
2476 0.00420006
2477 0.00415301
2478 0.00410724
2479 0.00406282
2480 0.00401983
2481 0.00397834
2482 0.00393843
2483 0.00390017
2484 0.00386364
2485 0.00382892
2486 0.00379606
2487 0.00376515
2488 0.00373625
2489 0.00370942
2490 0.00368472
2491 0.00366221
2492 0.00364193
2493 0.00362393
2494 0.00360826
2495 0.00359493
2496 0.00358399
2497 0.00357546
2498 0.00356933
2499 0.00356563
2500 0.00356436
2501 0.00356549
2502 0.00356903
2503 0.00357495
2504 0.00358322
2505 0.00359381
2506 0.00360667
2507 0.00362177
2508 0.00363904
2509 0.00365843
2510 0.00367989
2511 0.00370334
2512 0.00372872
2513 0.00375596
2514 0.00378498
2515 0.0038157
2516 0.00384806
2517 0.00388197
2518 0.00391735
2519 0.00395412
2520 0.0039922
2521 0.00403152
2522 0.004072
2523 0.00411355
2524 0.0041561
2525 0.00419958
2526 0.00424391
2527 0.00428901
2528 0.00433483
2529 0.00438129
2530 0.00442832
2531 0.00447585
2532 0.00452383
2533 0.00457219
2534 0.00462087
2535 0.00466981
2536 0.00471896
2537 0.00476826
2538 0.00481766
2539 0.00486711
2540 0.00491656
2541 0.00496596
2542 0.00501526
2543 0.00506442
2544 0.0051134
2545 0.00516216
2546 0.00521066
2547 0.00525885
2548 0.00530671
2549 0.00535419
2550 0.00540126
2551 0.00544788
2552 0.00549404
2553 0.00553969
2554 0.0055848
2555 0.00562935
2556 0.00567331
2557 0.00571665
2558 0.00575934
2559 0.00580137
2560 0.0058427
2561 0.00588332
2562 0.00592321
2563 0.00596233
2564 0.00600068
2565 0.00603822
2566 0.00607495
2567 0.00611085
2568 0.00614589
2569 0.00618007
2570 0.00621336
2571 0.00624575
2572 0.00627722
2573 0.00630777
2574 0.00633738
2575 0.00636603
2576 0.00639372
2577 0.00642043
2578 0.00644615
2579 0.00647087
2580 0.00649458
2581 0.00651728
2582 0.00653895
2583 0.00655959
2584 0.00657919
2585 0.00659773
2586 0.00661523
2587 0.00663166
2588 0.00664702
2589 0.00666132
2590 0.00667454
2591 0.00668668
2592 0.00669773
2593 0.0067077
2594 0.00671658
2595 0.00672437
2596 0.00673107
2597 0.00673667
2598 0.00674118
2599 0.0067446
2600 0.00674691
2601 0.00674814
2602 0.00674827
2603 0.0067473
2604 0.00674525
2605 0.00674211
2606 0.00673788
2607 0.00673257
2608 0.00672618
2609 0.00671871
2610 0.00671018
2611 0.00670057
2612 0.00668991
2613 0.00667819
2614 0.00666543
2615 0.00665162
2616 0.00663677
2617 0.0066209
2618 0.006604
2619 0.00658609
2620 0.00656718
2621 0.00654727
2622 0.00652638
2623 0.00650451
2624 0.00648167
2625 0.00645788
2626 0.00643314
2627 0.00640747
2628 0.00638088
2629 0.00635338
2630 0.00632498
2631 0.0062957
2632 0.00626555
2633 0.00623455
2634 0.0062027
2635 0.00617003
2636 0.00613655
2637 0.00610227
2638 0.00606721
2639 0.00603139
2640 0.00599483
2641 0.00595754
2642 0.00591955
2643 0.00588086
2644 0.0058415
2645 0.0058015
2646 0.00576086
2647 0.00571961
2648 0.00567778
2649 0.00563538
2650 0.00559244
2651 0.00554898
2652 0.00550502
2653 0.00546059
2654 0.00541571
2655 0.00537041
2656 0.00532472
2657 0.00527866
2658 0.00523225
2659 0.00518554
2660 0.00513854
2661 0.0050913
2662 0.00504382
2663 0.00499616
2664 0.00494834
2665 0.00490039
2666 0.00485235
2667 0.00480425
2668 0.00475613
2669 0.00470802
2670 0.00465997
2671 0.004612
2672 0.00456416
2673 0.00451649
2674 0.00446903
2675 0.00442183
2676 0.00437491
2677 0.00432833
2678 0.00428214
2679 0.00423637
2680 0.00419108
2681 0.0041463
2682 0.0041021
2683 0.00405851
2684 0.0040156
2685 0.0039734
2686 0.00393196
2687 0.00389135
2688 0.00385161
2689 0.00381279
2690 0.00377495
2691 0.00373814
2692 0.0037024
2693 0.0036678
2694 0.00363438
2695 0.00360219
2696 0.00357129
2697 0.00354172
2698 0.00351353
2699 0.00348676
2700 0.00346146
2701 0.00343767
2702 0.00341543
2703 0.00339478
2704 0.00337574
2705 0.00335836
2706 0.00334265
2707 0.00332864
2708 0.00331636
2709 0.00330581
2710 0.00329701
2711 0.00328997
2712 0.00328468
2713 0.00328116
2714 0.00327938
2715 0.00327935
2716 0.00328105
2717 0.00328445
2718 0.00328955
2719 0.0032963
2720 0.00330469
2721 0.00331467
2722 0.00332621
2723 0.00333927
2724 0.00335381
2725 0.00336979
2726 0.00338714
2727 0.00340583
2728 0.00342581
2729 0.00344702
2730 0.0034694
2731 0.00349291
2732 0.00351748
2733 0.00354307
2734 0.00356962
2735 0.00359706
2736 0.00362535
2737 0.00365443
2738 0.00368424
2739 0.00371474
2740 0.00374586
2741 0.00377756
2742 0.00380978
2743 0.00384248
2744 0.00387559
2745 0.00390908
2746 0.00394289
2747 0.00397698
2748 0.0040113
2749 0.00404581
2750 0.00408046
2751 0.00411522
2752 0.00415004
2753 0.00418488
2754 0.00421972
2755 0.0042545
2756 0.00428919
2757 0.00432376
2758 0.00435818
2759 0.00439241
2760 0.00442642
2761 0.00446018
2762 0.00449366
2763 0.00452684
2764 0.00455968
2765 0.00459217
2766 0.00462427
2767 0.00465595
2768 0.00468721
2769 0.004718
2770 0.00474832
2771 0.00477814
2772 0.00480744
2773 0.00483621
2774 0.00486441
2775 0.00489204
2776 0.00491908
2777 0.0049455
2778 0.0049713
2779 0.00499645
2780 0.00502095
2781 0.00504477
2782 0.00506791
2783 0.00509036
2784 0.00511209
2785 0.0051331
2786 0.00515338
2787 0.00517292
2788 0.0051917
2789 0.00520972
2790 0.00522697
2791 0.00524344
2792 0.00525913
2793 0.00527401
2794 0.0052881
2795 0.00530138
2796 0.00531384
2797 0.00532549
2798 0.00533631
2799 0.0053463
2800 0.00535545
2801 0.00536377
2802 0.00537125
2803 0.00537789
2804 0.00538368
2805 0.00538862
2806 0.00539271
2807 0.00539595
2808 0.00539834
2809 0.00539988
2810 0.00540057
2811 0.00540041
2812 0.0053994
2813 0.00539754
2814 0.00539483
2815 0.00539128
2816 0.00538688
2817 0.00538165
2818 0.00537558
2819 0.00536868
2820 0.00536095
2821 0.00535239
2822 0.00534301
2823 0.00533283
2824 0.00532183
2825 0.00531003
2826 0.00529743
2827 0.00528404
2828 0.00526987
2829 0.00525493
2830 0.00523922
2831 0.00522275
2832 0.00520553
2833 0.00518757
2834 0.00516887
2835 0.00514946
2836 0.00512933
2837 0.0051085
2838 0.00508699
2839 0.00506479
2840 0.00504193
2841 0.00501841
2842 0.00499425
2843 0.00496947
2844 0.00494407
2845 0.00491807
2846 0.00489148
2847 0.00486432
2848 0.00483661
2849 0.00480835
2850 0.00477957
2851 0.00475029
2852 0.00472052
2853 0.00469027
2854 0.00465957
2855 0.00462844
2856 0.00459689
2857 0.00456495
2858 0.00453263
2859 0.00449996
2860 0.00446695
2861 0.00443364
2862 0.00440004
2863 0.00436617
2864 0.00433206
2865 0.00429774
2866 0.00426322
2867 0.00422854
2868 0.00419372
2869 0.00415879
2870 0.00412377
2871 0.0040887
2872 0.0040536
2873 0.0040185
2874 0.00398344
2875 0.00394844
2876 0.00391353
2877 0.00387875
2878 0.00384414
2879 0.00380971
2880 0.00377552
2881 0.00374159
2882 0.00370796
2883 0.00367466
2884 0.00364174
2885 0.00360923
2886 0.00357716
2887 0.00354558
2888 0.00351452
2889 0.00348403
2890 0.00345414
2891 0.00342489
2892 0.00339632
2893 0.00336847
2894 0.00334138
2895 0.0033151
2896 0.00328965
2897 0.00326508
2898 0.00324143
2899 0.00321873
2900 0.00319701
2901 0.00317633
2902 0.0031567
2903 0.00313817
2904 0.00312076
2905 0.0031045
2906 0.00308943
2907 0.00307556
2908 0.00306293
2909 0.00305155
2910 0.00304145
2911 0.00303263
2912 0.00302512
2913 0.00301893
2914 0.00301406
2915 0.00301052
2916 0.00300831
2917 0.00300744
2918 0.0030079
2919 0.00300968
2920 0.00301277
2921 0.00301717
2922 0.00302286
2923 0.00302981
2924 0.00303802
2925 0.00304746
2926 0.0030581
2927 0.00306991
2928 0.00308288
2929 0.00309696
2930 0.00311213
2931 0.00312835
2932 0.00314558
2933 0.0031638
2934 0.00318295
2935 0.00320301
2936 0.00322394
2937 0.00324569
2938 0.00326823
2939 0.00329151
2940 0.0033155
2941 0.00334016
2942 0.00336544
2943 0.00339131
2944 0.00341772
2945 0.00344464
2946 0.00347204
2947 0.00349986
2948 0.00352807
2949 0.00355664
2950 0.00358552
2951 0.00361469
2952 0.0036441
2953 0.00367373
2954 0.00370354
2955 0.00373349
2956 0.00376355
2957 0.0037937
2958 0.0038239
2959 0.00385412
2960 0.00388433
2961 0.00391451
2962 0.00394462
2963 0.00397465
2964 0.00400456
2965 0.00403432
2966 0.00406392
2967 0.00409333
2968 0.00412253
2969 0.0041515
2970 0.0041802
2971 0.00420863
2972 0.00423676
2973 0.00426457
2974 0.00429205
2975 0.00431917
2976 0.00434591
2977 0.00437227
2978 0.00439821
2979 0.00442374
2980 0.00444882
2981 0.00447345
2982 0.00449761
2983 0.00452129
2984 0.00454447
2985 0.00456714
2986 0.00458929
2987 0.00461091
2988 0.00463198
2989 0.0046525
2990 0.00467245
2991 0.00469182
2992 0.0047106
2993 0.00472879
2994 0.00474638
2995 0.00476335
2996 0.0047797
2997 0.00479541
2998 0.0048105
2999 0.00482494
3000 0.00483873
3001 0.00485186
3002 0.00486434
3003 0.00487614
3004 0.00488728
3005 0.00489774
3006 0.00490751
3007 0.00491661
3008 0.00492501
3009 0.00493273
3010 0.00493975
3011 0.00494607
3012 0.00495169
3013 0.00495662
3014 0.00496084
3015 0.00496435
3016 0.00496717
3017 0.00496928
3018 0.00497068
3019 0.00497138
3020 0.00497137
3021 0.00497066
3022 0.00496924
3023 0.00496712
3024 0.00496431
3025 0.00496079
3026 0.00495658
3027 0.00495167
3028 0.00494608
3029 0.00493979
3030 0.00493283
3031 0.00492518
3032 0.00491685
3033 0.00490785
3034 0.00489819
3035 0.00488786
3036 0.00487687
3037 0.00486524
3038 0.00485295
3039 0.00484003
3040 0.00482647
3041 0.00481228
3042 0.00479748
3043 0.00478206
3044 0.00476603
3045 0.00474941
3046 0.0047322
3047 0.00471441
3048 0.00469604
3049 0.00467712
3050 0.00465764
3051 0.00463761
3052 0.00461705
3053 0.00459597
3054 0.00457437
3055 0.00455228
3056 0.00452969
3057 0.00450662
3058 0.00448308
3059 0.00445909
3060 0.00443466
3061 0.00440979
3062 0.00438451
3063 0.00435883
3064 0.00433276
3065 0.00430631
3066 0.0042795
3067 0.00425235
3068 0.00422487
3069 0.00419707
3070 0.00416897
3071 0.00414059
3072 0.00411195
3073 0.00408306
3074 0.00405394
3075 0.0040246
3076 0.00399507
3077 0.00396536
3078 0.0039355
3079 0.0039055
3080 0.00387539
3081 0.00384517
3082 0.00381488
3083 0.00378453
3084 0.00375416
3085 0.00372376
3086 0.00369338
3087 0.00366304
3088 0.00363274
3089 0.00360253
3090 0.00357242
3091 0.00354245
3092 0.00351262
3093 0.00348297
3094 0.00345352
3095 0.00342431
3096 0.00339534
3097 0.00336666
3098 0.00333829
3099 0.00331025
3100 0.00328257
3101 0.00325529
3102 0.00322841
3103 0.00320199
3104 0.00317603
3105 0.00315057
3106 0.00312564
3107 0.00310127
3108 0.00307747
3109 0.00305428
3110 0.00303173
3111 0.00300984
3112 0.00298863
3113 0.00296814
3114 0.00294839
3115 0.00292939
3116 0.00291118
3117 0.00289378
3118 0.0028772
3119 0.00286147
3120 0.00284661
3121 0.00283263
3122 0.00281955
3123 0.00280739
3124 0.00279616
3125 0.00278587
3126 0.00277654
3127 0.00276816
3128 0.00276075
3129 0.00275431
3130 0.00274884
3131 0.00274435
3132 0.00274084
3133 0.00273829
3134 0.00273672
3135 0.0027361
3136 0.00273644
3137 0.00273772
3138 0.00273994
3139 0.00274307
3140 0.0027471
3141 0.00275202
3142 0.0027578
3143 0.00276443
3144 0.00277189
3145 0.00278015
3146 0.0027892
3147 0.002799
3148 0.00280953
3149 0.00282076
3150 0.00283268
3151 0.00284525
3152 0.00285844
3153 0.00287223
3154 0.00288658
3155 0.00290147
3156 0.00291687
3157 0.00293275
3158 0.00294909
3159 0.00296584
3160 0.00298298
3161 0.00300049
3162 0.00301834
3163 0.00303649
3164 0.00305492
3165 0.0030736
3166 0.00309251
3167 0.00311161
3168 0.00313089
3169 0.00315031
3170 0.00316985
3171 0.00318948
3172 0.00320919
3173 0.00322894
3174 0.00324871
3175 0.00326849
3176 0.00328824
3177 0.00330795
3178 0.00332759
3179 0.00334715
3180 0.0033666
3181 0.00338593
3182 0.00340512
3183 0.00342414
3184 0.00344299
3185 0.00346163
3186 0.00348007
3187 0.00349827
3188 0.00351623
3189 0.00353392
3190 0.00355134
3191 0.00356848
3192 0.0035853
3193 0.00360182
3194 0.003618
3195 0.00363384
3196 0.00364932
3197 0.00366445
3198 0.00367919
3199 0.00369355
3200 0.00370751
3201 0.00372107
3202 0.00373421
3203 0.00374693
3204 0.00375921
3205 0.00377106
3206 0.00378245
3207 0.00379339
3208 0.00380387
3209 0.00381388
3210 0.00382341
3211 0.00383246
3212 0.00384102
3213 0.0038491
3214 0.00385667
3215 0.00386375
3216 0.00387032
3217 0.00387638
3218 0.00388193
3219 0.00388697
3220 0.00389149
3221 0.00389548
3222 0.00389896
3223 0.00390191
3224 0.00390433
3225 0.00390623
3226 0.0039076
3227 0.00390844
3228 0.00390875
3229 0.00390853
3230 0.00390779
3231 0.00390651
3232 0.00390471
3233 0.00390239
3234 0.00389954
3235 0.00389616
3236 0.00389227
3237 0.00388786
3238 0.00388293
3239 0.00387749
3240 0.00387154
3241 0.00386509
3242 0.00385813
3243 0.00385067
3244 0.00384272
3245 0.00383429
3246 0.00382536
3247 0.00381596
3248 0.00380609
3249 0.00379574
3250 0.00378494
3251 0.00377368
3252 0.00376197
3253 0.00374981
3254 0.00373723
3255 0.00372421
3256 0.00371078
3257 0.00369693
3258 0.00368269
3259 0.00366804
3260 0.00365301
3261 0.00363761
3262 0.00362183
3263 0.0036057
3264 0.00358923
3265 0.00357242
3266 0.00355528
3267 0.00353782
3268 0.00352007
3269 0.00350202
3270 0.00348369
3271 0.0034651
3272 0.00344625
3273 0.00342716
3274 0.00340784
3275 0.00338831
3276 0.00336857
3277 0.00334865
3278 0.00332856
3279 0.00330831
3280 0.00328792
3281 0.00326741
3282 0.00324678
3283 0.00322606
3284 0.00320527
3285 0.00318441
3286 0.00316352
3287 0.0031426
3288 0.00312167
3289 0.00310075
3290 0.00307986
3291 0.00305903
3292 0.00303826
3293 0.00301757
3294 0.002997
3295 0.00297655
3296 0.00295626
3297 0.00293613
3298 0.00291618
3299 0.00289645
3300 0.00287695
3301 0.00285771
3302 0.00283873
3303 0.00282005
3304 0.00280169
3305 0.00278367
3306 0.002766
3307 0.00274872
3308 0.00273184
3309 0.00271538
3310 0.00269937
3311 0.00268382
3312 0.00266876
3313 0.00265421
3314 0.00264018
3315 0.0026267
3316 0.00261378
3317 0.00260144
3318 0.0025897
3319 0.00257858
3320 0.00256809
3321 0.00255825
3322 0.00254907
3323 0.00254056
3324 0.00253274
3325 0.00252562
3326 0.00251921
3327 0.00251352
3328 0.00250855
3329 0.00250432
3330 0.00250082
3331 0.00249806
3332 0.00249604
3333 0.00249477
3334 0.00249425
3335 0.00249447
3336 0.00249543
3337 0.00249713
3338 0.00249955
3339 0.00250271
3340 0.00250658
3341 0.00251116
3342 0.00251643
3343 0.00252239
3344 0.00252903
3345 0.00253633
3346 0.00254427
3347 0.00255285
3348 0.00256203
3349 0.00257182
3350 0.00258219
3351 0.00259312
3352 0.00260459
3353 0.00261659
3354 0.00262909
3355 0.00264208
3356 0.00265553
3357 0.00266942
3358 0.00268373
3359 0.00269845
3360 0.00271354
3361 0.00272899
3362 0.00274478
3363 0.00276089
3364 0.00277729
3365 0.00279396
3366 0.00281088
3367 0.00282804
3368 0.0028454
3369 0.00286296
3370 0.00288068
3371 0.00289856
3372 0.00291656
3373 0.00293467
3374 0.00295288
3375 0.00297116
3376 0.00298949
3377 0.00300786
3378 0.00302624
3379 0.00304463
3380 0.003063
3381 0.00308134
3382 0.00309962
3383 0.00311785
3384 0.00313599
3385 0.00315403
3386 0.00317197
3387 0.00318977
3388 0.00320744
3389 0.00322496
3390 0.00324231
3391 0.00325947
3392 0.00327645
3393 0.00329322
3394 0.00330977
3395 0.0033261
3396 0.00334218
3397 0.00335802
3398 0.00337359
3399 0.00338889
3400 0.00340391
3401 0.00341864
3402 0.00343307
3403 0.00344719
3404 0.00346099
3405 0.00347447
3406 0.00348761
3407 0.0035004
3408 0.00351285
3409 0.00352494
3410 0.00353667
3411 0.00354803
3412 0.00355901
3413 0.00356961
3414 0.00357982
3415 0.00358963
3416 0.00359905
3417 0.00360806
3418 0.00361666
3419 0.00362486
3420 0.00363263
3421 0.00363998
3422 0.00364691
3423 0.00365341
3424 0.00365947
3425 0.00366511
3426 0.0036703
3427 0.00367506
3428 0.00367937
3429 0.00368324
3430 0.00368667
3431 0.00368965
3432 0.00369217
3433 0.00369425
3434 0.00369589
3435 0.00369706
3436 0.00369779
3437 0.00369807
3438 0.0036979
3439 0.00369727
3440 0.00369619
3441 0.00369467
3442 0.00369269
3443 0.00369027
3444 0.0036874
3445 0.00368409
3446 0.00368034
3447 0.00367614
3448 0.0036715
3449 0.00366643
3450 0.00366093
3451 0.00365499
3452 0.00364863
3453 0.00364184
3454 0.00363463
3455 0.003627
3456 0.00361896
3457 0.00361051
3458 0.00360165
3459 0.0035924
3460 0.00358274
3461 0.0035727
3462 0.00356227
3463 0.00355146
3464 0.00354027
3465 0.00352872
3466 0.0035168
3467 0.00350452
3468 0.00349189
3469 0.00347892
3470 0.00346561
3471 0.00345196
3472 0.003438
3473 0.00342371
3474 0.00340912
3475 0.00339423
3476 0.00337904
3477 0.00336357
3478 0.00334782
3479 0.0033318
3480 0.00331552
3481 0.003299
3482 0.00328223
3483 0.00326523
3484 0.00324801
3485 0.00323057
3486 0.00321294
3487 0.00319511
3488 0.0031771
3489 0.00315892
3490 0.00314058
3491 0.00312209
3492 0.00310347
3493 0.00308472
3494 0.00306586
3495 0.00304689
3496 0.00302783
3497 0.0030087
3498 0.0029895
3499 0.00297026
3500 0.00295097
3501 0.00293165
3502 0.00291233
3503 0.00289301
3504 0.0028737
3505 0.00285442
3506 0.00283518
3507 0.002816
3508 0.0027969
3509 0.00277788
3510 0.00275896
3511 0.00274016
3512 0.00272149
3513 0.00270296
3514 0.0026846
3515 0.00266641
3516 0.00264841
3517 0.00263063
3518 0.00261306
3519 0.00259573
3520 0.00257866
3521 0.00256185
3522 0.00254533
3523 0.00252911
3524 0.0025132
3525 0.00249762
3526 0.00248238
3527 0.0024675
3528 0.00245299
3529 0.00243887
3530 0.00242514
3531 0.00241183
3532 0.00239895
3533 0.0023865
3534 0.0023745
3535 0.00236297
3536 0.0023519
3537 0.00234132
3538 0.00233124
3539 0.00232165
3540 0.00231258
3541 0.00230402
3542 0.00229599
3543 0.00228849
3544 0.00228152
3545 0.0022751
3546 0.00226922
3547 0.00226389
3548 0.00225912
3549 0.00225489
3550 0.00225121
3551 0.00224809
3552 0.00224552
3553 0.0022435
3554 0.00224202
3555 0.00224108
3556 0.00224067
3557 0.0022408
3558 0.00224145
3559 0.00224262
3560 0.00224429
3561 0.00224646
3562 0.00224912
3563 0.00225226
3564 0.00225587
3565 0.00225994
3566 0.00226445
3567 0.00226939
3568 0.00227475
3569 0.00228052
3570 0.00228668
3571 0.00229321
3572 0.00230011
3573 0.00230736
3574 0.00231493
3575 0.00232283
3576 0.00233103
3577 0.00233951
3578 0.00234826
3579 0.00235727
3580 0.00236651
3581 0.00237598
3582 0.00238566
3583 0.00239552
3584 0.00240557
3585 0.00241577
3586 0.00242612
3587 0.00243659
3588 0.00244718
3589 0.00245787
3590 0.00246864
3591 0.00247948
3592 0.00249038
3593 0.00250132
3594 0.00251228
3595 0.00252326
3596 0.00253424
3597 0.00254521
3598 0.00255614
3599 0.00256705
3600 0.0025779
3601 0.00258868
3602 0.00259939
3603 0.00261002
3604 0.00262055
3605 0.00263097
3606 0.00264127
3607 0.00265144
3608 0.00266148
3609 0.00267136
3610 0.00268109
3611 0.00269065
3612 0.00270003
3613 0.00270923
3614 0.00271823
3615 0.00272704
3616 0.00273563
3617 0.00274401
3618 0.00275217
3619 0.00276009
3620 0.00276778
3621 0.00277522
3622 0.00278242
3623 0.00278936
3624 0.00279604
3625 0.00280245
3626 0.00280859
3627 0.00281446
3628 0.00282004
3629 0.00282534
3630 0.00283035
3631 0.00283507
3632 0.00283949
3633 0.00284361
3634 0.00284743
3635 0.00285094
3636 0.00285415
3637 0.00285704
3638 0.00285962
3639 0.00286189
3640 0.00286384
3641 0.00286547
3642 0.00286678
3643 0.00286777
3644 0.00286844
3645 0.00286879
3646 0.00286881
3647 0.00286851
3648 0.00286789
3649 0.00286695
3650 0.00286568
3651 0.0028641
3652 0.00286219
3653 0.00285996
3654 0.00285741
3655 0.00285455
3656 0.00285137
3657 0.00284788
3658 0.00284408
3659 0.00283997
3660 0.00283555
3661 0.00283083
3662 0.00282581
3663 0.00282048
3664 0.00281487
3665 0.00280896
3666 0.00280277
3667 0.00279629
3668 0.00278953
3669 0.00278249
3670 0.00277519
3671 0.00276762
3672 0.00275978
3673 0.0027517
3674 0.00274335
3675 0.00273477
3676 0.00272594
3677 0.00271688
3678 0.00270759
3679 0.00269808
3680 0.00268835
3681 0.00267842
3682 0.00266828
3683 0.00265795
3684 0.00264743
3685 0.00263673
3686 0.00262585
3687 0.00261481
3688 0.00260362
3689 0.00259227
3690 0.00258078
3691 0.00256917
3692 0.00255743
3693 0.00254557
3694 0.00253361
3695 0.00252156
3696 0.00250942
3697 0.0024972
3698 0.00248492
3699 0.00247258
3700 0.00246019
3701 0.00244777
3702 0.00243532
3703 0.00242286
3704 0.00241039
3705 0.00239794
3706 0.0023855
3707 0.00237309
3708 0.00236072
3709 0.00234841
3710 0.00233616
3711 0.00232398
3712 0.0023119
3713 0.00229991
3714 0.00228804
3715 0.00227629
3716 0.00226468
3717 0.00225322
3718 0.00224192
3719 0.00223079
3720 0.00221985
3721 0.0022091
3722 0.00219856
3723 0.00218825
3724 0.00217817
3725 0.00216833
3726 0.00215874
3727 0.00214943
3728 0.00214039
3729 0.00213165
3730 0.0021232
3731 0.00211506
3732 0.00210725
3733 0.00209976
3734 0.00209262
3735 0.00208582
3736 0.00207938
3737 0.00207331
3738 0.00206761
3739 0.00206229
3740 0.00205736
3741 0.00205282
3742 0.00204868
3743 0.00204495
3744 0.00204163
3745 0.00203872
3746 0.00203622
3747 0.00203415
3748 0.00203249
3749 0.00203126
3750 0.00203045
3751 0.00203007
3752 0.00203011
3753 0.00203057
3754 0.00203145
3755 0.00203275
3756 0.00203446
3757 0.00203658
3758 0.00203912
3759 0.00204205
3760 0.00204538
3761 0.0020491
3762 0.0020532
3763 0.00205769
3764 0.00206254
3765 0.00206775
3766 0.00207332
3767 0.00207923
3768 0.00208547
3769 0.00209204
3770 0.00209893
3771 0.00210612
3772 0.00211361
3773 0.00212138
3774 0.00212943
3775 0.00213774
3776 0.0021463
3777 0.0021551
3778 0.00216413
3779 0.00217337
3780 0.00218282
3781 0.00219246
3782 0.00220229
3783 0.00221228
3784 0.00222243
3785 0.00223273
3786 0.00224316
3787 0.00225371
3788 0.00226437
3789 0.00227513
3790 0.00228598
3791 0.0022969
3792 0.00230789
3793 0.00231893
3794 0.00233001
3795 0.00234113
3796 0.00235227
3797 0.00236341
3798 0.00237456
3799 0.00238569
3800 0.00239681
3801 0.00240789
3802 0.00241894
3803 0.00242993
3804 0.00244087
3805 0.00245174
3806 0.00246253
3807 0.00247323
3808 0.00248384
3809 0.00249435
3810 0.00250474
3811 0.00251502
3812 0.00252517
3813 0.00253519
3814 0.00254506
3815 0.00255478
3816 0.00256435
3817 0.00257375
3818 0.00258299
3819 0.00259205
3820 0.00260093
3821 0.00260962
3822 0.00261811
3823 0.00262641
3824 0.0026345
3825 0.00264238
3826 0.00265004
3827 0.00265748
3828 0.0026647
3829 0.00267169
3830 0.00267845
3831 0.00268496
3832 0.00269124
3833 0.00269727
3834 0.00270305
3835 0.00270857
3836 0.00271384
3837 0.00271885
3838 0.0027236
3839 0.00272808
3840 0.0027323
3841 0.00273624
3842 0.00273991
3843 0.00274331
3844 0.00274643
3845 0.00274927
3846 0.00275183
3847 0.00275411
3848 0.00275611
3849 0.00275782
3850 0.00275925
3851 0.0027604
3852 0.00276125
3853 0.00276182
3854 0.0027621
3855 0.0027621
3856 0.00276181
3857 0.00276123
3858 0.00276036
3859 0.0027592
3860 0.00275776
3861 0.00275604
3862 0.00275402
3863 0.00275173
3864 0.00274915
3865 0.00274629
3866 0.00274315
3867 0.00273973
3868 0.00273604
3869 0.00273207
3870 0.00272782
3871 0.00272331
3872 0.00271852
3873 0.00271347
3874 0.00270816
3875 0.00270259
3876 0.00269675
3877 0.00269066
3878 0.00268432
3879 0.00267773
3880 0.0026709
3881 0.00266382
3882 0.0026565
3883 0.00264895
3884 0.00264117
3885 0.00263316
3886 0.00262493
3887 0.00261648
3888 0.00260782
3889 0.00259895
3890 0.00258987
3891 0.00258059
3892 0.00257112
3893 0.00256146
3894 0.00255161
3895 0.00254159
3896 0.00253139
3897 0.00252102
3898 0.0025105
3899 0.00249981
3900 0.00248898
3901 0.002478
3902 0.00246688
3903 0.00245564
3904 0.00244427
3905 0.00243278
3906 0.00242118
3907 0.00240947
3908 0.00239767
3909 0.00238577
3910 0.0023738
3911 0.00236175
3912 0.00234963
3913 0.00233745
3914 0.00232521
3915 0.00231294
3916 0.00230062
3917 0.00228828
3918 0.00227591
3919 0.00226353
3920 0.00225115
3921 0.00223877
3922 0.00222641
3923 0.00221406
3924 0.00220175
3925 0.00218947
3926 0.00217724
3927 0.00216507
3928 0.00215296
3929 0.00214092
3930 0.00212897
3931 0.0021171
3932 0.00210534
3933 0.00209368
3934 0.00208214
3935 0.00207073
3936 0.00205946
3937 0.00204832
3938 0.00203734
3939 0.00202653
3940 0.00201588
3941 0.00200541
3942 0.00199513
3943 0.00198504
3944 0.00197516
3945 0.00196549
3946 0.00195604
3947 0.00194682
3948 0.00193783
3949 0.00192908
3950 0.00192058
3951 0.00191234
3952 0.00190436
3953 0.00189664
3954 0.00188921
3955 0.00188205
3956 0.00187518
3957 0.00186859
3958 0.0018623
3959 0.00185632
3960 0.00185063
3961 0.00184525
3962 0.00184018
3963 0.00183542
3964 0.00183098
3965 0.00182685
3966 0.00182304
3967 0.00181954
3968 0.00181637
3969 0.00181351
3970 0.00181098
3971 0.00180876
3972 0.00180686
3973 0.00180527
3974 0.00180399
3975 0.00180303
3976 0.00180237
3977 0.00180201
3978 0.00180195
3979 0.00180219
3980 0.00180272
3981 0.00180354
3982 0.00180463
3983 0.001806
3984 0.00180764
3985 0.00180954
3986 0.00181169
3987 0.00181409
3988 0.00181674
3989 0.00181962
3990 0.00182272
3991 0.00182604
3992 0.00182958
3993 0.00183331
3994 0.00183724
3995 0.00184136
3996 0.00184565
3997 0.00185011
3998 0.00185473
3999 0.00185951
4000 0.00186442
4001 0.00186946
4002 0.00187464
4003 0.00187992
4004 0.00188531
4005 0.0018908
4006 0.00189638
4007 0.00190204
4008 0.00190777
4009 0.00191356
4010 0.0019194
4011 0.00192529
4012 0.00193122
4013 0.00193718
4014 0.00194315
4015 0.00194914
4016 0.00195513
4017 0.00196112
4018 0.0019671
4019 0.00197306
4020 0.00197899
4021 0.00198489
4022 0.00199074
4023 0.00199655
4024 0.00200231
4025 0.002008
4026 0.00201363
4027 0.00201918
4028 0.00202465
4029 0.00203004
4030 0.00203533
4031 0.00204053
4032 0.00204562
4033 0.0020506
4034 0.00205547
4035 0.00206022
4036 0.00206485
4037 0.00206935
4038 0.00207371
4039 0.00207794
4040 0.00208202
4041 0.00208596
4042 0.00208975
4043 0.00209339
4044 0.00209687
4045 0.00210018
4046 0.00210334
4047 0.00210633
4048 0.00210915
4049 0.0021118
4050 0.00211427
4051 0.00211657
4052 0.00211868
4053 0.00212062
4054 0.00212237
4055 0.00212394
4056 0.00212532
4057 0.00212651
4058 0.00212751
4059 0.00212832
4060 0.00212894
4061 0.00212937
4062 0.0021296
4063 0.00212964
4064 0.00212949
4065 0.00212914
4066 0.0021286
4067 0.00212786
4068 0.00212693
4069 0.0021258
4070 0.00212448
4071 0.00212296
4072 0.00212126
4073 0.00211936
4074 0.00211727
4075 0.00211499
4076 0.00211252
4077 0.00210987
4078 0.00210703
4079 0.00210401
4080 0.00210081
4081 0.00209742
4082 0.00209386
4083 0.00209013
4084 0.00208622
4085 0.00208214
4086 0.00207789
4087 0.00207348
4088 0.0020689
4089 0.00206417
4090 0.00205928
4091 0.00205423
4092 0.00204904
4093 0.00204371
4094 0.00203823
4095 0.00203261
4096 0.00202686
4097 0.00202097
4098 0.00201497
4099 0.00200884
4100 0.00200259
4101 0.00199623
4102 0.00198976
4103 0.00198319
4104 0.00197652
4105 0.00196976
4106 0.00196291
4107 0.00195598
4108 0.00194897
4109 0.00194189
4110 0.00193474
4111 0.00192753
4112 0.00192026
4113 0.00191295
4114 0.00190559
4115 0.0018982
4116 0.00189078
4117 0.00188333
4118 0.00187586
4119 0.00186839
4120 0.0018609
4121 0.00185342
4122 0.00184595
4123 0.00183849
4124 0.00183106
4125 0.00182365
4126 0.00181628
4127 0.00180895
4128 0.00180167
4129 0.00179444
4130 0.00178728
4131 0.00178019
4132 0.00177318
4133 0.00176625
4134 0.00175941
4135 0.00175267
4136 0.00174604
4137 0.00173952
4138 0.00173312
4139 0.00172684
4140 0.00172069
4141 0.00171469
4142 0.00170883
4143 0.00170312
4144 0.00169757
4145 0.00169219
4146 0.00168698
4147 0.00168194
4148 0.00167709
4149 0.00167242
4150 0.00166794
4151 0.00166367
4152 0.0016596
4153 0.00165573
4154 0.00165208
4155 0.00164864
4156 0.00164543
4157 0.00164243
4158 0.00163967
4159 0.00163714
4160 0.00163484
4161 0.00163277
4162 0.00163095
4163 0.00162936
4164 0.00162802
4165 0.00162692
4166 0.00162606
4167 0.00162544
4168 0.00162508
4169 0.00162495
4170 0.00162507
4171 0.00162544
4172 0.00162604
4173 0.00162689
4174 0.00162798
4175 0.0016293
4176 0.00163086
4177 0.00163265
4178 0.00163467
4179 0.00163691
4180 0.00163938
4181 0.00164207
4182 0.00164497
4183 0.00164809
4184 0.00165141
4185 0.00165493
4186 0.00165864
4187 0.00166255
4188 0.00166665
4189 0.00167092
4190 0.00167537
4191 0.00167999
4192 0.00168477
4193 0.0016897
4194 0.00169479
4195 0.00170002
4196 0.00170539
4197 0.00171089
4198 0.00171652
4199 0.00172226
4200 0.00172811
4201 0.00173407
4202 0.00174013
4203 0.00174627
4204 0.00175251
4205 0.00175881
4206 0.00176519
4207 0.00177163
4208 0.00177813
4209 0.00178468
4210 0.00179128
4211 0.0017979
4212 0.00180456
4213 0.00181125
4214 0.00181795
4215 0.00182466
4216 0.00183138
4217 0.00183809
4218 0.0018448
4219 0.00185149
4220 0.00185816
4221 0.00186481
4222 0.00187142
4223 0.001878
4224 0.00188453
4225 0.00189102
4226 0.00189745
4227 0.00190382
4228 0.00191013
4229 0.00191637
4230 0.00192253
4231 0.00192861
4232 0.00193461
4233 0.00194052
4234 0.00194634
4235 0.00195206
4236 0.00195767
4237 0.00196318
4238 0.00196858
4239 0.00197386
4240 0.00197903
4241 0.00198407
4242 0.00198899
4243 0.00199378
4244 0.00199843
4245 0.00200295
4246 0.00200733
4247 0.00201157
4248 0.00201566
4249 0.00201961
4250 0.0020234
4251 0.00202704
4252 0.00203053
4253 0.00203386
4254 0.00203702
4255 0.00204003
4256 0.00204287
4257 0.00204554
4258 0.00204805
4259 0.00205038
4260 0.00205254
4261 0.00205454
4262 0.00205635
4263 0.00205799
4264 0.00205946
4265 0.00206074
4266 0.00206185
4267 0.00206278
4268 0.00206353
4269 0.00206409
4270 0.00206448
4271 0.00206468
4272 0.0020647
4273 0.00206454
4274 0.0020642
4275 0.00206367
4276 0.00206296
4277 0.00206207
4278 0.002061
4279 0.00205974
4280 0.00205831
4281 0.00205669
4282 0.00205489
4283 0.00205292
4284 0.00205077
4285 0.00204844
4286 0.00204593
4287 0.00204325
4288 0.00204039
4289 0.00203737
4290 0.00203417
4291 0.0020308
4292 0.00202727
4293 0.00202357
4294 0.0020197
4295 0.00201568
4296 0.00201149
4297 0.00200715
4298 0.00200265
4299 0.001998
4300 0.00199319
4301 0.00198824
4302 0.00198314
4303 0.0019779
4304 0.00197252
4305 0.001967
4306 0.00196134
4307 0.00195556
4308 0.00194964
4309 0.0019436
4310 0.00193744
4311 0.00193116
4312 0.00192476
4313 0.00191825
4314 0.00191163
4315 0.00190491
4316 0.00189808
4317 0.00189116
4318 0.00188415
4319 0.00187704
4320 0.00186985
4321 0.00186258
4322 0.00185523
4323 0.00184781
4324 0.00184032
4325 0.00183277
4326 0.00182516
4327 0.00181749
4328 0.00180977
4329 0.00180201
4330 0.00179421
4331 0.00178637
4332 0.0017785
4333 0.0017706
4334 0.00176268
4335 0.00175474
4336 0.0017468
4337 0.00173884
4338 0.00173089
4339 0.00172294
4340 0.00171499
4341 0.00170707
4342 0.00169916
4343 0.00169128
4344 0.00168342
4345 0.00167561
4346 0.00166783
4347 0.0016601
4348 0.00165242
4349 0.0016448
4350 0.00163724
4351 0.00162974
4352 0.00162232
4353 0.00161498
4354 0.00160772
4355 0.00160055
4356 0.00159347
4357 0.00158649
4358 0.00157961
4359 0.00157284
4360 0.00156618
4361 0.00155964
4362 0.00155323
4363 0.00154694
4364 0.00154078
4365 0.00153475
4366 0.00152887
4367 0.00152313
4368 0.00151754
4369 0.0015121
4370 0.00150681
4371 0.00150168
4372 0.00149672
4373 0.00149192
4374 0.00148729
4375 0.00148283
4376 0.00147854
4377 0.00147443
4378 0.00147049
4379 0.00146674
4380 0.00146316
4381 0.00145977
4382 0.00145657
4383 0.00145355
4384 0.00145071
4385 0.00144807
4386 0.00144561
4387 0.00144333
4388 0.00144125
4389 0.00143935
4390 0.00143764
4391 0.00143611
4392 0.00143477
4393 0.00143361
4394 0.00143263
4395 0.00143183
4396 0.00143121
4397 0.00143076
4398 0.00143049
4399 0.00143039
4400 0.00143046
4401 0.00143069
4402 0.00143108
4403 0.00143164
4404 0.00143234
4405 0.0014332
4406 0.00143421
4407 0.00143536
4408 0.00143665
4409 0.00143807
4410 0.00143962
4411 0.00144131
4412 0.00144311
4413 0.00144503
4414 0.00144706
4415 0.0014492
4416 0.00145145
4417 0.00145379
4418 0.00145622
4419 0.00145875
4420 0.00146135
4421 0.00146404
4422 0.00146679
4423 0.00146961
4424 0.0014725
4425 0.00147544
4426 0.00147844
4427 0.00148148
4428 0.00148456
4429 0.00148768
4430 0.00149084
4431 0.00149402
4432 0.00149722
4433 0.00150044
4434 0.00150367
4435 0.00150691
4436 0.00151015
4437 0.00151339
4438 0.00151662
4439 0.00151984
4440 0.00152305
4441 0.00152624
4442 0.0015294
4443 0.00153254
4444 0.00153564
4445 0.0015387
4446 0.00154173
4447 0.00154471
4448 0.00154765
4449 0.00155053
4450 0.00155335
4451 0.00155612
4452 0.00155883
4453 0.00156147
4454 0.00156404
4455 0.00156654
4456 0.00156897
4457 0.00157132
4458 0.00157359
4459 0.00157577
4460 0.00157787
4461 0.00157989
4462 0.00158181
4463 0.00158364
4464 0.00158538
4465 0.00158701
4466 0.00158855
4467 0.00158999
4468 0.00159133
4469 0.00159256
4470 0.00159369
4471 0.00159471
4472 0.00159563
4473 0.00159643
4474 0.00159712
4475 0.0015977
4476 0.00159817
4477 0.00159852
4478 0.00159876
4479 0.00159889
4480 0.0015989
4481 0.00159879
4482 0.00159857
4483 0.00159823
4484 0.00159777
4485 0.0015972
4486 0.00159651
4487 0.0015957
4488 0.00159478
4489 0.00159374
4490 0.00159259
4491 0.00159132
4492 0.00158994
4493 0.00158844
4494 0.00158683
4495 0.0015851
4496 0.00158327
4497 0.00158133
4498 0.00157927
4499 0.00157711
4500 0.00157484
4501 0.00157247
4502 0.00157
4503 0.00156742
4504 0.00156474
4505 0.00156196
4506 0.00155909
4507 0.00155612
4508 0.00155306
4509 0.00154991
4510 0.00154667
4511 0.00154334
4512 0.00153993
4513 0.00153644
4514 0.00153287
4515 0.00152922
4516 0.0015255
4517 0.0015217
4518 0.00151784
4519 0.00151392
4520 0.00150993
4521 0.00150588
4522 0.00150178
4523 0.00149762
4524 0.00149342
4525 0.00148917
4526 0.00148487
4527 0.00148053
4528 0.00147616
4529 0.00147176
4530 0.00146732
4531 0.00146286
4532 0.00145838
4533 0.00145389
4534 0.00144937
4535 0.00144485
4536 0.00144032
4537 0.00143579
4538 0.00143125
4539 0.00142673
4540 0.00142221
4541 0.00141771
4542 0.00141322
4543 0.00140876
4544 0.00140432
4545 0.00139991
4546 0.00139553
4547 0.00139119
4548 0.0013869
4549 0.00138265
4550 0.00137845
4551 0.0013743
4552 0.00137021
4553 0.00136619
4554 0.00136223
4555 0.00135834
4556 0.00135452
4557 0.00135078
4558 0.00134713
4559 0.00134356
4560 0.00134007
4561 0.00133668
4562 0.00133339
4563 0.0013302
4564 0.00132711
4565 0.00132412
4566 0.00132124
4567 0.00131848
4568 0.00131583
4569 0.0013133
4570 0.00131089
4571 0.0013086
4572 0.00130644
4573 0.00130441
4574 0.0013025
4575 0.00130073
4576 0.00129909
4577 0.00129758
4578 0.00129622
4579 0.00129499
4580 0.0012939
4581 0.00129295
4582 0.00129214
4583 0.00129147
4584 0.00129094
4585 0.00129056
4586 0.00129032
4587 0.00129022
4588 0.00129026
4589 0.00129044
4590 0.00129077
4591 0.00129124
4592 0.00129184
4593 0.00129259
4594 0.00129347
4595 0.00129448
4596 0.00129563
4597 0.00129692
4598 0.00129833
4599 0.00129987
4600 0.00130154
4601 0.00130333
4602 0.00130524
4603 0.00130728
4604 0.00130942
4605 0.00131168
4606 0.00131406
4607 0.00131653
4608 0.00131912
4609 0.0013218
4610 0.00132458
4611 0.00132746
4612 0.00133042
4613 0.00133347
4614 0.00133661
4615 0.00133982
4616 0.00134312
4617 0.00134648
4618 0.00134991
4619 0.00135341
4620 0.00135697
4621 0.00136058
4622 0.00136425
4623 0.00136796
4624 0.00137172
4625 0.00137552
4626 0.00137936
4627 0.00138323
4628 0.00138713
4629 0.00139106
4630 0.001395
4631 0.00139897
4632 0.00140294
4633 0.00140693
4634 0.00141092
4635 0.00141491
4636 0.0014189
4637 0.00142289
4638 0.00142687
4639 0.00143083
4640 0.00143477
4641 0.0014387
4642 0.0014426
4643 0.00144648
4644 0.00145032
4645 0.00145413
4646 0.00145791
4647 0.00146164
4648 0.00146533
4649 0.00146897
4650 0.00147257
4651 0.00147611
4652 0.00147959
4653 0.00148302
4654 0.00148639
4655 0.00148969
4656 0.00149292
4657 0.00149609
4658 0.00149918
4659 0.0015022
4660 0.00150515
4661 0.00150801
4662 0.0015108
4663 0.0015135
4664 0.00151612
4665 0.00151865
4666 0.00152109
4667 0.00152344
4668 0.00152569
4669 0.00152785
4670 0.00152992
4671 0.00153189
4672 0.00153376
4673 0.00153552
4674 0.00153719
4675 0.00153875
4676 0.00154021
4677 0.00154156
4678 0.00154281
4679 0.00154395
4680 0.00154498
4681 0.0015459
4682 0.00154671
4683 0.0015474
4684 0.00154799
4685 0.00154846
4686 0.00154883
4687 0.00154907
4688 0.00154921
4689 0.00154923
4690 0.00154913
4691 0.00154893
4692 0.0015486
4693 0.00154817
4694 0.00154761
4695 0.00154695
4696 0.00154617
4697 0.00154527
4698 0.00154427
4699 0.00154314
4700 0.00154191
4701 0.00154056
4702 0.00153911
4703 0.00153754
4704 0.00153586
4705 0.00153407
4706 0.00153217
4707 0.00153016
4708 0.00152805
4709 0.00152583
4710 0.0015235
4711 0.00152107
4712 0.00151854
4713 0.00151591
4714 0.00151317
4715 0.00151034
4716 0.00150741
4717 0.00150439
4718 0.00150127
4719 0.00149806
4720 0.00149475
4721 0.00149136
4722 0.00148788
4723 0.00148432
4724 0.00148067
4725 0.00147694
4726 0.00147313
4727 0.00146924
4728 0.00146527
4729 0.00146124
4730 0.00145713
4731 0.00145295
4732 0.00144871
4733 0.0014444
4734 0.00144003
4735 0.0014356
4736 0.00143111
4737 0.00142657
4738 0.00142197
4739 0.00141733
4740 0.00141264
4741 0.00140791
4742 0.00140314
4743 0.00139833
4744 0.00139348
4745 0.0013886
4746 0.00138369
4747 0.00137875
4748 0.00137379
4749 0.00136881
4750 0.00136382
4751 0.0013588
4752 0.00135378
4753 0.00134875
4754 0.00134371
4755 0.00133867
4756 0.00133363
4757 0.0013286
4758 0.00132357
4759 0.00131855
4760 0.00131355
4761 0.00130856
4762 0.0013036
4763 0.00129865
4764 0.00129374
4765 0.00128885
4766 0.001284
4767 0.00127918
4768 0.0012744
4769 0.00126966
4770 0.00126497
4771 0.00126033
4772 0.00125573
4773 0.0012512
4774 0.00124672
4775 0.0012423
4776 0.00123794
4777 0.00123365
4778 0.00122943
4779 0.00122528
4780 0.0012212
4781 0.0012172
4782 0.00121328
4783 0.00120944
4784 0.00120569
4785 0.00120202
4786 0.00119844
4787 0.00119495
4788 0.00119156
4789 0.00118825
4790 0.00118505
4791 0.00118194
4792 0.00117893
4793 0.00117603
4794 0.00117322
4795 0.00117052
4796 0.00116793
4797 0.00116544
4798 0.00116306
4799 0.00116078
4800 0.00115862
4801 0.00115656
4802 0.00115462
4803 0.00115278
4804 0.00115106
4805 0.00114944
4806 0.00114794
4807 0.00114654
4808 0.00114526
4809 0.00114408
4810 0.00114301
4811 0.00114205
4812 0.0011412
4813 0.00114045
4814 0.00113981
4815 0.00113927
4816 0.00113884
4817 0.00113851
4818 0.00113827
4819 0.00113814
4820 0.0011381
4821 0.00113815
4822 0.0011383
4823 0.00113854
4824 0.00113887
4825 0.00113928
4826 0.00113978
4827 0.00114036
4828 0.00114102
4829 0.00114176
4830 0.00114257
4831 0.00114345
4832 0.0011444
4833 0.00114542
4834 0.00114651
4835 0.00114765
4836 0.00114885
4837 0.00115011
4838 0.00115142
4839 0.00115278
4840 0.00115419
4841 0.00115564
4842 0.00115713
4843 0.00115866
4844 0.00116022
4845 0.00116181
4846 0.00116344
4847 0.00116509
4848 0.00116676
4849 0.00116846
4850 0.00117017
4851 0.00117189
4852 0.00117363
4853 0.00117538
4854 0.00117713
4855 0.00117888
4856 0.00118064
4857 0.00118239
4858 0.00118414
4859 0.00118588
4860 0.00118761
4861 0.00118932
4862 0.00119102
4863 0.00119271
4864 0.00119437
4865 0.00119601
4866 0.00119763
4867 0.00119921
4868 0.00120077
4869 0.0012023
4870 0.00120379
4871 0.00120525
4872 0.00120667
4873 0.00120804
4874 0.00120938
4875 0.00121068
4876 0.00121192
4877 0.00121313
4878 0.00121428
4879 0.00121538
4880 0.00121643
4881 0.00121743
4882 0.00121837
4883 0.00121926
4884 0.00122009
4885 0.00122086
4886 0.00122157
4887 0.00122222
4888 0.00122281
4889 0.00122334
4890 0.0012238
4891 0.0012242
4892 0.00122454
4893 0.00122481
4894 0.00122501
4895 0.00122514
4896 0.00122521
4897 0.00122521
4898 0.00122514
4899 0.001225
4900 0.00122479
4901 0.00122452
4902 0.00122417
4903 0.00122376
4904 0.00122328
4905 0.00122272
4906 0.0012221
4907 0.00122141
4908 0.00122065
4909 0.00121982
4910 0.00121892
4911 0.00121796
4912 0.00121693
4913 0.00121583
4914 0.00121466
4915 0.00121343
4916 0.00121214
4917 0.00121078
4918 0.00120936
4919 0.00120787
4920 0.00120632
4921 0.00120472
4922 0.00120305
4923 0.00120133
4924 0.00119955
4925 0.00119771
4926 0.00119582
4927 0.00119387
4928 0.00119187
4929 0.00118982
4930 0.00118773
4931 0.00118558
4932 0.00118339
4933 0.00118115
4934 0.00117887
4935 0.00117655
4936 0.00117419
4937 0.0011718
4938 0.00116936
4939 0.00116689
4940 0.00116439
4941 0.00116186
4942 0.00115931
4943 0.00115672
4944 0.00115411
4945 0.00115148
4946 0.00114883
4947 0.00114616
4948 0.00114347
4949 0.00114077
4950 0.00113806
4951 0.00113534
4952 0.00113262
4953 0.00112989
4954 0.00112715
4955 0.00112442
4956 0.00112169
4957 0.00111896
4958 0.00111624
4959 0.00111353
4960 0.00111084
4961 0.00110815
4962 0.00110549
4963 0.00110284
4964 0.00110021
4965 0.00109761
4966 0.00109503
4967 0.00109248
4968 0.00108996
4969 0.00108748
4970 0.00108503
4971 0.00108262
4972 0.00108024
4973 0.00107791
4974 0.00107563
4975 0.00107339
4976 0.0010712
4977 0.00106906
4978 0.00106697
4979 0.00106493
4980 0.00106296
4981 0.00106104
4982 0.00105918
4983 0.00105739
4984 0.00105565
4985 0.00105399
4986 0.00105239
4987 0.00105086
4988 0.0010494
4989 0.00104801
4990 0.00104669
4991 0.00104545
4992 0.00104428
4993 0.00104319
4994 0.00104217
4995 0.00104124
4996 0.00104038
4997 0.0010396
4998 0.0010389
4999 0.00103828
5000 0.00103775
5001 0.00103729
5002 0.00103692
5003 0.00103663
5004 0.00103642
5005 0.00103629
5006 0.00103625
5007 0.00103628
5008 0.0010364
5009 0.0010366
5010 0.00103688
5011 0.00103724
5012 0.00103767
5013 0.00103819
5014 0.00103878
5015 0.00103945
5016 0.0010402
5017 0.00104102
5018 0.00104192
5019 0.00104288
5020 0.00104392
5021 0.00104503
5022 0.0010462
5023 0.00104744
5024 0.00104875
5025 0.00105012
5026 0.00105155
5027 0.00105304
5028 0.00105459
5029 0.00105619
5030 0.00105785
5031 0.00105956
5032 0.00106132
5033 0.00106313
5034 0.00106499
5035 0.00106689
5036 0.00106883
5037 0.00107081
5038 0.00107282
5039 0.00107488
5040 0.00107696
5041 0.00107908
5042 0.00108122
5043 0.00108339
5044 0.00108559
5045 0.0010878
5046 0.00109004
5047 0.00109229
5048 0.00109455
5049 0.00109683
5050 0.00109912
5051 0.00110142
5052 0.00110372
5053 0.00110602
5054 0.00110833
5055 0.00111063
5056 0.00111293
5057 0.00111523
5058 0.00111752
5059 0.00111979
5060 0.00112206
5061 0.00112431
5062 0.00112654
5063 0.00112876
5064 0.00113095
5065 0.00113313
5066 0.00113527
5067 0.0011374
5068 0.00113949
5069 0.00114156
5070 0.00114359
5071 0.00114559
5072 0.00114755
5073 0.00114948
5074 0.00115137
5075 0.00115321
5076 0.00115502
5077 0.00115678
5078 0.0011585
5079 0.00116017
5080 0.00116179
5081 0.00116337
5082 0.00116489
5083 0.00116636
5084 0.00116778
5085 0.00116914
5086 0.00117045
5087 0.0011717
5088 0.0011729
5089 0.00117404
5090 0.00117511
5091 0.00117613
5092 0.00117708
5093 0.00117797
5094 0.0011788
5095 0.00117957
5096 0.00118027
5097 0.0011809
5098 0.00118147
5099 0.00118198
5100 0.00118241
5101 0.00118278
5102 0.00118308
5103 0.00118331
5104 0.00118348
5105 0.00118357
5106 0.0011836
5107 0.00118355
5108 0.00118344
5109 0.00118326
5110 0.00118301
5111 0.00118268
5112 0.00118229
5113 0.00118183
5114 0.0011813
5115 0.0011807
5116 0.00118003
5117 0.00117929
5118 0.00117848
5119 0.0011776
5120 0.00117666
5121 0.00117565
5122 0.00117457
5123 0.00117342
5124 0.00117221
5125 0.00117093
5126 0.00116959
5127 0.00116818
5128 0.00116671
5129 0.00116518
5130 0.00116358
5131 0.00116192
5132 0.0011602
5133 0.00115843
5134 0.00115659
5135 0.0011547
5136 0.00115274
5137 0.00115074
5138 0.00114867
5139 0.00114656
5140 0.00114439
5141 0.00114217
5142 0.0011399
5143 0.00113759
5144 0.00113522
5145 0.00113281
5146 0.00113035
5147 0.00112785
5148 0.00112531
5149 0.00112273
5150 0.0011201
5151 0.00111744
5152 0.00111475
5153 0.00111202
5154 0.00110925
5155 0.00110646
5156 0.00110363
5157 0.00110078
5158 0.0010979
5159 0.001095
5160 0.00109207
5161 0.00108912
5162 0.00108615
5163 0.00108317
5164 0.00108017
5165 0.00107715
5166 0.00107412
5167 0.00107108
5168 0.00106803
5169 0.00106498
5170 0.00106192
5171 0.00105885
5172 0.00105579
5173 0.00105273
5174 0.00104967
5175 0.00104661
5176 0.00104356
5177 0.00104052
5178 0.00103748
5179 0.00103446
5180 0.00103146
5181 0.00102847
5182 0.0010255
5183 0.00102254
5184 0.00101961
5185 0.0010167
5186 0.00101382
5187 0.00101096
5188 0.00100813
5189 0.00100533
5190 0.00100257
5191 0.000999832
5192 0.000997134
5193 0.000994474
5194 0.000991851
5195 0.000989269
5196 0.000986729
5197 0.000984232
5198 0.000981779
5199 0.000979372
5200 0.000977013
5201 0.000974703
5202 0.000972442
5203 0.000970233
5204 0.000968076
5205 0.000965973
5206 0.000963924
5207 0.000961931
5208 0.000959995
5209 0.000958116
5210 0.000956295
5211 0.000954534
5212 0.000952832
5213 0.000951191
5214 0.000949611
5215 0.000948093
5216 0.000946637
5217 0.000945243
5218 0.000943912
5219 0.000942645
5220 0.00094144
5221 0.000940299
5222 0.000939221
5223 0.000938207
5224 0.000937256
5225 0.000936369
5226 0.000935544
5227 0.000934783
5228 0.000934083
5229 0.000933446
5230 0.00093287
5231 0.000932355
5232 0.0009319
5233 0.000931506
5234 0.00093117
5235 0.000930892
5236 0.000930672
5237 0.000930508
5238 0.0009304
5239 0.000930346
5240 0.000930346
5241 0.000930398
5242 0.000930501
5243 0.000930654
5244 0.000930856
5245 0.000931106
5246 0.000931401
5247 0.000931742
5248 0.000932125
5249 0.000932551
5250 0.000933018
5251 0.000933523
5252 0.000934066
5253 0.000934645
5254 0.000935258
5255 0.000935904
5256 0.000936581
5257 0.000937288
5258 0.000938023
5259 0.000938784
5260 0.00093957
5261 0.000940379
5262 0.000941209
5263 0.000942059
5264 0.000942927
5265 0.000943811
5266 0.00094471
5267 0.000945622
5268 0.000946545
5269 0.000947478
5270 0.000948419
5271 0.000949367
5272 0.000950319
5273 0.000951274
5274 0.000952231
5275 0.000953188
5276 0.000954143
5277 0.000955096
5278 0.000956043
5279 0.000956985
5280 0.000957919
5281 0.000958844
5282 0.000959758
5283 0.00096066
5284 0.00096155
5285 0.000962424
5286 0.000963283
5287 0.000964124
5288 0.000964947
5289 0.000965751
5290 0.000966533
5291 0.000967293
5292 0.00096803
5293 0.000968743
5294 0.00096943
5295 0.000970091
5296 0.000970725
5297 0.00097133
5298 0.000971906
5299 0.000972451
5300 0.000972966
5301 0.000973448
5302 0.000973898
5303 0.000974315
5304 0.000974698
5305 0.000975045
5306 0.000975358
5307 0.000975634
5308 0.000975874
5309 0.000976077
5310 0.000976242
5311 0.000976369
5312 0.000976458
5313 0.000976508
5314 0.000976519
5315 0.000976491
5316 0.000976423
5317 0.000976315
5318 0.000976168
5319 0.00097598
5320 0.000975752
5321 0.000975484
5322 0.000975175
5323 0.000974826
5324 0.000974437
5325 0.000974008
5326 0.000973539
5327 0.00097303
5328 0.000972482
5329 0.000971894
5330 0.000971267
5331 0.000970601
5332 0.000969897
5333 0.000969155
5334 0.000968375
5335 0.000967558
5336 0.000966705
5337 0.000965815
5338 0.00096489
5339 0.000963929
5340 0.000962935
5341 0.000961906
5342 0.000960845
5343 0.000959751
5344 0.000958625
5345 0.000957469
5346 0.000956283
5347 0.000955067
5348 0.000953824
5349 0.000952552
5350 0.000951255
5351 0.000949932
5352 0.000948584
5353 0.000947212
5354 0.000945819
5355 0.000944403
5356 0.000942967
5357 0.000941512
5358 0.000940039
5359 0.000938548
5360 0.000937042
5361 0.000935521
5362 0.000933986
5363 0.000932439
5364 0.000930881
5365 0.000929313
5366 0.000927736
5367 0.000926152
5368 0.000924561
5369 0.000922966
5370 0.000921368
5371 0.000919767
5372 0.000918165
5373 0.000916564
5374 0.000914965
5375 0.000913369
5376 0.000911777
5377 0.000910191
5378 0.000908612
5379 0.000907041
5380 0.000905481
5381 0.000903931
5382 0.000902394
5383 0.000900871
5384 0.000899363
5385 0.000897871
5386 0.000896397
5387 0.000894941
5388 0.000893506
5389 0.000892093
5390 0.000890702
5391 0.000889335
5392 0.000887994
5393 0.000886678
5394 0.00088539
5395 0.000884131
5396 0.000882901
5397 0.000881702
5398 0.000880535
5399 0.000879401
5400 0.0008783
5401 0.000877234
5402 0.000876204
5403 0.00087521
5404 0.000874254
5405 0.000873336
5406 0.000872458
5407 0.000871618
5408 0.00087082
5409 0.000870062
5410 0.000869346
5411 0.000868673
5412 0.000868042
5413 0.000867454
5414 0.00086691
5415 0.000866411
5416 0.000865955
5417 0.000865545
5418 0.000865179
5419 0.000864859
5420 0.000864584
5421 0.000864354
5422 0.00086417
5423 0.000864032
5424 0.000863939
5425 0.000863891
5426 0.000863888
5427 0.000863931
5428 0.000864018
5429 0.00086415
5430 0.000864326
5431 0.000864546
5432 0.000864809
5433 0.000865116
5434 0.000865464
5435 0.000865855
5436 0.000866287
5437 0.000866759
5438 0.000867272
5439 0.000867824
5440 0.000868414
5441 0.000869042
5442 0.000869707
5443 0.000870408
5444 0.000871144
5445 0.000871914
5446 0.000872718
5447 0.000873554
5448 0.000874421
5449 0.000875318
5450 0.000876244
5451 0.000877199
5452 0.00087818
5453 0.000879187
5454 0.000880219
5455 0.000881275
5456 0.000882352
5457 0.000883451
5458 0.000884569
5459 0.000885706
5460 0.000886861
5461 0.000888031
5462 0.000889217
5463 0.000890416
5464 0.000891627
5465 0.000892849
5466 0.000894081
5467 0.000895322
5468 0.000896569
5469 0.000897823
5470 0.000899081
5471 0.000900342
5472 0.000901605
5473 0.00090287
5474 0.000904133
5475 0.000905395
5476 0.000906654
5477 0.000907909
5478 0.000909158
5479 0.0009104
5480 0.000911635
5481 0.00091286
5482 0.000914075
5483 0.000915279
5484 0.00091647
5485 0.000917647
5486 0.00091881
5487 0.000919956
5488 0.000921086
5489 0.000922197
5490 0.00092329
5491 0.000924362
5492 0.000925413
5493 0.000926442
5494 0.000927448
5495 0.00092843
5496 0.000929387
5497 0.000930318
5498 0.000931222
5499 0.000932099
5500 0.000932948
5501 0.000933768
5502 0.000934557
5503 0.000935316
5504 0.000936044
5505 0.00093674
5506 0.000937403
5507 0.000938033
5508 0.000938629
5509 0.00093919
5510 0.000939716
5511 0.000940207
5512 0.000940662
5513 0.00094108
5514 0.000941461
5515 0.000941805
5516 0.000942111
5517 0.000942379
5518 0.000942608
5519 0.000942799
5520 0.00094295
5521 0.000943062
5522 0.000943135
5523 0.000943168
5524 0.000943161
5525 0.000943115
5526 0.000943028
5527 0.0009429
5528 0.000942733
5529 0.000942525
5530 0.000942277
5531 0.000941989
5532 0.000941661
5533 0.000941293
5534 0.000940884
5535 0.000940436
5536 0.000939948
5537 0.000939421
5538 0.000938854
5539 0.000938249
5540 0.000937605
5541 0.000936922
5542 0.000936201
5543 0.000935443
5544 0.000934647
5545 0.000933814
5546 0.000932945
5547 0.00093204
5548 0.000931099
5549 0.000930122
5550 0.000929112
5551 0.000928067
5552 0.000926989
5553 0.000925878
5554 0.000924735
5555 0.00092356
5556 0.000922354
5557 0.000921118
5558 0.000919853
5559 0.000918558
5560 0.000917236
5561 0.000915886
5562 0.000914509
5563 0.000913107
5564 0.00091168
5565 0.000910229
5566 0.000908754
5567 0.000907258
5568 0.000905739
5569 0.0009042
5570 0.000902642
5571 0.000901064
5572 0.000899469
5573 0.000897857
5574 0.000896229
5575 0.000894587
5576 0.00089293
5577 0.00089126
5578 0.000889579
5579 0.000887887
5580 0.000886185
5581 0.000884474
5582 0.000882755
5583 0.00088103
5584 0.000879299
5585 0.000877564
5586 0.000875825
5587 0.000874084
5588 0.000872341
5589 0.000870598
5590 0.000868856
5591 0.000867115
5592 0.000865378
5593 0.000863645
5594 0.000861916
5595 0.000860194
5596 0.000858479
5597 0.000856773
5598 0.000855075
5599 0.000853388
5600 0.000851712
5601 0.000850049
5602 0.000848399
5603 0.000846763
5604 0.000845143
5605 0.000843539
5606 0.000841952
5607 0.000840383
5608 0.000838834
5609 0.000837304
5610 0.000835796
5611 0.000834309
5612 0.000832845
5613 0.000831404
5614 0.000829987
5615 0.000828596
5616 0.00082723
5617 0.00082589
5618 0.000824578
5619 0.000823294
5620 0.000822038
5621 0.000820811
5622 0.000819614
5623 0.000818447
5624 0.000817311
5625 0.000816206
5626 0.000815133
5627 0.000814092
5628 0.000813084
5629 0.000812109
5630 0.000811167
5631 0.000810259
5632 0.000809384
5633 0.000808544
5634 0.000807737
5635 0.000806966
5636 0.000806229
5637 0.000805526
5638 0.000804859
5639 0.000804226
5640 0.000803628
5641 0.000803065
5642 0.000802536
5643 0.000802042
5644 0.000801582
5645 0.000801157
5646 0.000800765
5647 0.000800408
5648 0.000800083
5649 0.000799792
5650 0.000799534
5651 0.000799308
5652 0.000799115
5653 0.000798953
5654 0.000798822
5655 0.000798722
5656 0.000798652
5657 0.000798611
5658 0.0007986
5659 0.000798617
5660 0.000798662
5661 0.000798734
5662 0.000798833
5663 0.000798957
5664 0.000799107
5665 0.000799281
5666 0.000799479
5667 0.000799699
5668 0.000799942
5669 0.000800206
5670 0.000800491
5671 0.000800795
5672 0.000801118
5673 0.000801459
5674 0.000801817
5675 0.000802192
5676 0.000802582
5677 0.000802987
5678 0.000803405
5679 0.000803836
5680 0.000804279
5681 0.000804732
5682 0.000805196
5683 0.000805669
5684 0.000806151
5685 0.000806639
5686 0.000807134
5687 0.000807635
5688 0.00080814
5689 0.000808649
5690 0.000809161
5691 0.000809675
5692 0.00081019
5693 0.000810706
5694 0.00081122
5695 0.000811734
5696 0.000812245
5697 0.000812753
5698 0.000813257
5699 0.000813756
5700 0.000814249
5701 0.000814737
5702 0.000815217
5703 0.000815689
5704 0.000816153
5705 0.000816608
5706 0.000817052
5707 0.000817486
5708 0.000817908
5709 0.000818319
5710 0.000818716
5711 0.000819101
5712 0.000819471
5713 0.000819827
5714 0.000820168
5715 0.000820493
5716 0.000820802
5717 0.000821095
5718 0.00082137
5719 0.000821628
5720 0.000821868
5721 0.000822089
5722 0.000822291
5723 0.000822474
5724 0.000822637
5725 0.000822781
5726 0.000822904
5727 0.000823006
5728 0.000823088
5729 0.000823148
5730 0.000823187
5731 0.000823205
5732 0.000823201
5733 0.000823175
5734 0.000823126
5735 0.000823056
5736 0.000822963
5737 0.000822848
5738 0.00082271
5739 0.00082255
5740 0.000822368
5741 0.000822163
5742 0.000821935
5743 0.000821685
5744 0.000821413
5745 0.000821119
5746 0.000820802
5747 0.000820464
5748 0.000820103
5749 0.000819721
5750 0.000819318
5751 0.000818893
5752 0.000818448
5753 0.000817981
5754 0.000817494
5755 0.000816988
5756 0.000816461
5757 0.000815914
5758 0.000815349
5759 0.000814765
5760 0.000814162
5761 0.000813542
5762 0.000812904
5763 0.000812248
5764 0.000811576
5765 0.000810888
5766 0.000810185
5767 0.000809466
5768 0.000808732
5769 0.000807984
5770 0.000807223
5771 0.000806448
5772 0.000805662
5773 0.000804863
5774 0.000804053
5775 0.000803232
5776 0.000802402
5777 0.000801561
5778 0.000800713
5779 0.000799856
5780 0.000798991
5781 0.00079812
5782 0.000797243
5783 0.00079636
5784 0.000795472
5785 0.000794581
5786 0.000793686
5787 0.000792788
5788 0.000791889
5789 0.000790988
5790 0.000790087
5791 0.000789186
5792 0.000788286
5793 0.000787388
5794 0.000786492
5795 0.000785599
5796 0.00078471
5797 0.000783826
5798 0.000782947
5799 0.000782074
5800 0.000781207
5801 0.000780348
5802 0.000779497
5803 0.000778655
5804 0.000777822
5805 0.000776999
5806 0.000776187
5807 0.000775387
5808 0.000774598
5809 0.000773823
5810 0.00077306
5811 0.000772312
5812 0.000771578
5813 0.00077086
5814 0.000770157
5815 0.00076947
5816 0.0007688
5817 0.000768148
5818 0.000767514
5819 0.000766898
5820 0.0007663
5821 0.000765722
5822 0.000765164
5823 0.000764626
5824 0.000764109
5825 0.000763612
5826 0.000763137
5827 0.000762683
5828 0.000762252
5829 0.000761843
5830 0.000761456
5831 0.000761092
5832 0.000760751
5833 0.000760433
5834 0.000760139
5835 0.000759868
5836 0.000759621
5837 0.000759398
5838 0.000759199
5839 0.000759023
5840 0.000758872
5841 0.000758745
5842 0.000758642
5843 0.000758562
5844 0.000758507
5845 0.000758475
5846 0.000758468
5847 0.000758483
5848 0.000758523
5849 0.000758585
5850 0.000758671
5851 0.000758779
5852 0.000758911
5853 0.000759064
5854 0.00075924
5855 0.000759437
5856 0.000759656
5857 0.000759896
5858 0.000760156
5859 0.000760437
5860 0.000760738
5861 0.000761059
5862 0.000761398
5863 0.000761756
5864 0.000762132
5865 0.000762526
5866 0.000762937
5867 0.000763365
5868 0.000763809
5869 0.000764268
5870 0.000764742
5871 0.00076523
5872 0.000765733
5873 0.000766248
5874 0.000766776
5875 0.000767316
5876 0.000767868
5877 0.00076843
5878 0.000769002
5879 0.000769584
5880 0.000770174
5881 0.000770773
5882 0.000771378
5883 0.000771991
5884 0.00077261
5885 0.000773234
5886 0.000773862
5887 0.000774495
5888 0.000775132
5889 0.00077577
5890 0.000776411
5891 0.000777053
5892 0.000777696
5893 0.000778339
5894 0.000778981
5895 0.000779622
5896 0.00078026
5897 0.000780896
5898 0.000781528
5899 0.000782157
5900 0.000782781
5901 0.000783399
5902 0.000784011
5903 0.000784617
5904 0.000785216
5905 0.000785807
5906 0.000786389
5907 0.000786963
5908 0.000787527
5909 0.00078808
5910 0.000788623
5911 0.000789155
5912 0.000789675
5913 0.000790183
5914 0.000790677
5915 0.000791159
5916 0.000791626
5917 0.00079208
5918 0.000792518
5919 0.000792941
5920 0.000793349
5921 0.00079374
5922 0.000794115
5923 0.000794473
5924 0.000794814
5925 0.000795137
5926 0.000795443
5927 0.000795729
5928 0.000795998
5929 0.000796247
5930 0.000796477
5931 0.000796687
5932 0.000796878
5933 0.000797049
5934 0.000797199
5935 0.000797329
5936 0.000797438
5937 0.000797527
5938 0.000797594
5939 0.00079764
5940 0.000797665
5941 0.000797669
5942 0.000797651
5943 0.000797612
5944 0.000797551
5945 0.000797468
5946 0.000797364
5947 0.000797238
5948 0.00079709
5949 0.00079692
5950 0.000796729
5951 0.000796516
5952 0.000796282
5953 0.000796026
5954 0.000795749
5955 0.00079545
5956 0.00079513
5957 0.00079479
5958 0.000794428
5959 0.000794046
5960 0.000793643
5961 0.00079322
5962 0.000792777
5963 0.000792315
5964 0.000791832
5965 0.00079133
5966 0.00079081
5967 0.00079027
5968 0.000789712
5969 0.000789136
5970 0.000788542
5971 0.00078793
5972 0.000787302
5973 0.000786657
5974 0.000785995
5975 0.000785317
5976 0.000784624
5977 0.000783915
5978 0.000783192
5979 0.000782455
5980 0.000781703
5981 0.000780938
5982 0.000780161
5983 0.00077937
5984 0.000778568
5985 0.000777754
5986 0.000776929
5987 0.000776094
5988 0.000775248
5989 0.000774393
5990 0.00077353
5991 0.000772657
5992 0.000771777
5993 0.00077089
5994 0.000769995
5995 0.000769095
5996 0.000768188
5997 0.000767277
5998 0.000766361
5999 0.000765441
6000 0.000764518
6001 0.000763591
6002 0.000762663
6003 0.000761733
6004 0.000760801
6005 0.000759869
6006 0.000758937
6007 0.000758006
6008 0.000757076
6009 0.000756147
6010 0.000755221
6011 0.000754298
6012 0.000753378
6013 0.000752462
6014 0.00075155
6015 0.000750644
6016 0.000749743
6017 0.000748849
6018 0.000747961
6019 0.00074708
6020 0.000746207
6021 0.000745342
6022 0.000744486
6023 0.000743639
6024 0.000742802
6025 0.000741975
6026 0.000741159
6027 0.000740353
6028 0.000739559
6029 0.000738778
6030 0.000738008
6031 0.000737251
6032 0.000736508
6033 0.000735778
6034 0.000735062
6035 0.00073436
6036 0.000733672
6037 0.000733
6038 0.000732343
6039 0.000731701
6040 0.000731075
6041 0.000730466
6042 0.000729872
6043 0.000729295
6044 0.000728735
6045 0.000728192
6046 0.000727666
6047 0.000727157
6048 0.000726666
6049 0.000726192
6050 0.000725736
6051 0.000725298
6052 0.000724877
6053 0.000724475
6054 0.00072409
6055 0.000723724
6056 0.000723376
6057 0.000723045
6058 0.000722733
6059 0.000722439
6060 0.000722162
6061 0.000721903
6062 0.000721662
6063 0.000721439
6064 0.000721233
6065 0.000721045
6066 0.000720874
6067 0.00072072
6068 0.000720583
6069 0.000720462
6070 0.000720358
6071 0.00072027
6072 0.000720199
6073 0.000720142
6074 0.000720102
6075 0.000720076
6076 0.000720066
6077 0.00072007
6078 0.000720088
6079 0.000720121
6080 0.000720167
6081 0.000720226
6082 0.000720298
6083 0.000720382
6084 0.000720479
6085 0.000720587
6086 0.000720707
6087 0.000720838
6088 0.000720979
6089 0.00072113
6090 0.000721291
6091 0.000721462
6092 0.000721641
6093 0.000721828
6094 0.000722023
6095 0.000722226
6096 0.000722436
6097 0.000722652
6098 0.000722875
6099 0.000723103
6100 0.000723336
6101 0.000723574
6102 0.000723816
6103 0.000724062
6104 0.000724312
6105 0.000724564
6106 0.000724818
6107 0.000725075
6108 0.000725333
6109 0.000725591
6110 0.000725851
6111 0.00072611
6112 0.000726369
6113 0.000726628
6114 0.000726885
6115 0.00072714
6116 0.000727394
6117 0.000727644
6118 0.000727892
6119 0.000728137
6120 0.000728377
6121 0.000728614
6122 0.000728846
6123 0.000729073
6124 0.000729295
6125 0.000729511
6126 0.000729721
6127 0.000729924
6128 0.000730121
6129 0.000730311
6130 0.000730493
6131 0.000730668
6132 0.000730835
6133 0.000730993
6134 0.000731143
6135 0.000731284
6136 0.000731416
6137 0.000731538
6138 0.000731651
6139 0.000731754
6140 0.000731847
6141 0.00073193
6142 0.000732002
6143 0.000732064
6144 0.000732115
6145 0.000732154
6146 0.000732183
6147 0.0007322
6148 0.000732206
6149 0.000732201
6150 0.000732184
6151 0.000732155
6152 0.000732114
6153 0.000732061
6154 0.000731997
6155 0.000731921
6156 0.000731832
6157 0.000731732
6158 0.000731619
6159 0.000731495
6160 0.000731358
6161 0.00073121
6162 0.000731049
6163 0.000730877
6164 0.000730693
6165 0.000730497
6166 0.00073029
6167 0.000730071
6168 0.00072984
6169 0.000729598
6170 0.000729345
6171 0.000729081
6172 0.000728806
6173 0.00072852
6174 0.000728223
6175 0.000727916
6176 0.000727599
6177 0.000727272
6178 0.000726935
6179 0.000726588
6180 0.000726232
6181 0.000725867
6182 0.000725493
6183 0.000725111
6184 0.000724719
6185 0.00072432
6186 0.000723913
6187 0.000723499
6188 0.000723077
6189 0.000722648
6190 0.000722213
6191 0.000721771
6192 0.000721323
6193 0.00072087
6194 0.000720411
6195 0.000719947
6196 0.000719478
6197 0.000719005
6198 0.000718528
6199 0.000718047
6200 0.000717563
6201 0.000717076
6202 0.000716587
6203 0.000716095
6204 0.000715602
6205 0.000715106
6206 0.00071461
6207 0.000714113
6208 0.000713616
6209 0.000713118
6210 0.000712621
6211 0.000712125
6212 0.00071163
6213 0.000711136
6214 0.000710645
6215 0.000710155
6216 0.000709668
6217 0.000709184
6218 0.000708703
6219 0.000708226
6220 0.000707753
6221 0.000707285
6222 0.000706821
6223 0.000706362
6224 0.000705909
6225 0.000705461
6226 0.000705019
6227 0.000704584
6228 0.000704156
6229 0.000703735
6230 0.00070332
6231 0.000702914
6232 0.000702516
6233 0.000702125
6234 0.000701743
6235 0.00070137
6236 0.000701006
6237 0.000700652
6238 0.000700306
6239 0.000699971
6240 0.000699645
6241 0.00069933
6242 0.000699025
6243 0.00069873
6244 0.000698446
6245 0.000698174
6246 0.000697912
6247 0.000697661
6248 0.000697422
6249 0.000697194
6250 0.000696978
6251 0.000696774
6252 0.000696581
6253 0.000696401
6254 0.000696232
6255 0.000696076
6256 0.000695931
6257 0.000695799
6258 0.000695679
6259 0.00069557
6260 0.000695475
6261 0.000695391
6262 0.000695319
6263 0.00069526
6264 0.000695212
6265 0.000695177
6266 0.000695153
6267 0.000695142
6268 0.000695142
6269 0.000695154
6270 0.000695177
6271 0.000695212
6272 0.000695258
6273 0.000695316
6274 0.000695384
6275 0.000695463
6276 0.000695553
6277 0.000695653
6278 0.000695764
6279 0.000695885
6280 0.000696015
6281 0.000696155
6282 0.000696305
6283 0.000696464
6284 0.000696632
6285 0.000696809
6286 0.000696994
6287 0.000697187
6288 0.000697388
6289 0.000697597
6290 0.000697813
6291 0.000698036
6292 0.000698266
6293 0.000698502
6294 0.000698744
6295 0.000698993
6296 0.000699246
6297 0.000699505
6298 0.000699769
6299 0.000700038
6300 0.00070031
6301 0.000700586
6302 0.000700866
6303 0.000701149
6304 0.000701435
6305 0.000701724
6306 0.000702014
6307 0.000702306
6308 0.0007026
6309 0.000702895
6310 0.000703191
6311 0.000703487
6312 0.000703783
6313 0.000704079
6314 0.000704374
6315 0.000704668
6316 0.000704961
6317 0.000705253
6318 0.000705542
6319 0.000705829
6320 0.000706113
6321 0.000706395
6322 0.000706673
6323 0.000706948
6324 0.000707218
6325 0.000707485
6326 0.000707747
6327 0.000708004
6328 0.000708256
6329 0.000708503
6330 0.000708744
6331 0.000708978
6332 0.000709207
6333 0.000709429
6334 0.000709645
6335 0.000709853
6336 0.000710054
6337 0.000710248
6338 0.000710433
6339 0.000710611
6340 0.000710781
6341 0.000710942
6342 0.000711094
6343 0.000711238
6344 0.000711373
6345 0.000711498
6346 0.000711614
6347 0.000711721
6348 0.000711818
6349 0.000711905
6350 0.000711982
6351 0.000712049
6352 0.000712105
6353 0.000712152
6354 0.000712187
6355 0.000712213
6356 0.000712227
6357 0.000712231
6358 0.000712224
6359 0.000712206
6360 0.000712178
6361 0.000712138
6362 0.000712087
6363 0.000712025
6364 0.000711952
6365 0.000711868
6366 0.000711773
6367 0.000711667
6368 0.00071155
6369 0.000711422
6370 0.000711283
6371 0.000711133
6372 0.000710972
6373 0.0007108
6374 0.000710617
6375 0.000710424
6376 0.00071022
6377 0.000710005
6378 0.00070978
6379 0.000709545
6380 0.0007093
6381 0.000709044
6382 0.000708778
6383 0.000708503
6384 0.000708218
6385 0.000707924
6386 0.00070762
6387 0.000707307
6388 0.000706984
6389 0.000706653
6390 0.000706314
6391 0.000705966
6392 0.000705609
6393 0.000705245
6394 0.000704873
6395 0.000704493
6396 0.000704106
6397 0.000703711
6398 0.00070331
6399 0.000702902
6400 0.000702487
6401 0.000702066
6402 0.00070164
6403 0.000701207
6404 0.000700769
6405 0.000700326
6406 0.000699878
6407 0.000699426
6408 0.000698969
6409 0.000698508
6410 0.000698043
6411 0.000697575
6412 0.000697103
6413 0.000696629
6414 0.000696151
6415 0.000695672
6416 0.00069519
6417 0.000694706
6418 0.000694221
6419 0.000693735
6420 0.000693248
6421 0.00069276
6422 0.000692272
6423 0.000691784
6424 0.000691296
6425 0.000690809
6426 0.000690322
6427 0.000689837
6428 0.000689353
6429 0.00068887
6430 0.00068839
6431 0.000687912
6432 0.000687436
6433 0.000686963
6434 0.000686493
6435 0.000686027
6436 0.000685564
6437 0.000685104
6438 0.000684649
6439 0.000684199
6440 0.000683753
6441 0.000683311
6442 0.000682875
6443 0.000682444
6444 0.000682019
6445 0.000681599
6446 0.000681185
6447 0.000680778
6448 0.000680377
6449 0.000679982
6450 0.000679594
6451 0.000679213
6452 0.000678839
6453 0.000678472
6454 0.000678113
6455 0.000677762
6456 0.000677418
6457 0.000677082
6458 0.000676753
6459 0.000676433
6460 0.000676122
6461 0.000675818
6462 0.000675523
6463 0.000675237
6464 0.000674959
6465 0.00067469
6466 0.000674429
6467 0.000674178
6468 0.000673935
6469 0.000673701
6470 0.000673476
6471 0.00067326
6472 0.000673053
6473 0.000672855
6474 0.000672666
6475 0.000672486
6476 0.000672314
6477 0.000672152
6478 0.000671999
6479 0.000671854
6480 0.000671719
6481 0.000671592
6482 0.000671474
6483 0.000671364
6484 0.000671263
6485 0.00067117
6486 0.000671086
6487 0.00067101
6488 0.000670942
6489 0.000670883
6490 0.000670831
6491 0.000670787
6492 0.00067075
6493 0.000670721
6494 0.0006707
6495 0.000670686
6496 0.000670678
6497 0.000670678
6498 0.000670684
6499 0.000670697
6500 0.000670716
6501 0.000670742
6502 0.000670773
6503 0.00067081
6504 0.000670853
6505 0.000670901
6506 0.000670955
6507 0.000671013
6508 0.000671076
6509 0.000671144
6510 0.000671216
6511 0.000671293
6512 0.000671373
6513 0.000671456
6514 0.000671544
6515 0.000671634
6516 0.000671728
6517 0.000671824
6518 0.000671923
6519 0.000672024
6520 0.000672127
6521 0.000672232
6522 0.000672339
6523 0.000672447
6524 0.000672556
6525 0.000672666
6526 0.000672777
6527 0.000672888
6528 0.000672999
6529 0.00067311
6530 0.000673222
6531 0.000673332
6532 0.000673442
6533 0.000673551
6534 0.000673659
6535 0.000673766
6536 0.000673871
6537 0.000673975
6538 0.000674076
6539 0.000674175
6540 0.000674272
6541 0.000674367
6542 0.000674458
6543 0.000674547
6544 0.000674632
6545 0.000674715
6546 0.000674794
6547 0.000674869
6548 0.00067494
6549 0.000675008
6550 0.000675071
6551 0.00067513
6552 0.000675184
6553 0.000675235
6554 0.00067528
6555 0.00067532
6556 0.000675356
6557 0.000675387
6558 0.000675412
6559 0.000675432
6560 0.000675447
6561 0.000675456
6562 0.00067546
6563 0.000675458
6564 0.00067545
6565 0.000675436
6566 0.000675417
6567 0.000675392
6568 0.00067536
6569 0.000675323
6570 0.000675279
6571 0.00067523
6572 0.000675174
6573 0.000675112
6574 0.000675044
6575 0.00067497
6576 0.000674889
6577 0.000674803
6578 0.00067471
6579 0.000674611
6580 0.000674506
6581 0.000674395
6582 0.000674277
6583 0.000674154
6584 0.000674024
6585 0.000673889
6586 0.000673747
6587 0.0006736
6588 0.000673447
6589 0.000673288
6590 0.000673124
6591 0.000672954
6592 0.000672779
6593 0.000672598
6594 0.000672412
6595 0.000672221
6596 0.000672024
6597 0.000671823
6598 0.000671617
6599 0.000671406
6600 0.000671191
6601 0.000670971
6602 0.000670746
6603 0.000670518
6604 0.000670285
6605 0.000670049
6606 0.000669809
6607 0.000669565
6608 0.000669318
6609 0.000669067
6610 0.000668813
6611 0.000668557
6612 0.000668297
6613 0.000668035
6614 0.00066777
6615 0.000667504
6616 0.000667235
6617 0.000666964
6618 0.000666691
6619 0.000666417
6620 0.000666141
6621 0.000665864
6622 0.000665586
6623 0.000665308
6624 0.000665028
6625 0.000664748
6626 0.000664468
6627 0.000664188
6628 0.000663908
6629 0.000663628
6630 0.000663349
6631 0.00066307
6632 0.000662792
6633 0.000662516
6634 0.00066224
6635 0.000661966
6636 0.000661693
6637 0.000661423
6638 0.000661154
6639 0.000660887
6640 0.000660622
6641 0.00066036
6642 0.000660101
6643 0.000659845
6644 0.000659591
6645 0.00065934
6646 0.000659093
6647 0.000658849
6648 0.000658609
6649 0.000658373
6650 0.00065814
6651 0.000657912
6652 0.000657687
6653 0.000657467
6654 0.000657251
6655 0.00065704
6656 0.000656834
6657 0.000656632
6658 0.000656435
6659 0.000656243
6660 0.000656056
6661 0.000655875
6662 0.000655699
6663 0.000655528
6664 0.000655362
6665 0.000655202
6666 0.000655048
6667 0.000654899
6668 0.000654756
6669 0.000654619
6670 0.000654488
6671 0.000654362
6672 0.000654243
6673 0.000654129
6674 0.000654022
6675 0.00065392
6676 0.000653824
6677 0.000653735
6678 0.000653651
6679 0.000653574
6680 0.000653502
6681 0.000653437
6682 0.000653377
6683 0.000653323
6684 0.000653276
6685 0.000653234
6686 0.000653198
6687 0.000653168
6688 0.000653144
6689 0.000653125
6690 0.000653112
6691 0.000653105
6692 0.000653103
6693 0.000653106
6694 0.000653115
6695 0.00065313
6696 0.000653149
6697 0.000653173
6698 0.000653203
6699 0.000653237
6700 0.000653276
6701 0.00065332
6702 0.000653368
6703 0.000653421
6704 0.000653478
6705 0.000653539
6706 0.000653604
6707 0.000653674
6708 0.000653746
6709 0.000653823
6710 0.000653903
6711 0.000653986
6712 0.000654073
6713 0.000654163
6714 0.000654255
6715 0.00065435
6716 0.000654448
6717 0.000654548
6718 0.000654651
6719 0.000654755
6720 0.000654862
6721 0.00065497
6722 0.000655079
6723 0.000655191
6724 0.000655303
6725 0.000655417
6726 0.000655531
6727 0.000655646
6728 0.000655762
6729 0.000655878
6730 0.000655994
6731 0.000656111
6732 0.000656227
6733 0.000656343
6734 0.000656458
6735 0.000656573
6736 0.000656687
6737 0.0006568
6738 0.000656912
6739 0.000657023
6740 0.000657132
6741 0.00065724
6742 0.000657346
6743 0.00065745
6744 0.000657552
6745 0.000657652
6746 0.000657749
6747 0.000657844
6748 0.000657936
6749 0.000658025
6750 0.000658111
6751 0.000658194
6752 0.000658274
6753 0.000658351
6754 0.000658424
6755 0.000658494
6756 0.00065856
6757 0.000658622
6758 0.00065868
6759 0.000658734
6760 0.000658783
6761 0.000658829
6762 0.00065887
6763 0.000658907
6764 0.000658939
6765 0.000658966
6766 0.000658989
6767 0.000659007
6768 0.00065902
6769 0.000659028
6770 0.000659031
6771 0.000659029
6772 0.000659022
6773 0.00065901
6774 0.000658993
6775 0.00065897
6776 0.000658942
6777 0.000658908
6778 0.000658869
6779 0.000658825
6780 0.000658775
6781 0.00065872
6782 0.00065866
6783 0.000658594
6784 0.000658522
6785 0.000658445
6786 0.000658363
6787 0.000658275
6788 0.000658182
6789 0.000658083
6790 0.000657979
6791 0.00065787
6792 0.000657755
6793 0.000657635
6794 0.00065751
6795 0.000657379
6796 0.000657243
6797 0.000657103
6798 0.000656957
6799 0.000656806
6800 0.00065665
6801 0.00065649
6802 0.000656325
6803 0.000656155
6804 0.00065598
6805 0.000655801
6806 0.000655617
6807 0.000655429
6808 0.000655237
6809 0.000655041
6810 0.00065484
6811 0.000654636
6812 0.000654427
6813 0.000654215
6814 0.000654
6815 0.000653781
6816 0.000653558
6817 0.000653332
6818 0.000653103
6819 0.000652871
6820 0.000652636
6821 0.000652398
6822 0.000652158
6823 0.000651915
6824 0.00065167
6825 0.000651422
6826 0.000651173
6827 0.000650921
6828 0.000650667
6829 0.000650412
6830 0.000650156
6831 0.000649897
6832 0.000649638
6833 0.000649377
6834 0.000649116
6835 0.000648854
6836 0.000648591
6837 0.000648327
6838 0.000648063
6839 0.000647799
6840 0.000647534
6841 0.00064727
6842 0.000647006
6843 0.000646742
6844 0.000646479
6845 0.000646216
6846 0.000645954
6847 0.000645693
6848 0.000645432
6849 0.000645173
6850 0.000644916
6851 0.000644659
6852 0.000644405
6853 0.000644152
6854 0.0006439
6855 0.000643651
6856 0.000643404
6857 0.000643158
6858 0.000642916
6859 0.000642675
6860 0.000642437
6861 0.000642202
6862 0.000641969
6863 0.00064174
6864 0.000641513
6865 0.000641289
6866 0.000641069
6867 0.000640851
6868 0.000640638
6869 0.000640427
6870 0.00064022
6871 0.000640016
6872 0.000639817
6873 0.00063962
6874 0.000639428
6875 0.00063924
6876 0.000639055
6877 0.000638875
6878 0.000638698
6879 0.000638526
6880 0.000638358
6881 0.000638193
6882 0.000638034
6883 0.000637878
6884 0.000637727
6885 0.00063758
6886 0.000637437
6887 0.000637298
6888 0.000637164
6889 0.000637035
6890 0.00063691
6891 0.000636789
6892 0.000636672
6893 0.00063656
6894 0.000636452
6895 0.000636349
6896 0.00063625
6897 0.000636155
6898 0.000636065
6899 0.000635979
6900 0.000635897
6901 0.000635819
6902 0.000635746
6903 0.000635676
6904 0.000635611
6905 0.00063555
6906 0.000635492
6907 0.000635439
6908 0.000635389
6909 0.000635343
6910 0.000635301
6911 0.000635263
6912 0.000635228
6913 0.000635197
6914 0.000635169
6915 0.000635145
6916 0.000635123
6917 0.000635105
6918 0.00063509
6919 0.000635078
6920 0.000635069
6921 0.000635063
6922 0.00063506
6923 0.000635059
6924 0.000635061
6925 0.000635065
6926 0.000635071
6927 0.00063508
6928 0.000635091
6929 0.000635104
6930 0.000635118
6931 0.000635135
6932 0.000635153
6933 0.000635173
6934 0.000635194
6935 0.000635217
6936 0.000635241
6937 0.000635266
6938 0.000635291
6939 0.000635318
6940 0.000635346
6941 0.000635374
6942 0.000635403
6943 0.000635432
6944 0.000635462
6945 0.000635492
6946 0.000635521
6947 0.000635551
6948 0.000635581
6949 0.000635611
6950 0.00063564
6951 0.000635668
6952 0.000635697
6953 0.000635724
6954 0.000635751
6955 0.000635776
6956 0.000635801
6957 0.000635825
6958 0.000635848
6959 0.000635869
6960 0.000635889
6961 0.000635907
6962 0.000635924
6963 0.00063594
6964 0.000635953
6965 0.000635965
6966 0.000635975
6967 0.000635982
6968 0.000635988
6969 0.000635992
6970 0.000635993
6971 0.000635993
6972 0.000635989
6973 0.000635984
6974 0.000635976
6975 0.000635965
6976 0.000635952
6977 0.000635936
6978 0.000635918
6979 0.000635897
6980 0.000635872
6981 0.000635846
6982 0.000635816
6983 0.000635783
6984 0.000635748
6985 0.000635709
6986 0.000635668
6987 0.000635623
6988 0.000635576
6989 0.000635525
6990 0.000635471
6991 0.000635414
6992 0.000635355
6993 0.000635292
6994 0.000635225
6995 0.000635156
6996 0.000635084
6997 0.000635008
6998 0.00063493
6999 0.000634848
7000 0.000634764
7001 0.000634676
7002 0.000634585
7003 0.000634492
7004 0.000634395
7005 0.000634296
7006 0.000634193
7007 0.000634088
7008 0.000633979
7009 0.000633868
7010 0.000633755
7011 0.000633638
7012 0.000633519
7013 0.000633398
7014 0.000633273
7015 0.000633147
7016 0.000633017
7017 0.000632886
7018 0.000632752
7019 0.000632616
7020 0.000632478
7021 0.000632337
7022 0.000632195
7023 0.00063205
7024 0.000631904
7025 0.000631756
7026 0.000631606
7027 0.000631454
7028 0.000631301
7029 0.000631146
7030 0.00063099
7031 0.000630833
7032 0.000630674
7033 0.000630514
7034 0.000630353
7035 0.000630192
7036 0.000630029
7037 0.000629865
7038 0.000629701
7039 0.000629536
7040 0.00062937
7041 0.000629204
7042 0.000629038
7043 0.000628871
7044 0.000628705
7045 0.000628538
7046 0.000628371
7047 0.000628204
7048 0.000628038
7049 0.000627872
7050 0.000627706
7051 0.000627541
7052 0.000627376
7053 0.000627212
7054 0.000627048
7055 0.000626886
7056 0.000626724
7057 0.000626564
7058 0.000626404
7059 0.000626246
7060 0.000626089
7061 0.000625933
7062 0.000625779
7063 0.000625626
7064 0.000625475
7065 0.000625326
7066 0.000625178
7067 0.000625032
7068 0.000624888
7069 0.000624746
7070 0.000624606
7071 0.000624468
7072 0.000624332
7073 0.000624198
7074 0.000624067
7075 0.000623937
7076 0.000623811
7077 0.000623686
7078 0.000623565
7079 0.000623445
7080 0.000623329
7081 0.000623215
7082 0.000623103
7083 0.000622995
7084 0.000622889
7085 0.000622785
7086 0.000622685
7087 0.000622587
7088 0.000622493
7089 0.000622401
7090 0.000622312
7091 0.000622226
7092 0.000622142
7093 0.000622062
7094 0.000621985
7095 0.000621911
7096 0.000621839
7097 0.000621771
7098 0.000621705
7099 0.000621643
7100 0.000621583
7101 0.000621526
7102 0.000621473
7103 0.000621422
7104 0.000621374
7105 0.000621329
7106 0.000621286
7107 0.000621247
7108 0.00062121
7109 0.000621176
7110 0.000621145
7111 0.000621117
7112 0.000621091
7113 0.000621068
7114 0.000621047
7115 0.000621029
7116 0.000621013
7117 0.000621
7118 0.000620989
7119 0.00062098
7120 0.000620974
7121 0.00062097
7122 0.000620968
7123 0.000620968
7124 0.00062097
7125 0.000620975
7126 0.000620981
7127 0.000620988
7128 0.000620998
7129 0.000621009
7130 0.000621022
7131 0.000621037
7132 0.000621053
7133 0.00062107
7134 0.000621089
7135 0.000621109
7136 0.00062113
7137 0.000621152
7138 0.000621175
7139 0.000621199
7140 0.000621224
7141 0.00062125
7142 0.000621276
7143 0.000621303
7144 0.000621331
7145 0.000621359
7146 0.000621387
7147 0.000621416
7148 0.000621444
7149 0.000621473
7150 0.000621502
7151 0.000621531
7152 0.000621559
7153 0.000621588
7154 0.000621616
7155 0.000621643
7156 0.000621671
7157 0.000621697
7158 0.000621723
7159 0.000621748
7160 0.000621773
7161 0.000621796
7162 0.000621819
7163 0.000621841
7164 0.000621861
7165 0.000621881
7166 0.000621899
7167 0.000621915
7168 0.000621931
7169 0.000621945
7170 0.000621957
7171 0.000621968
7172 0.000621977
7173 0.000621985
7174 0.00062199
7175 0.000621994
7176 0.000621996
7177 0.000621996
7178 0.000621994
7179 0.00062199
7180 0.000621984
7181 0.000621976
7182 0.000621965
7183 0.000621953
7184 0.000621938
7185 0.00062192
7186 0.000621901
7187 0.000621879
7188 0.000621854
7189 0.000621828
7190 0.000621798
7191 0.000621766
7192 0.000621732
7193 0.000621695
7194 0.000621655
7195 0.000621613
7196 0.000621569
7197 0.000621521
7198 0.000621471
7199 0.000621419
7200 0.000621363
7201 0.000621305
7202 0.000621245
7203 0.000621181
7204 0.000621115
7205 0.000621047
7206 0.000620976
7207 0.000620902
7208 0.000620825
7209 0.000620746
7210 0.000620664
7211 0.00062058
7212 0.000620493
7213 0.000620404
7214 0.000620312
7215 0.000620218
7216 0.000620121
7217 0.000620022
7218 0.00061992
7219 0.000619816
7220 0.000619709
7221 0.000619601
7222 0.00061949
7223 0.000619377
7224 0.000619261
7225 0.000619144
7226 0.000619024
7227 0.000618903
7228 0.000618779
7229 0.000618654
7230 0.000618527
7231 0.000618397
7232 0.000618266
7233 0.000618134
7234 0.000617999
7235 0.000617863
7236 0.000617726
7237 0.000617587
7238 0.000617447
7239 0.000617305
7240 0.000617162
7241 0.000617017
7242 0.000616872
7243 0.000616725
7244 0.000616578
7245 0.000616429
7246 0.00061628
7247 0.00061613
7248 0.000615979
7249 0.000615827
7250 0.000615675
7251 0.000615522
7252 0.000615368
7253 0.000615215
7254 0.000615061
7255 0.000614906
7256 0.000614752
7257 0.000614597
7258 0.000614442
7259 0.000614288
7260 0.000614133
7261 0.000613979
7262 0.000613824
7263 0.00061367
7264 0.000613517
7265 0.000613364
7266 0.000613211
7267 0.000613059
7268 0.000612907
7269 0.000612756
7270 0.000612606
7271 0.000612457
7272 0.000612309
7273 0.000612161
7274 0.000612015
7275 0.00061187
7276 0.000611725
7277 0.000611582
7278 0.00061144
7279 0.0006113
7280 0.00061116
7281 0.000611023
7282 0.000610886
7283 0.000610751
7284 0.000610618
7285 0.000610486
7286 0.000610356
7287 0.000610227
7288 0.0006101
7289 0.000609975
7290 0.000609852
7291 0.00060973
7292 0.00060961
7293 0.000609493
7294 0.000609377
7295 0.000609263
7296 0.000609151
7297 0.00060904
7298 0.000608932
7299 0.000608826
7300 0.000608722
7301 0.00060862
7302 0.00060852
7303 0.000608423
7304 0.000608327
7305 0.000608233
7306 0.000608142
7307 0.000608053
7308 0.000607965
7309 0.00060788
7310 0.000607797
7311 0.000607716
7312 0.000607638
7313 0.000607561
7314 0.000607486
7315 0.000607414
7316 0.000607344
7317 0.000607275
7318 0.000607209
7319 0.000607145
7320 0.000607083
7321 0.000607023
7322 0.000606965
7323 0.000606908
7324 0.000606854
7325 0.000606802
7326 0.000606751
7327 0.000606702
7328 0.000606655
7329 0.00060661
7330 0.000606567
7331 0.000606525
7332 0.000606485
7333 0.000606447
7334 0.00060641
7335 0.000606375
7336 0.000606341
7337 0.000606309
7338 0.000606278
7339 0.000606249
7340 0.000606221
7341 0.000606194
7342 0.000606169
7343 0.000606144
7344 0.000606121
7345 0.000606099
7346 0.000606078
7347 0.000606058
7348 0.000606039
7349 0.00060602
7350 0.000606003
7351 0.000605986
7352 0.00060597
7353 0.000605955
7354 0.00060594
7355 0.000605926
7356 0.000605912
7357 0.000605899
7358 0.000605886
7359 0.000605874
7360 0.000605861
7361 0.000605849
7362 0.000605838
7363 0.000605826
7364 0.000605814
7365 0.000605803
7366 0.000605791
7367 0.000605779
7368 0.000605767
7369 0.000605755
7370 0.000605742
7371 0.00060573
7372 0.000605717
7373 0.000605703
7374 0.000605689
7375 0.000605675
7376 0.000605659
7377 0.000605644
7378 0.000605627
7379 0.00060561
7380 0.000605592
7381 0.000605574
7382 0.000605554
7383 0.000605534
7384 0.000605513
7385 0.000605491
7386 0.000605468
7387 0.000605443
7388 0.000605418
7389 0.000605392
7390 0.000605364
7391 0.000605335
7392 0.000605306
7393 0.000605274
7394 0.000605242
7395 0.000605208
7396 0.000605173
7397 0.000605137
7398 0.000605099
7399 0.00060506
7400 0.00060502
7401 0.000604978
7402 0.000604935
7403 0.00060489
7404 0.000604844
7405 0.000604796
7406 0.000604747
7407 0.000604697
7408 0.000604644
7409 0.000604591
7410 0.000604536
7411 0.000604479
7412 0.000604421
7413 0.000604361
7414 0.0006043
7415 0.000604237
7416 0.000604173
7417 0.000604107
7418 0.00060404
7419 0.000603971
7420 0.000603901
7421 0.000603829
7422 0.000603756
7423 0.000603682
7424 0.000603606
7425 0.000603529
7426 0.00060345
7427 0.00060337
7428 0.000603288
7429 0.000603205
7430 0.000603121
7431 0.000603036
7432 0.000602949
7433 0.000602862
7434 0.000602773
7435 0.000602682
7436 0.000602591
7437 0.000602499
7438 0.000602405
7439 0.000602311
7440 0.000602215
7441 0.000602119
7442 0.000602021
7443 0.000601923
7444 0.000601824
7445 0.000601724
7446 0.000601623
7447 0.000601522
7448 0.00060142
7449 0.000601317
7450 0.000601213
7451 0.000601109
7452 0.000601005
7453 0.0006009
7454 0.000600794
7455 0.000600688
7456 0.000600582
7457 0.000600476
7458 0.000600369
7459 0.000600262
7460 0.000600154
7461 0.000600047
7462 0.00059994
7463 0.000599832
7464 0.000599725
7465 0.000599617
7466 0.00059951
7467 0.000599403
7468 0.000599296
7469 0.000599189
7470 0.000599083
7471 0.000598977
7472 0.000598871
7473 0.000598765
7474 0.000598661
7475 0.000598556
7476 0.000598452
7477 0.000598349
7478 0.000598246
7479 0.000598144
7480 0.000598043
7481 0.000597942
7482 0.000597842
7483 0.000597743
7484 0.000597645
7485 0.000597547
7486 0.000597451
7487 0.000597356
7488 0.000597261
7489 0.000597168
7490 0.000597075
7491 0.000596984
7492 0.000596894
7493 0.000596804
7494 0.000596716
7495 0.00059663
7496 0.000596544
7497 0.00059646
7498 0.000596377
7499 0.000596295
7500 0.000596214
7501 0.000596135
7502 0.000596057
7503 0.000595981
7504 0.000595905
7505 0.000595832
7506 0.000595759
7507 0.000595688
7508 0.000595619
7509 0.00059555
7510 0.000595484
7511 0.000595418
7512 0.000595354
7513 0.000595292
7514 0.000595231
7515 0.000595171
7516 0.000595113
7517 0.000595057
7518 0.000595001
7519 0.000594947
7520 0.000594895
7521 0.000594844
7522 0.000594795
7523 0.000594746
7524 0.0005947
7525 0.000594654
7526 0.00059461
7527 0.000594568
7528 0.000594526
7529 0.000594486
7530 0.000594448
7531 0.00059441
7532 0.000594374
7533 0.000594339
7534 0.000594305
7535 0.000594273
7536 0.000594241
7537 0.000594211
7538 0.000594182
7539 0.000594154
7540 0.000594127
7541 0.000594101
7542 0.000594076
7543 0.000594053
7544 0.00059403
7545 0.000594008
7546 0.000593986
7547 0.000593966
7548 0.000593946
7549 0.000593928
7550 0.00059391
7551 0.000593892
7552 0.000593876
7553 0.00059386
7554 0.000593844
7555 0.000593829
7556 0.000593815
7557 0.000593801
7558 0.000593788
7559 0.000593775
7560 0.000593762
7561 0.000593749
7562 0.000593737
7563 0.000593725
7564 0.000593714
7565 0.000593702
7566 0.000593691
7567 0.000593679
7568 0.000593668
7569 0.000593657
7570 0.000593645
7571 0.000593634
7572 0.000593622
7573 0.00059361
7574 0.000593598
7575 0.000593586
7576 0.000593574
7577 0.000593561
7578 0.000593547
7579 0.000593534
7580 0.00059352
7581 0.000593505
7582 0.00059349
7583 0.000593474
7584 0.000593458
7585 0.000593441
7586 0.000593424
7587 0.000593406
7588 0.000593387
7589 0.000593367
7590 0.000593347
7591 0.000593326
7592 0.000593303
7593 0.00059328
7594 0.000593257
7595 0.000593232
7596 0.000593206
7597 0.000593179
7598 0.000593152
7599 0.000593123
7600 0.000593093
7601 0.000593062
7602 0.00059303
7603 0.000592997
7604 0.000592963
7605 0.000592927
7606 0.000592891
7607 0.000592853
7608 0.000592814
7609 0.000592774
7610 0.000592732
7611 0.00059269
7612 0.000592646
7613 0.000592601
7614 0.000592554
7615 0.000592507
7616 0.000592458
7617 0.000592407
7618 0.000592356
7619 0.000592303
7620 0.000592249
7621 0.000592194
7622 0.000592137
7623 0.000592079
7624 0.00059202
7625 0.000591959
7626 0.000591897
7627 0.000591834
7628 0.00059177
7629 0.000591704
7630 0.000591637
7631 0.000591569
7632 0.0005915
7633 0.000591429
7634 0.000591357
7635 0.000591285
7636 0.00059121
7637 0.000591135
7638 0.000591059
7639 0.000590981
7640 0.000590903
7641 0.000590823
7642 0.000590742
7643 0.00059066
7644 0.000590577
7645 0.000590494
7646 0.000590409
7647 0.000590323
7648 0.000590236
7649 0.000590149
7650 0.00059006
7651 0.000589971
7652 0.000589881
7653 0.00058979
7654 0.000589698
7655 0.000589606
7656 0.000589513
7657 0.000589419
7658 0.000589325
7659 0.00058923
7660 0.000589134
7661 0.000589038
7662 0.000588941
7663 0.000588844
7664 0.000588747
7665 0.000588649
7666 0.000588551
7667 0.000588452
7668 0.000588353
7669 0.000588254
7670 0.000588154
7671 0.000588054
7672 0.000587955
7673 0.000587855
7674 0.000587754
7675 0.000587654
7676 0.000587554
7677 0.000587454
7678 0.000587354
7679 0.000587253
7680 0.000587153
7681 0.000587054
7682 0.000586954
7683 0.000586854
7684 0.000586755
7685 0.000586656
7686 0.000586557
7687 0.000586459
7688 0.000586361
7689 0.000586263
7690 0.000586166
7691 0.000586069
7692 0.000585973
7693 0.000585877
7694 0.000585781
7695 0.000585687
7696 0.000585592
7697 0.000585499
7698 0.000585406
7699 0.000585314
7700 0.000585222
7701 0.000585131
7702 0.000585041
7703 0.000584952
7704 0.000584863
7705 0.000584776
7706 0.000584689
7707 0.000584602
7708 0.000584517
7709 0.000584433
7710 0.000584349
7711 0.000584267
7712 0.000584185
7713 0.000584104
7714 0.000584024
7715 0.000583945
7716 0.000583867
7717 0.000583791
7718 0.000583715
7719 0.00058364
7720 0.000583566
7721 0.000583493
7722 0.000583421
7723 0.00058335
7724 0.00058328
7725 0.000583211
7726 0.000583143
7727 0.000583077
7728 0.000583011
7729 0.000582946
7730 0.000582882
7731 0.00058282
7732 0.000582758
7733 0.000582697
7734 0.000582638
7735 0.000582579
7736 0.000582521
7737 0.000582465
7738 0.000582409
7739 0.000582354
7740 0.000582301
7741 0.000582248
7742 0.000582196
7743 0.000582145
7744 0.000582095
7745 0.000582046
7746 0.000581998
7747 0.00058195
7748 0.000581904
7749 0.000581858
7750 0.000581813
7751 0.000581769
7752 0.000581726
7753 0.000581684
7754 0.000581642
7755 0.000581601
7756 0.00058156
7757 0.000581521
7758 0.000581482
7759 0.000581443
7760 0.000581406
7761 0.000581368
7762 0.000581332
7763 0.000581296
7764 0.00058126
7765 0.000581225
7766 0.000581191
7767 0.000581156
7768 0.000581123
7769 0.000581089
7770 0.000581056
7771 0.000581024
7772 0.000580991
7773 0.000580959
7774 0.000580928
7775 0.000580896
7776 0.000580865
7777 0.000580834
7778 0.000580803
7779 0.000580772
7780 0.000580741
7781 0.00058071
7782 0.000580679
7783 0.000580649
7784 0.000580618
7785 0.000580587
7786 0.000580557
7787 0.000580526
7788 0.000580495
7789 0.000580464
7790 0.000580433
7791 0.000580401
7792 0.00058037
7793 0.000580338
7794 0.000580306
7795 0.000580273
7796 0.000580241
7797 0.000580208
7798 0.000580174
7799 0.00058014
7800 0.000580106
7801 0.000580072
7802 0.000580037
7803 0.000580002
7804 0.000579966
7805 0.000579929
7806 0.000579893
7807 0.000579855
7808 0.000579817
7809 0.000579779
7810 0.00057974
7811 0.000579701
7812 0.00057966
7813 0.00057962
7814 0.000579578
7815 0.000579536
7816 0.000579494
7817 0.00057945
7818 0.000579406
7819 0.000579362
7820 0.000579317
7821 0.000579271
7822 0.000579224
7823 0.000579177
7824 0.000579129
7825 0.00057908
7826 0.00057903
7827 0.00057898
7828 0.000578929
7829 0.000578878
7830 0.000578825
7831 0.000578772
7832 0.000578718
7833 0.000578664
7834 0.000578609
7835 0.000578553
7836 0.000578496
7837 0.000578439
7838 0.000578381
7839 0.000578322
7840 0.000578263
7841 0.000578203
7842 0.000578142
7843 0.00057808
7844 0.000578018
7845 0.000577956
7846 0.000577892
7847 0.000577828
7848 0.000577764
7849 0.000577698
7850 0.000577632
7851 0.000577566
7852 0.000577499
7853 0.000577432
7854 0.000577364
7855 0.000577295
7856 0.000577226
7857 0.000577156
7858 0.000577086
7859 0.000577016
7860 0.000576945
7861 0.000576873
7862 0.000576802
7863 0.00057673
7864 0.000576657
7865 0.000576584
7866 0.000576511
7867 0.000576438
7868 0.000576364
7869 0.00057629
7870 0.000576215
7871 0.000576141
7872 0.000576066
7873 0.000575991
7874 0.000575916
7875 0.000575841
7876 0.000575766
7877 0.00057569
7878 0.000575615
7879 0.000575539
7880 0.000575464
7881 0.000575388
7882 0.000575312
7883 0.000575237
7884 0.000575161
7885 0.000575086
7886 0.000575011
7887 0.000574936
7888 0.000574861
7889 0.000574786
7890 0.000574711
7891 0.000574636
7892 0.000574562
7893 0.000574488
7894 0.000574414
7895 0.000574341
7896 0.000574268
7897 0.000574195
7898 0.000574122
7899 0.00057405
7900 0.000573979
7901 0.000573907
7902 0.000573836
7903 0.000573766
7904 0.000573696
7905 0.000573626
7906 0.000573557
7907 0.000573488
7908 0.00057342
7909 0.000573353
7910 0.000573286
7911 0.000573219
7912 0.000573153
7913 0.000573088
7914 0.000573023
7915 0.000572959
7916 0.000572896
7917 0.000572833
7918 0.000572771
7919 0.000572709
7920 0.000572648
7921 0.000572588
7922 0.000572528
7923 0.000572469
7924 0.000572411
7925 0.000572353
7926 0.000572296
7927 0.00057224
7928 0.000572184
7929 0.00057213
7930 0.000572076
7931 0.000572022
7932 0.000571969
7933 0.000571917
7934 0.000571866
7935 0.000571815
7936 0.000571766
7937 0.000571716
7938 0.000571668
7939 0.00057162
7940 0.000571573
7941 0.000571527
7942 0.000571481
7943 0.000571436
7944 0.000571391
7945 0.000571348
7946 0.000571304
7947 0.000571262
7948 0.00057122
7949 0.000571179
7950 0.000571138
7951 0.000571098
7952 0.000571059
7953 0.00057102
7954 0.000570982
7955 0.000570944
7956 0.000570907
7957 0.000570871
7958 0.000570835
7959 0.000570799
7960 0.000570764
7961 0.00057073
7962 0.000570696
7963 0.000570662
7964 0.000570629
7965 0.000570596
7966 0.000570564
7967 0.000570532
7968 0.0005705
7969 0.000570469
7970 0.000570438
7971 0.000570407
7972 0.000570377
7973 0.000570346
7974 0.000570317
7975 0.000570287
7976 0.000570258
7977 0.000570228
7978 0.000570199
7979 0.000570171
7980 0.000570142
7981 0.000570113
7982 0.000570085
7983 0.000570056
7984 0.000570028
7985 0.00057
7986 0.000569971
7987 0.000569943
7988 0.000569915
7989 0.000569886
7990 0.000569858
7991 0.000569829
7992 0.000569801
7993 0.000569772
7994 0.000569743
7995 0.000569714
7996 0.000569685
7997 0.000569656
7998 0.000569626
7999 0.000569596
8000 0.000569566
8001 0.000569536
8002 0.000569505
8003 0.000569475
8004 0.000569443
8005 0.000569412
8006 0.00056938
8007 0.000569348
8008 0.000569315
8009 0.000569282
8010 0.000569249
8011 0.000569215
8012 0.00056918
8013 0.000569146
8014 0.000569111
8015 0.000569075
8016 0.000569039
8017 0.000569002
8018 0.000568965
8019 0.000568927
8020 0.000568889
8021 0.00056885
8022 0.000568811
8023 0.000568771
8024 0.000568731
8025 0.00056869
8026 0.000568648
8027 0.000568606
8028 0.000568563
8029 0.00056852
8030 0.000568476
8031 0.000568431
8032 0.000568386
8033 0.00056834
8034 0.000568293
8035 0.000568246
8036 0.000568198
8037 0.00056815
8038 0.000568101
8039 0.000568051
8040 0.000568001
8041 0.00056795
8042 0.000567899
8043 0.000567847
8044 0.000567794
8045 0.00056774
8046 0.000567686
8047 0.000567632
8048 0.000567577
8049 0.000567521
8050 0.000567464
8051 0.000567407
8052 0.00056735
8053 0.000567291
8054 0.000567233
8055 0.000567173
8056 0.000567113
8057 0.000567053
8058 0.000566992
8059 0.00056693
8060 0.000566868
8061 0.000566805
8062 0.000566742
8063 0.000566679
8064 0.000566615
8065 0.00056655
8066 0.000566485
8067 0.00056642
8068 0.000566354
8069 0.000566288
8070 0.000566221
8071 0.000566154
8072 0.000566086
8073 0.000566018
8074 0.00056595
8075 0.000565882
8076 0.000565813
8077 0.000565744
8078 0.000565674
8079 0.000565605
8080 0.000565535
8081 0.000565465
8082 0.000565394
8083 0.000565324
8084 0.000565253
8085 0.000565182
8086 0.000565111
8087 0.000565039
8088 0.000564968
8089 0.000564896
8090 0.000564825
8091 0.000564753
8092 0.000564681
8093 0.00056461
8094 0.000564538
8095 0.000564466
8096 0.000564394
8097 0.000564322
8098 0.00056425
8099 0.000564179
8100 0.000564107
8101 0.000564036
8102 0.000563964
8103 0.000563893
8104 0.000563822
8105 0.000563751
8106 0.00056368
8107 0.000563609
8108 0.000563538
8109 0.000563468
8110 0.000563398
8111 0.000563328
8112 0.000563259
8113 0.000563189
8114 0.00056312
8115 0.000563052
8116 0.000562983
8117 0.000562915
8118 0.000562847
8119 0.00056278
8120 0.000562713
8121 0.000562646
8122 0.000562579
8123 0.000562513
8124 0.000562448
8125 0.000562383
8126 0.000562318
8127 0.000562253
8128 0.000562189
8129 0.000562126
8130 0.000562063
8131 0.000562
8132 0.000561938
8133 0.000561876
8134 0.000561815
8135 0.000561754
8136 0.000561694
8137 0.000561634
8138 0.000561575
8139 0.000561516
8140 0.000561458
8141 0.0005614
8142 0.000561342
8143 0.000561285
8144 0.000561229
8145 0.000561173
8146 0.000561118
8147 0.000561063
8148 0.000561009
8149 0.000560955
8150 0.000560901
8151 0.000560848
8152 0.000560796
8153 0.000560744
8154 0.000560693
8155 0.000560642
8156 0.000560591
8157 0.000560541
8158 0.000560492
8159 0.000560443
8160 0.000560394
8161 0.000560346
8162 0.000560298
8163 0.000560251
8164 0.000560204
8165 0.000560158
8166 0.000560112
8167 0.000560067
8168 0.000560021
8169 0.000559977
8170 0.000559932
8171 0.000559888
8172 0.000559845
8173 0.000559802
8174 0.000559759
8175 0.000559716
8176 0.000559674
8177 0.000559632
8178 0.000559591
8179 0.000559549
8180 0.000559508
8181 0.000559468
8182 0.000559427
8183 0.000559387
8184 0.000559347
8185 0.000559307
8186 0.000559268
8187 0.000559228
8188 0.000559189
8189 0.00055915
8190 0.000559112
8191 0.000559073
8192 0.000559035
8193 0.000558996
8194 0.000558958
8195 0.00055892
8196 0.000558882
8197 0.000558844
8198 0.000558806
8199 0.000558768
8200 0.00055873
8201 0.000558693
8202 0.000558655
8203 0.000558617
8204 0.000558579
8205 0.000558542
8206 0.000558504
8207 0.000558466
8208 0.000558428
8209 0.00055839
8210 0.000558352
8211 0.000558314
8212 0.000558275
8213 0.000558237
8214 0.000558199
8215 0.00055816
8216 0.000558121
8217 0.000558082
8218 0.000558043
8219 0.000558004
8220 0.000557964
8221 0.000557925
8222 0.000557885
8223 0.000557845
8224 0.000557805
8225 0.000557764
8226 0.000557723
8227 0.000557682
8228 0.000557641
8229 0.0005576
8230 0.000557558
8231 0.000557516
8232 0.000557473
8233 0.000557431
8234 0.000557388
8235 0.000557345
8236 0.000557301
8237 0.000557258
8238 0.000557213
8239 0.000557169
8240 0.000557124
8241 0.000557079
8242 0.000557034
8243 0.000556988
8244 0.000556942
8245 0.000556896
8246 0.000556849
8247 0.000556802
8248 0.000556755
8249 0.000556707
8250 0.000556659
8251 0.000556611
8252 0.000556563
8253 0.000556514
8254 0.000556464
8255 0.000556415
8256 0.000556365
8257 0.000556315
8258 0.000556264
8259 0.000556213
8260 0.000556162
8261 0.000556111
8262 0.000556059
8263 0.000556007
8264 0.000555955
8265 0.000555902
8266 0.000555849
8267 0.000555796
8268 0.000555742
8269 0.000555689
8270 0.000555635
8271 0.00055558
8272 0.000555526
8273 0.000555471
8274 0.000555416
8275 0.000555361
8276 0.000555306
8277 0.00055525
8278 0.000555195
8279 0.000555139
8280 0.000555083
8281 0.000555026
8282 0.00055497
8283 0.000554913
8284 0.000554856
8285 0.0005548
8286 0.000554743
8287 0.000554685
8288 0.000554628
8289 0.000554571
8290 0.000554513
8291 0.000554456
8292 0.000554398
8293 0.000554341
8294 0.000554283
8295 0.000554226
8296 0.000554168
8297 0.00055411
8298 0.000554052
8299 0.000553995
8300 0.000553937
8301 0.000553879
8302 0.000553822
8303 0.000553764
8304 0.000553707
8305 0.000553649
8306 0.000553592
8307 0.000553535
8308 0.000553478
8309 0.000553421
8310 0.000553364
8311 0.000553307
8312 0.00055325
8313 0.000553194
8314 0.000553137
8315 0.000553081
8316 0.000553025
8317 0.000552969
8318 0.000552914
8319 0.000552858
8320 0.000552803
8321 0.000552748
8322 0.000552693
8323 0.000552639
8324 0.000552584
8325 0.00055253
8326 0.000552477
8327 0.000552423
8328 0.00055237
8329 0.000552317
8330 0.000552264
8331 0.000552212
8332 0.00055216
8333 0.000552108
8334 0.000552056
8335 0.000552005
8336 0.000551954
8337 0.000551904
8338 0.000551853
8339 0.000551803
8340 0.000551754
8341 0.000551705
8342 0.000551656
8343 0.000551607
8344 0.000551559
8345 0.000551511
8346 0.000551463
8347 0.000551416
8348 0.000551369
8349 0.000551323
8350 0.000551276
8351 0.000551231
8352 0.000551185
8353 0.00055114
8354 0.000551095
8355 0.000551051
8356 0.000551006
8357 0.000550963
8358 0.000550919
8359 0.000550876
8360 0.000550833
8361 0.000550791
8362 0.000550749
8363 0.000550707
8364 0.000550666
8365 0.000550624
8366 0.000550583
8367 0.000550543
8368 0.000550503
8369 0.000550463
8370 0.000550423
8371 0.000550384
8372 0.000550345
8373 0.000550306
8374 0.000550267
8375 0.000550229
8376 0.000550191
8377 0.000550153
8378 0.000550116
8379 0.000550078
8380 0.000550041
8381 0.000550004
8382 0.000549968
8383 0.000549931
8384 0.000549895
8385 0.000549859
8386 0.000549823
8387 0.000549787
8388 0.000549752
8389 0.000549716
8390 0.000549681
8391 0.000549646
8392 0.000549611
8393 0.000549576
8394 0.000549541
8395 0.000549507
8396 0.000549472
8397 0.000549437
8398 0.000549403
8399 0.000549369
8400 0.000549334
8401 0.0005493
8402 0.000549266
8403 0.000549231
8404 0.000549197
8405 0.000549163
8406 0.000549129
8407 0.000549094
8408 0.00054906
8409 0.000549026
8410 0.000548991
8411 0.000548957
8412 0.000548922
8413 0.000548888
8414 0.000548853
8415 0.000548818
8416 0.000548783
8417 0.000548748
8418 0.000548713
8419 0.000548678
8420 0.000548643
8421 0.000548607
8422 0.000548571
8423 0.000548536
8424 0.0005485
8425 0.000548463
8426 0.000548427
8427 0.00054839
8428 0.000548354
8429 0.000548317
8430 0.000548279
8431 0.000548242
8432 0.000548204
8433 0.000548167
8434 0.000548128
8435 0.00054809
8436 0.000548051
8437 0.000548013
8438 0.000547973
8439 0.000547934
8440 0.000547894
8441 0.000547854
8442 0.000547814
8443 0.000547774
8444 0.000547733
8445 0.000547692
8446 0.00054765
8447 0.000547609
8448 0.000547567
8449 0.000547524
8450 0.000547482
8451 0.000547439
8452 0.000547396
8453 0.000547352
8454 0.000547308
8455 0.000547264
8456 0.00054722
8457 0.000547175
8458 0.00054713
8459 0.000547085
8460 0.000547039
8461 0.000546993
8462 0.000546947
8463 0.0005469
8464 0.000546853
8465 0.000546806
8466 0.000546758
8467 0.00054671
8468 0.000546662
8469 0.000546614
8470 0.000546565
8471 0.000546516
8472 0.000546467
8473 0.000546417
8474 0.000546367
8475 0.000546317
8476 0.000546267
8477 0.000546216
8478 0.000546165
8479 0.000546114
8480 0.000546062
8481 0.000546011
8482 0.000545959
8483 0.000545907
8484 0.000545854
8485 0.000545802
8486 0.000545749
8487 0.000545696
8488 0.000545643
8489 0.000545589
8490 0.000545535
8491 0.000545482
8492 0.000545428
8493 0.000545373
8494 0.000545319
8495 0.000545265
8496 0.00054521
8497 0.000545155
8498 0.0005451
8499 0.000545045
8500 0.00054499
8501 0.000544935
8502 0.00054488
8503 0.000544824
8504 0.000544769
8505 0.000544713
8506 0.000544657
8507 0.000544602
8508 0.000544546
8509 0.00054449
8510 0.000544434
8511 0.000544378
8512 0.000544322
8513 0.000544266
8514 0.000544211
8515 0.000544155
8516 0.000544099
8517 0.000544043
8518 0.000543987
8519 0.000543931
8520 0.000543875
8521 0.00054382
8522 0.000543764
8523 0.000543708
8524 0.000543653
8525 0.000543597
8526 0.000543542
8527 0.000543487
8528 0.000543432
8529 0.000543377
8530 0.000543322
8531 0.000543267
8532 0.000543212
8533 0.000543158
8534 0.000543103
8535 0.000543049
8536 0.000542995
8537 0.000542941
8538 0.000542887
8539 0.000542834
8540 0.00054278
8541 0.000542727
8542 0.000542674
8543 0.000542621
8544 0.000542569
8545 0.000542516
8546 0.000542464
8547 0.000542412
8548 0.00054236
8549 0.000542308
8550 0.000542257
8551 0.000542206
8552 0.000542155
8553 0.000542104
8554 0.000542054
8555 0.000542003
8556 0.000541953
8557 0.000541904
8558 0.000541854
8559 0.000541805
8560 0.000541756
8561 0.000541707
8562 0.000541658
8563 0.00054161
8564 0.000541562
8565 0.000541514
8566 0.000541467
8567 0.000541419
8568 0.000541372
8569 0.000541325
8570 0.000541279
8571 0.000541232
8572 0.000541186
8573 0.00054114
8574 0.000541095
8575 0.000541049
8576 0.000541004
8577 0.000540959
8578 0.000540915
8579 0.00054087
8580 0.000540826
8581 0.000540782
8582 0.000540738
8583 0.000540694
8584 0.000540651
8585 0.000540608
8586 0.000540565
8587 0.000540522
8588 0.000540479
8589 0.000540437
8590 0.000540395
8591 0.000540353
8592 0.000540311
8593 0.000540269
8594 0.000540228
8595 0.000540187
8596 0.000540145
8597 0.000540104
8598 0.000540064
8599 0.000540023
8600 0.000539982
8601 0.000539942
8602 0.000539902
8603 0.000539861
8604 0.000539821
8605 0.000539781
8606 0.000539742
8607 0.000539702
8608 0.000539662
8609 0.000539623
8610 0.000539583
8611 0.000539544
8612 0.000539504
8613 0.000539465
8614 0.000539426
8615 0.000539387
8616 0.000539348
8617 0.000539309
8618 0.00053927
8619 0.000539231
8620 0.000539192
8621 0.000539153
8622 0.000539114
8623 0.000539075
8624 0.000539036
8625 0.000538997
8626 0.000538958
8627 0.000538919
8628 0.00053888
8629 0.000538841
8630 0.000538802
8631 0.000538763
8632 0.000538724
8633 0.000538685
8634 0.000538645
8635 0.000538606
8636 0.000538567
8637 0.000538527
8638 0.000538488
8639 0.000538448
8640 0.000538409
8641 0.000538369
8642 0.000538329
8643 0.000538289
8644 0.000538249
8645 0.000538209
8646 0.000538169
8647 0.000538128
8648 0.000538088
8649 0.000538048
8650 0.000538007
8651 0.000537966
8652 0.000537925
8653 0.000537884
8654 0.000537843
8655 0.000537802
8656 0.00053776
8657 0.000537719
8658 0.000537677
8659 0.000537635
8660 0.000537593
8661 0.000537551
8662 0.000537509
8663 0.000537467
8664 0.000537424
8665 0.000537382
8666 0.000537339
8667 0.000537296
8668 0.000537253
8669 0.00053721
8670 0.000537167
8671 0.000537123
8672 0.000537079
8673 0.000537036
8674 0.000536992
8675 0.000536948
8676 0.000536904
8677 0.000536859
8678 0.000536815
8679 0.00053677
8680 0.000536726
8681 0.000536681
8682 0.000536636
8683 0.000536591
8684 0.000536546
8685 0.000536501
8686 0.000536455
8687 0.00053641
8688 0.000536364
8689 0.000536318
8690 0.000536273
8691 0.000536227
8692 0.000536181
8693 0.000536135
8694 0.000536088
8695 0.000536042
8696 0.000535996
8697 0.000535949
8698 0.000535903
8699 0.000535856
8700 0.00053581
8701 0.000535763
8702 0.000535716
8703 0.00053567
8704 0.000535623
8705 0.000535576
8706 0.000535529
8707 0.000535482
8708 0.000535435
8709 0.000535388
8710 0.000535341
8711 0.000535294
8712 0.000535247
8713 0.0005352
8714 0.000535153
8715 0.000535106
8716 0.000535059
8717 0.000535012
8718 0.000534965
8719 0.000534918
8720 0.000534871
8721 0.000534824
8722 0.000534778
8723 0.000534731
8724 0.000534684
8725 0.000534637
8726 0.000534591
8727 0.000534544
8728 0.000534498
8729 0.000534451
8730 0.000534405
8731 0.000534359
8732 0.000534313
8733 0.000534267
8734 0.000534221
8735 0.000534175
8736 0.000534129
8737 0.000534083
8738 0.000534038
8739 0.000533992
8740 0.000533947
8741 0.000533902
8742 0.000533857
8743 0.000533812
8744 0.000533767
8745 0.000533722
8746 0.000533678
8747 0.000533633
8748 0.000533589
8749 0.000533545
8750 0.000533501
8751 0.000533457
8752 0.000533413
8753 0.00053337
8754 0.000533327
8755 0.000533283
8756 0.00053324
8757 0.000533197
8758 0.000533155
8759 0.000533112
8760 0.00053307
8761 0.000533028
8762 0.000532986
8763 0.000532944
8764 0.000532902
8765 0.000532861
8766 0.000532819
8767 0.000532778
8768 0.000532737
8769 0.000532696
8770 0.000532656
8771 0.000532615
8772 0.000532575
8773 0.000532535
8774 0.000532495
8775 0.000532455
8776 0.000532415
8777 0.000532376
8778 0.000532336
8779 0.000532297
8780 0.000532258
8781 0.00053222
8782 0.000532181
8783 0.000532142
8784 0.000532104
8785 0.000532066
8786 0.000532028
8787 0.00053199
8788 0.000531952
8789 0.000531914
8790 0.000531877
8791 0.00053184
8792 0.000531802
8793 0.000531765
8794 0.000531728
8795 0.000531691
8796 0.000531655
8797 0.000531618
8798 0.000531581
8799 0.000531545
8800 0.000531509
8801 0.000531473
8802 0.000531436
8803 0.0005314
8804 0.000531364
8805 0.000531329
8806 0.000531293
8807 0.000531257
8808 0.000531221
8809 0.000531186
8810 0.00053115
8811 0.000531115
8812 0.00053108
8813 0.000531044
8814 0.000531009
8815 0.000530974
8816 0.000530938
8817 0.000530903
8818 0.000530868
8819 0.000530833
8820 0.000530798
8821 0.000530762
8822 0.000530727
8823 0.000530692
8824 0.000530657
8825 0.000530622
8826 0.000530586
8827 0.000530551
8828 0.000530516
8829 0.000530481
8830 0.000530445
8831 0.00053041
8832 0.000530375
8833 0.000530339
8834 0.000530304
8835 0.000530268
8836 0.000530233
8837 0.000530197
8838 0.000530161
8839 0.000530125
8840 0.000530089
8841 0.000530053
8842 0.000530017
8843 0.000529981
8844 0.000529945
8845 0.000529909
8846 0.000529872
8847 0.000529836
8848 0.000529799
8849 0.000529762
8850 0.000529725
8851 0.000529688
8852 0.000529651
8853 0.000529614
8854 0.000529577
8855 0.000529539
8856 0.000529502
8857 0.000529464
8858 0.000529426
8859 0.000529388
8860 0.00052935
8861 0.000529311
8862 0.000529273
8863 0.000529234
8864 0.000529195
8865 0.000529157
8866 0.000529118
8867 0.000529078
8868 0.000529039
8869 0.000528999
8870 0.00052896
8871 0.00052892
8872 0.00052888
8873 0.00052884
8874 0.0005288
8875 0.000528759
8876 0.000528719
8877 0.000528678
8878 0.000528637
8879 0.000528596
8880 0.000528555
8881 0.000528513
8882 0.000528472
8883 0.00052843
8884 0.000528388
8885 0.000528346
8886 0.000528304
8887 0.000528262
8888 0.000528219
8889 0.000528177
8890 0.000528134
8891 0.000528091
8892 0.000528048
8893 0.000528005
8894 0.000527962
8895 0.000527918
8896 0.000527875
8897 0.000527831
8898 0.000527787
8899 0.000527743
8900 0.000527699
8901 0.000527655
8902 0.000527611
8903 0.000527566
8904 0.000527522
8905 0.000527477
8906 0.000527432
8907 0.000527388
8908 0.000527343
8909 0.000527298
8910 0.000527253
8911 0.000527207
8912 0.000527162
8913 0.000527117
8914 0.000527071
8915 0.000527026
8916 0.00052698
8917 0.000526934
8918 0.000526889
8919 0.000526843
8920 0.000526797
8921 0.000526751
8922 0.000526705
8923 0.000526659
8924 0.000526613
8925 0.000526567
8926 0.000526521
8927 0.000526475
8928 0.000526429
8929 0.000526383
8930 0.000526337
8931 0.000526291
8932 0.000526245
8933 0.000526198
8934 0.000526152
8935 0.000526106
8936 0.00052606
8937 0.000526014
8938 0.000525968
8939 0.000525922
8940 0.000525876
8941 0.00052583
8942 0.000525784
8943 0.000525738
8944 0.000525692
8945 0.000525646
8946 0.0005256
8947 0.000525554
8948 0.000525509
8949 0.000525463
8950 0.000525417
8951 0.000525372
8952 0.000525326
8953 0.000525281
8954 0.000525236
8955 0.00052519
8956 0.000525145
8957 0.0005251
8958 0.000525055
8959 0.00052501
8960 0.000524965
8961 0.000524921
8962 0.000524876
8963 0.000524831
8964 0.000524787
8965 0.000524743
8966 0.000524698
8967 0.000524654
8968 0.00052461
8969 0.000524566
8970 0.000524523
8971 0.000524479
8972 0.000524435
8973 0.000524392
8974 0.000524349
8975 0.000524305
8976 0.000524262
8977 0.000524219
8978 0.000524176
8979 0.000524134
8980 0.000524091
8981 0.000524048
8982 0.000524006
8983 0.000523964
8984 0.000523922
8985 0.00052388
8986 0.000523838
8987 0.000523796
8988 0.000523754
8989 0.000523713
8990 0.000523671
8991 0.00052363
8992 0.000523589
8993 0.000523548
8994 0.000523507
8995 0.000523466
8996 0.000523425
8997 0.000523385
8998 0.000523344
8999 0.000523304
9000 0.000523264
9001 0.000523224
9002 0.000523184
9003 0.000523144
9004 0.000523104
9005 0.000523064
9006 0.000523025
9007 0.000522985
9008 0.000522946
9009 0.000522907
9010 0.000522867
9011 0.000522828
9012 0.000522789
9013 0.00052275
9014 0.000522711
9015 0.000522673
9016 0.000522634
9017 0.000522595
9018 0.000522557
9019 0.000522519
9020 0.00052248
9021 0.000522442
9022 0.000522404
9023 0.000522366
9024 0.000522327
9025 0.000522289
9026 0.000522251
9027 0.000522214
9028 0.000522176
9029 0.000522138
9030 0.0005221
9031 0.000522062
9032 0.000522025
9033 0.000521987
9034 0.000521949
9035 0.000521912
9036 0.000521874
9037 0.000521837
9038 0.000521799
9039 0.000521762
9040 0.000521724
9041 0.000521687
9042 0.000521649
9043 0.000521612
9044 0.000521575
9045 0.000521537
9046 0.0005215
9047 0.000521462
9048 0.000521425
9049 0.000521388
9050 0.00052135
9051 0.000521313
9052 0.000521275
9053 0.000521238
9054 0.0005212
9055 0.000521163
9056 0.000521125
9057 0.000521088
9058 0.00052105
9059 0.000521013
9060 0.000520975
9061 0.000520938
9062 0.0005209
9063 0.000520862
9064 0.000520824
9065 0.000520787
9066 0.000520749
9067 0.000520711
9068 0.000520673
9069 0.000520635
9070 0.000520597
9071 0.000520559
9072 0.000520521
9073 0.000520483
9074 0.000520445
9075 0.000520407
9076 0.000520369
9077 0.00052033
9078 0.000520292
9079 0.000520253
9080 0.000520215
9081 0.000520177
9082 0.000520138
9083 0.000520099
9084 0.000520061
9085 0.000520022
9086 0.000519983
9087 0.000519944
9088 0.000519906
9089 0.000519867
9090 0.000519828
9091 0.000519789
9092 0.00051975
9093 0.00051971
9094 0.000519671
9095 0.000519632
9096 0.000519593
9097 0.000519553
9098 0.000519514
9099 0.000519475
9100 0.000519435
9101 0.000519396
9102 0.000519356
9103 0.000519317
9104 0.000519277
9105 0.000519237
9106 0.000519198
9107 0.000519158
9108 0.000519118
9109 0.000519078
9110 0.000519038
9111 0.000518998
9112 0.000518959
9113 0.000518919
9114 0.000518879
9115 0.000518839
9116 0.000518799
9117 0.000518759
9118 0.000518719
9119 0.000518679
9120 0.000518639
9121 0.000518598
9122 0.000518558
9123 0.000518518
9124 0.000518478
9125 0.000518438
9126 0.000518398
9127 0.000518358
9128 0.000518318
9129 0.000518278
9130 0.000518238
9131 0.000518197
9132 0.000518157
9133 0.000518117
9134 0.000518077
9135 0.000518037
9136 0.000517997
9137 0.000517957
9138 0.000517917
9139 0.000517877
9140 0.000517838
9141 0.000517798
9142 0.000517758
9143 0.000517718
9144 0.000517678
9145 0.000517639
9146 0.000517599
9147 0.000517559
9148 0.00051752
9149 0.00051748
9150 0.000517441
9151 0.000517401
9152 0.000517362
9153 0.000517323
9154 0.000517283
9155 0.000517244
9156 0.000517205
9157 0.000517166
9158 0.000517127
9159 0.000517088
9160 0.000517049
9161 0.00051701
9162 0.000516972
9163 0.000516933
9164 0.000516895
9165 0.000516856
9166 0.000516818
9167 0.000516779
9168 0.000516741
9169 0.000516703
9170 0.000516665
9171 0.000516627
9172 0.000516589
9173 0.000516551
9174 0.000516513
9175 0.000516475
9176 0.000516438
9177 0.0005164
9178 0.000516363
9179 0.000516325
9180 0.000516288
9181 0.000516251
9182 0.000516214
9183 0.000516177
9184 0.00051614
9185 0.000516103
9186 0.000516066
9187 0.00051603
9188 0.000515993
9189 0.000515957
9190 0.00051592
9191 0.000515884
9192 0.000515848
9193 0.000515812
9194 0.000515775
9195 0.000515739
9196 0.000515704
9197 0.000515668
9198 0.000515632
9199 0.000515596
9200 0.000515561
9201 0.000515525
9202 0.00051549
9203 0.000515455
9204 0.000515419
9205 0.000515384
9206 0.000515349
9207 0.000515314
9208 0.000515279
9209 0.000515244
9210 0.000515209
9211 0.000515174
9212 0.00051514
9213 0.000515105
9214 0.00051507
9215 0.000515036
9216 0.000515001
9217 0.000514967
9218 0.000514932
9219 0.000514898
9220 0.000514864
9221 0.000514829
9222 0.000514795
9223 0.000514761
9224 0.000514727
9225 0.000514693
9226 0.000514659
9227 0.000514625
9228 0.00051459
9229 0.000514556
9230 0.000514523
9231 0.000514489
9232 0.000514455
9233 0.000514421
9234 0.000514387
9235 0.000514353
9236 0.000514319
9237 0.000514285
9238 0.000514251
9239 0.000514217
9240 0.000514184
9241 0.00051415
9242 0.000514116
9243 0.000514082
9244 0.000514048
9245 0.000514014
9246 0.00051398
9247 0.000513946
9248 0.000513912
9249 0.000513878
9250 0.000513844
9251 0.00051381
9252 0.000513776
9253 0.000513742
9254 0.000513708
9255 0.000513674
9256 0.00051364
9257 0.000513606
9258 0.000513571
9259 0.000513537
9260 0.000513503
9261 0.000513468
9262 0.000513434
9263 0.000513399
9264 0.000513365
9265 0.00051333
9266 0.000513296
9267 0.000513261
9268 0.000513226
9269 0.000513191
9270 0.000513156
9271 0.000513121
9272 0.000513086
9273 0.000513051
9274 0.000513016
9275 0.000512981
9276 0.000512946
9277 0.00051291
9278 0.000512875
9279 0.000512839
9280 0.000512804
9281 0.000512768
9282 0.000512733
9283 0.000512697
9284 0.000512661
9285 0.000512625
9286 0.000512589
9287 0.000512553
9288 0.000512517
9289 0.00051248
9290 0.000512444
9291 0.000512408
9292 0.000512371
9293 0.000512334
9294 0.000512298
9295 0.000512261
9296 0.000512224
9297 0.000512187
9298 0.00051215
9299 0.000512113
9300 0.000512076
9301 0.000512039
9302 0.000512002
9303 0.000511964
9304 0.000511927
9305 0.000511889
9306 0.000511852
9307 0.000511814
9308 0.000511776
9309 0.000511739
9310 0.000511701
9311 0.000511663
9312 0.000511625
9313 0.000511587
9314 0.000511548
9315 0.00051151
9316 0.000511472
9317 0.000511433
9318 0.000511395
9319 0.000511357
9320 0.000511318
9321 0.000511279
9322 0.000511241
9323 0.000511202
9324 0.000511163
9325 0.000511124
9326 0.000511086
9327 0.000511047
9328 0.000511008
9329 0.000510969
9330 0.00051093
9331 0.00051089
9332 0.000510851
9333 0.000510812
9334 0.000510773
9335 0.000510734
9336 0.000510694
9337 0.000510655
9338 0.000510616
9339 0.000510576
9340 0.000510537
9341 0.000510497
9342 0.000510458
9343 0.000510419
9344 0.000510379
9345 0.00051034
9346 0.0005103
9347 0.000510261
9348 0.000510221
9349 0.000510181
9350 0.000510142
9351 0.000510102
9352 0.000510063
9353 0.000510023
9354 0.000509984
9355 0.000509944
9356 0.000509905
9357 0.000509865
9358 0.000509826
9359 0.000509786
9360 0.000509747
9361 0.000509707
9362 0.000509668
9363 0.000509628
9364 0.000509589
9365 0.000509549
9366 0.00050951
9367 0.000509471
9368 0.000509431
9369 0.000509392
9370 0.000509353
9371 0.000509314
9372 0.000509275
9373 0.000509235
9374 0.000509196
9375 0.000509157
9376 0.000509118
9377 0.000509079
9378 0.00050904
9379 0.000509002
9380 0.000508963
9381 0.000508924
9382 0.000508885
9383 0.000508846
9384 0.000508808
9385 0.000508769
9386 0.000508731
9387 0.000508692
9388 0.000508654
9389 0.000508615
9390 0.000508577
9391 0.000508539
9392 0.000508501
9393 0.000508463
9394 0.000508424
9395 0.000508386
9396 0.000508349
9397 0.000508311
9398 0.000508273
9399 0.000508235
9400 0.000508197
9401 0.00050816
9402 0.000508122
9403 0.000508085
9404 0.000508047
9405 0.00050801
9406 0.000507972
9407 0.000507935
9408 0.000507898
9409 0.000507861
9410 0.000507824
9411 0.000507787
9412 0.00050775
9413 0.000507713
9414 0.000507676
9415 0.000507639
9416 0.000507603
9417 0.000507566
9418 0.000507529
9419 0.000507493
9420 0.000507456
9421 0.00050742
9422 0.000507384
9423 0.000507347
9424 0.000507311
9425 0.000507275
9426 0.000507239
9427 0.000507203
9428 0.000507167
9429 0.000507131
9430 0.000507095
9431 0.000507059
9432 0.000507023
9433 0.000506988
9434 0.000506952
9435 0.000506916
9436 0.000506881
9437 0.000506845
9438 0.000506809
9439 0.000506774
9440 0.000506739
9441 0.000506703
9442 0.000506668
9443 0.000506632
9444 0.000506597
9445 0.000506562
9446 0.000506527
9447 0.000506492
9448 0.000506456
9449 0.000506421
9450 0.000506386
9451 0.000506351
9452 0.000506316
9453 0.000506281
9454 0.000506246
9455 0.000506211
9456 0.000506176
9457 0.000506141
9458 0.000506106
9459 0.000506071
9460 0.000506037
9461 0.000506002
9462 0.000505967
9463 0.000505932
9464 0.000505897
9465 0.000505862
9466 0.000505828
9467 0.000505793
9468 0.000505758
9469 0.000505723
9470 0.000505689
9471 0.000505654
9472 0.000505619
9473 0.000505584
9474 0.00050555
9475 0.000505515
9476 0.00050548
9477 0.000505445
9478 0.000505411
9479 0.000505376
9480 0.000505341
9481 0.000505306
9482 0.000505272
9483 0.000505237
9484 0.000505202
9485 0.000505167
9486 0.000505133
9487 0.000505098
9488 0.000505063
9489 0.000505028
9490 0.000504993
9491 0.000504959
9492 0.000504924
9493 0.000504889
9494 0.000504854
9495 0.000504819
9496 0.000504784
9497 0.000504749
9498 0.000504714
9499 0.00050468
9500 0.000504645
9501 0.00050461
9502 0.000504575
9503 0.00050454
9504 0.000504505
9505 0.00050447
9506 0.000504435
9507 0.0005044
9508 0.000504365
9509 0.00050433
9510 0.000504294
9511 0.000504259
9512 0.000504224
9513 0.000504189
9514 0.000504154
9515 0.000504119
9516 0.000504084
9517 0.000504049
9518 0.000504013
9519 0.000503978
9520 0.000503943
9521 0.000503908
9522 0.000503873
9523 0.000503838
9524 0.000503802
9525 0.000503767
9526 0.000503732
9527 0.000503697
9528 0.000503661
9529 0.000503626
9530 0.000503591
9531 0.000503556
9532 0.00050352
9533 0.000503485
9534 0.00050345
9535 0.000503415
9536 0.000503379
9537 0.000503344
9538 0.000503309
9539 0.000503274
9540 0.000503238
9541 0.000503203
9542 0.000503168
9543 0.000503133
9544 0.000503098
9545 0.000503062
9546 0.000503027
9547 0.000502992
9548 0.000502957
9549 0.000502922
9550 0.000502887
9551 0.000502852
9552 0.000502816
9553 0.000502781
9554 0.000502746
9555 0.000502711
9556 0.000502676
9557 0.000502641
9558 0.000502606
9559 0.000502571
9560 0.000502537
9561 0.000502502
9562 0.000502467
9563 0.000502432
9564 0.000502397
9565 0.000502362
9566 0.000502328
9567 0.000502293
9568 0.000502258
9569 0.000502224
9570 0.000502189
9571 0.000502154
9572 0.00050212
9573 0.000502085
9574 0.000502051
9575 0.000502016
9576 0.000501982
9577 0.000501948
9578 0.000501913
9579 0.000501879
9580 0.000501845
9581 0.000501811
9582 0.000501776
9583 0.000501742
9584 0.000501708
9585 0.000501674
9586 0.00050164
9587 0.000501606
9588 0.000501572
9589 0.000501539
9590 0.000501505
9591 0.000501471
9592 0.000501437
9593 0.000501404
9594 0.00050137
9595 0.000501336
9596 0.000501303
9597 0.000501269
9598 0.000501236
9599 0.000501202
9600 0.000501169
9601 0.000501136
9602 0.000501103
9603 0.000501069
9604 0.000501036
9605 0.000501003
9606 0.00050097
9607 0.000500937
9608 0.000500904
9609 0.000500871
9610 0.000500838
9611 0.000500805
9612 0.000500772
9613 0.00050074
9614 0.000500707
9615 0.000500674
9616 0.000500642
9617 0.000500609
9618 0.000500577
9619 0.000500544
9620 0.000500512
9621 0.000500479
9622 0.000500447
9623 0.000500414
9624 0.000500382
9625 0.00050035
9626 0.000500317
9627 0.000500285
9628 0.000500253
9629 0.000500221
9630 0.000500189
9631 0.000500157
9632 0.000500125
9633 0.000500092
9634 0.00050006
9635 0.000500028
9636 0.000499997
9637 0.000499965
9638 0.000499933
9639 0.000499901
9640 0.000499869
9641 0.000499837
9642 0.000499805
9643 0.000499773
9644 0.000499742
9645 0.00049971
9646 0.000499678
9647 0.000499646
9648 0.000499614
9649 0.000499583
9650 0.000499551
9651 0.000499519
9652 0.000499488
9653 0.000499456
9654 0.000499424
9655 0.000499392
9656 0.000499361
9657 0.000499329
9658 0.000499297
9659 0.000499266
9660 0.000499234
9661 0.000499202
9662 0.00049917
9663 0.000499139
9664 0.000499107
9665 0.000499075
9666 0.000499044
9667 0.000499012
9668 0.00049898
9669 0.000498948
9670 0.000498916
9671 0.000498885
9672 0.000498853
9673 0.000498821
9674 0.000498789
9675 0.000498757
9676 0.000498725
9677 0.000498693
9678 0.000498661
9679 0.000498629
9680 0.000498597
9681 0.000498565
9682 0.000498533
9683 0.000498501
9684 0.000498469
9685 0.000498437
9686 0.000498405
9687 0.000498372
9688 0.00049834
9689 0.000498308
9690 0.000498276
9691 0.000498243
9692 0.000498211
9693 0.000498178
9694 0.000498146
9695 0.000498114
9696 0.000498081
9697 0.000498048
9698 0.000498016
9699 0.000497983
9700 0.000497951
9701 0.000497918
9702 0.000497885
9703 0.000497852
9704 0.000497819
9705 0.000497787
9706 0.000497754
9707 0.000497721
9708 0.000497688
9709 0.000497655
9710 0.000497622
9711 0.000497589
9712 0.000497555
9713 0.000497522
9714 0.000497489
9715 0.000497456
9716 0.000497422
9717 0.000497389
9718 0.000497356
9719 0.000497322
9720 0.000497289
9721 0.000497255
9722 0.000497221
9723 0.000497188
9724 0.000497154
9725 0.000497121
9726 0.000497087
9727 0.000497053
9728 0.000497019
9729 0.000496985
9730 0.000496952
9731 0.000496918
9732 0.000496884
9733 0.00049685
9734 0.000496816
9735 0.000496782
9736 0.000496748
9737 0.000496714
9738 0.000496679
9739 0.000496645
9740 0.000496611
9741 0.000496577
9742 0.000496542
9743 0.000496508
9744 0.000496474
9745 0.00049644
9746 0.000496405
9747 0.000496371
9748 0.000496336
9749 0.000496302
9750 0.000496267
9751 0.000496233
9752 0.000496199
9753 0.000496164
9754 0.000496129
9755 0.000496095
9756 0.00049606
9757 0.000496026
9758 0.000495991
9759 0.000495957
9760 0.000495922
9761 0.000495887
9762 0.000495853
9763 0.000495818
9764 0.000495783
9765 0.000495749
9766 0.000495714
9767 0.000495679
9768 0.000495645
9769 0.00049561
9770 0.000495575
9771 0.000495541
9772 0.000495506
9773 0.000495471
9774 0.000495437
9775 0.000495402
9776 0.000495367
9777 0.000495333
9778 0.000495298
9779 0.000495263
9780 0.000495229
9781 0.000495194
9782 0.000495159
9783 0.000495125
9784 0.00049509
9785 0.000495056
9786 0.000495021
9787 0.000494987
9788 0.000494952
9789 0.000494917
9790 0.000494883
9791 0.000494848
9792 0.000494814
9793 0.00049478
9794 0.000494745
9795 0.000494711
9796 0.000494676
9797 0.000494642
9798 0.000494608
9799 0.000494573
9800 0.000494539
9801 0.000494505
9802 0.000494471
9803 0.000494436
9804 0.000494402
9805 0.000494368
9806 0.000494334
9807 0.0004943
9808 0.000494266
9809 0.000494232
9810 0.000494198
9811 0.000494164
9812 0.00049413
9813 0.000494096
9814 0.000494062
9815 0.000494028
9816 0.000493995
9817 0.000493961
9818 0.000493927
9819 0.000493893
9820 0.00049386
9821 0.000493826
9822 0.000493792
9823 0.000493759
9824 0.000493725
9825 0.000493692
9826 0.000493658
9827 0.000493625
9828 0.000493592
9829 0.000493558
9830 0.000493525
9831 0.000493492
9832 0.000493458
9833 0.000493425
9834 0.000493392
9835 0.000493359
9836 0.000493326
9837 0.000493293
9838 0.000493259
9839 0.000493226
9840 0.000493193
9841 0.000493161
9842 0.000493128
9843 0.000493095
9844 0.000493062
9845 0.000493029
9846 0.000492996
9847 0.000492964
9848 0.000492931
9849 0.000492898
9850 0.000492865
9851 0.000492833
9852 0.0004928
9853 0.000492768
9854 0.000492735
9855 0.000492703
9856 0.00049267
9857 0.000492638
9858 0.000492605
9859 0.000492573
9860 0.00049254
9861 0.000492508
9862 0.000492476
9863 0.000492443
9864 0.000492411
9865 0.000492379
9866 0.000492347
9867 0.000492314
9868 0.000492282
9869 0.00049225
9870 0.000492218
9871 0.000492186
9872 0.000492154
9873 0.000492122
9874 0.00049209
9875 0.000492057
9876 0.000492025
9877 0.000491993
9878 0.000491961
9879 0.000491929
9880 0.000491897
9881 0.000491866
9882 0.000491834
9883 0.000491802
9884 0.00049177
9885 0.000491738
9886 0.000491706
9887 0.000491674
9888 0.000491642
9889 0.00049161
9890 0.000491579
9891 0.000491547
9892 0.000491515
9893 0.000491483
9894 0.000491451
9895 0.00049142
9896 0.000491388
9897 0.000491356
9898 0.000491324
9899 0.000491292
9900 0.000491261
9901 0.000491229
9902 0.000491197
9903 0.000491165
9904 0.000491134
9905 0.000491102
9906 0.00049107
9907 0.000491039
9908 0.000491007
9909 0.000490975
9910 0.000490943
9911 0.000490912
9912 0.00049088
9913 0.000490848
9914 0.000490817
9915 0.000490785
9916 0.000490753
9917 0.000490722
9918 0.00049069
9919 0.000490658
9920 0.000490627
9921 0.000490595
9922 0.000490563
9923 0.000490532
9924 0.0004905
9925 0.000490468
9926 0.000490437
9927 0.000490405
9928 0.000490374
9929 0.000490342
9930 0.00049031
9931 0.000490279
9932 0.000490247
9933 0.000490215
9934 0.000490184
9935 0.000490152
9936 0.000490121
9937 0.000490089
9938 0.000490057
9939 0.000490026
9940 0.000489994
9941 0.000489963
9942 0.000489931
9943 0.000489899
9944 0.000489868
9945 0.000489836
9946 0.000489805
9947 0.000489773
9948 0.000489742
9949 0.00048971
9950 0.000489679
9951 0.000489647
9952 0.000489616
9953 0.000489584
9954 0.000489553
9955 0.000489521
9956 0.00048949
9957 0.000489458
9958 0.000489427
9959 0.000489395
9960 0.000489364
9961 0.000489332
9962 0.000489301
9963 0.00048927
9964 0.000489238
9965 0.000489207
9966 0.000489176
9967 0.000489144
9968 0.000489113
9969 0.000489082
9970 0.00048905
9971 0.000489019
9972 0.000488988
9973 0.000488956
9974 0.000488925
9975 0.000488894
9976 0.000488863
9977 0.000488832
9978 0.000488801
9979 0.000488769
9980 0.000488738
9981 0.000488707
9982 0.000488676
9983 0.000488645
9984 0.000488614
9985 0.000488583
9986 0.000488552
9987 0.000488521
9988 0.00048849
9989 0.000488459
9990 0.000488428
9991 0.000488397
9992 0.000488367
9993 0.000488336
9994 0.000488305
9995 0.000488274
9996 0.000488243
9997 0.000488213
9998 0.000488182
9999 0.000488151
10000 0.000488121
10001 0.00048809
10002 0.000488059
10003 0.000488029
10004 0.000487998
10005 0.000487968
10006 0.000487937
10007 0.000487907
10008 0.000487876
10009 0.000487846
10010 0.000487816
10011 0.000487785
10012 0.000487755
10013 0.000487725
10014 0.000487694
10015 0.000487664
10016 0.000487634
10017 0.000487604
10018 0.000487573
10019 0.000487543
10020 0.000487513
10021 0.000487483
10022 0.000487453
10023 0.000487423
10024 0.000487393
10025 0.000487363
10026 0.000487333
10027 0.000487303
10028 0.000487273
10029 0.000487243
10030 0.000487213
10031 0.000487183
10032 0.000487154
10033 0.000487124
10034 0.000487094
10035 0.000487064
10036 0.000487034
10037 0.000487005
10038 0.000486975
10039 0.000486945
10040 0.000486916
10041 0.000486886
10042 0.000486856
10043 0.000486827
10044 0.000486797
10045 0.000486768
10046 0.000486738
10047 0.000486709
10048 0.000486679
10049 0.00048665
10050 0.00048662
10051 0.000486591
10052 0.000486561
10053 0.000486532
10054 0.000486502
10055 0.000486473
10056 0.000486443
10057 0.000486414
10058 0.000486385
10059 0.000486355
10060 0.000486326
10061 0.000486297
10062 0.000486267
10063 0.000486238
10064 0.000486209
10065 0.000486179
10066 0.00048615
10067 0.000486121
10068 0.000486091
10069 0.000486062
10070 0.000486033
10071 0.000486003
10072 0.000485974
10073 0.000485945
10074 0.000485915
10075 0.000485886
10076 0.000485857
10077 0.000485828
10078 0.000485798
10079 0.000485769
10080 0.00048574
10081 0.00048571
10082 0.000485681
10083 0.000485652
10084 0.000485622
10085 0.000485593
10086 0.000485564
10087 0.000485534
10088 0.000485505
10089 0.000485476
10090 0.000485446
10091 0.000485417
10092 0.000485388
10093 0.000485358
10094 0.000485329
10095 0.000485299
10096 0.00048527
10097 0.000485241
10098 0.000485211
10099 0.000485182
10100 0.000485152
10101 0.000485123
10102 0.000485093
10103 0.000485064
10104 0.000485034
10105 0.000485004
10106 0.000484975
10107 0.000484945
10108 0.000484916
10109 0.000484886
10110 0.000484856
10111 0.000484827
10112 0.000484797
10113 0.000484767
10114 0.000484738
10115 0.000484708
10116 0.000484678
10117 0.000484648
10118 0.000484619
10119 0.000484589
10120 0.000484559
10121 0.000484529
10122 0.000484499
10123 0.000484469
10124 0.000484439
10125 0.000484409
10126 0.000484379
10127 0.000484349
10128 0.000484319
10129 0.000484289
10130 0.000484259
10131 0.000484229
10132 0.000484199
10133 0.000484169
10134 0.000484139
10135 0.000484109
10136 0.000484079
10137 0.000484048
10138 0.000484018
10139 0.000483988
10140 0.000483958
10141 0.000483927
10142 0.000483897
10143 0.000483867
10144 0.000483836
10145 0.000483806
10146 0.000483776
10147 0.000483745
10148 0.000483715
10149 0.000483684
10150 0.000483654
10151 0.000483623
10152 0.000483593
10153 0.000483562
10154 0.000483532
10155 0.000483501
10156 0.000483471
10157 0.00048344
10158 0.00048341
10159 0.000483379
10160 0.000483348
10161 0.000483318
10162 0.000483287
10163 0.000483256
10164 0.000483226
10165 0.000483195
10166 0.000483164
10167 0.000483134
10168 0.000483103
10169 0.000483072
10170 0.000483041
10171 0.000483011
10172 0.00048298
10173 0.000482949
10174 0.000482918
10175 0.000482887
10176 0.000482857
10177 0.000482826
10178 0.000482795
10179 0.000482764
10180 0.000482733
10181 0.000482703
10182 0.000482672
10183 0.000482641
10184 0.00048261
10185 0.000482579
10186 0.000482548
10187 0.000482517
10188 0.000482487
10189 0.000482456
10190 0.000482425
10191 0.000482394
10192 0.000482363
10193 0.000482332
10194 0.000482302
10195 0.000482271
10196 0.00048224
10197 0.000482209
10198 0.000482178
10199 0.000482147
10200 0.000482117
10201 0.000482086
10202 0.000482055
10203 0.000482024
10204 0.000481993
10205 0.000481963
10206 0.000481932
10207 0.000481901
10208 0.00048187
10209 0.00048184
10210 0.000481809
10211 0.000481778
10212 0.000481747
10213 0.000481717
10214 0.000481686
10215 0.000481655
10216 0.000481625
10217 0.000481594
10218 0.000481563
10219 0.000481533
10220 0.000481502
10221 0.000481472
10222 0.000481441
10223 0.00048141
10224 0.00048138
10225 0.000481349
10226 0.000481319
10227 0.000481288
10228 0.000481258
10229 0.000481227
10230 0.000481197
10231 0.000481167
10232 0.000481136
10233 0.000481106
10234 0.000481075
10235 0.000481045
10236 0.000481015
10237 0.000480984
10238 0.000480954
10239 0.000480924
10240 0.000480894
10241 0.000480863
10242 0.000480833
10243 0.000480803
10244 0.000480773
10245 0.000480743
10246 0.000480713
10247 0.000480683
10248 0.000480652
10249 0.000480622
10250 0.000480592
10251 0.000480562
10252 0.000480532
10253 0.000480502
10254 0.000480472
10255 0.000480442
10256 0.000480412
10257 0.000480383
10258 0.000480353
10259 0.000480323
10260 0.000480293
10261 0.000480263
10262 0.000480233
10263 0.000480204
10264 0.000480174
10265 0.000480144
10266 0.000480114
10267 0.000480085
10268 0.000480055
10269 0.000480025
10270 0.000479996
10271 0.000479966
10272 0.000479937
10273 0.000479907
10274 0.000479877
10275 0.000479848
10276 0.000479818
10277 0.000479789
10278 0.000479759
10279 0.00047973
10280 0.0004797
10281 0.000479671
10282 0.000479642
10283 0.000479612
10284 0.000479583
10285 0.000479553
10286 0.000479524
10287 0.000479495
10288 0.000479465
10289 0.000479436
10290 0.000479407
10291 0.000479378
10292 0.000479348
10293 0.000479319
10294 0.00047929
10295 0.000479261
10296 0.000479232
10297 0.000479202
10298 0.000479173
10299 0.000479144
10300 0.000479115
10301 0.000479086
10302 0.000479057
10303 0.000479028
10304 0.000478999
10305 0.000478969
10306 0.00047894
10307 0.000478911
10308 0.000478882
10309 0.000478853
10310 0.000478824
10311 0.000478795
10312 0.000478766
10313 0.000478737
10314 0.000478708
10315 0.00047868
10316 0.000478651
10317 0.000478622
10318 0.000478593
10319 0.000478564
10320 0.000478535
10321 0.000478506
10322 0.000478477
10323 0.000478448
10324 0.000478419
10325 0.000478391
10326 0.000478362
10327 0.000478333
10328 0.000478304
10329 0.000478275
10330 0.000478247
10331 0.000478218
10332 0.000478189
10333 0.00047816
10334 0.000478131
10335 0.000478103
10336 0.000478074
10337 0.000478045
10338 0.000478017
10339 0.000477988
10340 0.000477959
10341 0.00047793
10342 0.000477902
10343 0.000477873
10344 0.000477844
10345 0.000477816
10346 0.000477787
10347 0.000477758
10348 0.00047773
10349 0.000477701
10350 0.000477673
10351 0.000477644
10352 0.000477615
10353 0.000477587
10354 0.000477558
10355 0.00047753
10356 0.000477501
10357 0.000477473
10358 0.000477444
10359 0.000477415
10360 0.000477387
10361 0.000477358
10362 0.00047733
10363 0.000477301
10364 0.000477273
10365 0.000477244
10366 0.000477216
10367 0.000477188
10368 0.000477159
10369 0.000477131
10370 0.000477102
10371 0.000477074
10372 0.000477045
10373 0.000477017
10374 0.000476989
10375 0.00047696
10376 0.000476932
10377 0.000476904
10378 0.000476875
10379 0.000476847
10380 0.000476819
10381 0.00047679
10382 0.000476762
10383 0.000476734
10384 0.000476706
10385 0.000476677
10386 0.000476649
10387 0.000476621
10388 0.000476593
10389 0.000476565
10390 0.000476536
10391 0.000476508
10392 0.00047648
10393 0.000476452
10394 0.000476424
10395 0.000476396
10396 0.000476368
10397 0.00047634
10398 0.000476312
10399 0.000476283
10400 0.000476255
10401 0.000476227
10402 0.000476199
10403 0.000476171
10404 0.000476143
10405 0.000476116
10406 0.000476088
10407 0.00047606
10408 0.000476032
10409 0.000476004
10410 0.000475976
10411 0.000475948
10412 0.00047592
10413 0.000475893
10414 0.000475865
10415 0.000475837
10416 0.000475809
10417 0.000475781
10418 0.000475754
10419 0.000475726
10420 0.000475698
10421 0.000475671
10422 0.000475643
10423 0.000475615
10424 0.000475588
10425 0.00047556
10426 0.000475532
10427 0.000475505
10428 0.000475477
10429 0.00047545
10430 0.000475422
10431 0.000475395
10432 0.000475367
10433 0.00047534
10434 0.000475312
10435 0.000475285
10436 0.000475257
10437 0.00047523
10438 0.000475202
10439 0.000475175
10440 0.000475148
10441 0.00047512
10442 0.000475093
10443 0.000475066
10444 0.000475038
10445 0.000475011
10446 0.000474984
10447 0.000474956
10448 0.000474929
10449 0.000474902
10450 0.000474875
10451 0.000474847
10452 0.00047482
10453 0.000474793
10454 0.000474766
10455 0.000474739
10456 0.000474712
10457 0.000474684
10458 0.000474657
10459 0.00047463
10460 0.000474603
10461 0.000474576
10462 0.000474549
10463 0.000474522
10464 0.000474495
10465 0.000474468
10466 0.000474441
10467 0.000474414
10468 0.000474387
10469 0.00047436
10470 0.000474333
10471 0.000474306
10472 0.000474279
10473 0.000474252
10474 0.000474225
10475 0.000474198
10476 0.000474171
10477 0.000474144
10478 0.000474117
10479 0.00047409
10480 0.000474063
10481 0.000474036
10482 0.000474009
10483 0.000473982
10484 0.000473955
10485 0.000473928
10486 0.000473901
10487 0.000473874
10488 0.000473847
10489 0.00047382
10490 0.000473794
10491 0.000473767
10492 0.00047374
10493 0.000473713
10494 0.000473686
10495 0.000473659
10496 0.000473632
10497 0.000473605
10498 0.000473578
10499 0.000473551
10500 0.000473524
10501 0.000473497
10502 0.000473471
10503 0.000473444
10504 0.000473417
10505 0.00047339
10506 0.000473363
10507 0.000473336
10508 0.000473309
10509 0.000473282
10510 0.000473255
10511 0.000473228
10512 0.000473201
10513 0.000473174
10514 0.000473147
10515 0.00047312
10516 0.000473093
10517 0.000473066
10518 0.000473039
10519 0.000473012
10520 0.000472985
10521 0.000472958
10522 0.000472931
10523 0.000472904
10524 0.000472877
10525 0.00047285
10526 0.000472823
10527 0.000472796
10528 0.000472769
10529 0.000472742
10530 0.000472714
10531 0.000472687
10532 0.00047266
10533 0.000472633
10534 0.000472606
10535 0.000472579
10536 0.000472552
10537 0.000472524
10538 0.000472497
10539 0.00047247
10540 0.000472443
10541 0.000472416
10542 0.000472388
10543 0.000472361
10544 0.000472334
10545 0.000472307
10546 0.000472279
10547 0.000472252
10548 0.000472225
10549 0.000472197
10550 0.00047217
10551 0.000472143
10552 0.000472115
10553 0.000472088
10554 0.000472061
10555 0.000472033
10556 0.000472006
10557 0.000471979
10558 0.000471951
10559 0.000471924
10560 0.000471896
10561 0.000471869
10562 0.000471841
10563 0.000471814
10564 0.000471787
10565 0.000471759
10566 0.000471732
10567 0.000471704
10568 0.000471677
10569 0.000471649
10570 0.000471621
10571 0.000471594
10572 0.000471566
10573 0.000471539
10574 0.000471511
10575 0.000471484
10576 0.000471456
10577 0.000471429
10578 0.000471401
10579 0.000471373
10580 0.000471346
10581 0.000471318
10582 0.000471291
10583 0.000471263
10584 0.000471235
10585 0.000471208
10586 0.00047118
10587 0.000471152
10588 0.000471125
10589 0.000471097
10590 0.000471069
10591 0.000471042
10592 0.000471014
10593 0.000470986
10594 0.000470959
10595 0.000470931
10596 0.000470903
10597 0.000470876
10598 0.000470848
10599 0.00047082
10600 0.000470793
10601 0.000470765
10602 0.000470737
10603 0.000470709
10604 0.000470682
10605 0.000470654
10606 0.000470626
10607 0.000470599
10608 0.000470571
10609 0.000470543
10610 0.000470516
10611 0.000470488
10612 0.00047046
10613 0.000470432
10614 0.000470405
10615 0.000470377
10616 0.000470349
10617 0.000470322
10618 0.000470294
10619 0.000470266
10620 0.000470239
10621 0.000470211
10622 0.000470183
10623 0.000470156
10624 0.000470128
10625 0.0004701
10626 0.000470073
10627 0.000470045
10628 0.000470018
10629 0.00046999
10630 0.000469962
10631 0.000469935
10632 0.000469907
10633 0.00046988
10634 0.000469852
10635 0.000469824
10636 0.000469797
10637 0.000469769
10638 0.000469742
10639 0.000469714
10640 0.000469687
10641 0.000469659
10642 0.000469632
10643 0.000469604
10644 0.000469577
10645 0.000469549
10646 0.000469522
10647 0.000469494
10648 0.000469467
10649 0.000469439
10650 0.000469412
10651 0.000469385
10652 0.000469357
10653 0.00046933
10654 0.000469302
10655 0.000469275
10656 0.000469248
10657 0.00046922
10658 0.000469193
10659 0.000469166
10660 0.000469138
10661 0.000469111
10662 0.000469084
10663 0.000469057
10664 0.000469029
10665 0.000469002
10666 0.000468975
10667 0.000468948
10668 0.000468921
10669 0.000468893
10670 0.000468866
10671 0.000468839
10672 0.000468812
10673 0.000468785
10674 0.000468758
10675 0.000468731
10676 0.000468703
10677 0.000468676
10678 0.000468649
10679 0.000468622
10680 0.000468595
10681 0.000468568
10682 0.000468541
10683 0.000468514
10684 0.000468487
10685 0.00046846
10686 0.000468433
10687 0.000468406
10688 0.00046838
10689 0.000468353
10690 0.000468326
10691 0.000468299
10692 0.000468272
10693 0.000468245
10694 0.000468218
10695 0.000468191
10696 0.000468165
10697 0.000468138
10698 0.000468111
10699 0.000468084
10700 0.000468058
10701 0.000468031
10702 0.000468004
10703 0.000467977
10704 0.000467951
10705 0.000467924
10706 0.000467897
10707 0.000467871
10708 0.000467844
10709 0.000467817
10710 0.000467791
10711 0.000467764
10712 0.000467738
10713 0.000467711
10714 0.000467684
10715 0.000467658
10716 0.000467631
10717 0.000467605
10718 0.000467578
10719 0.000467552
10720 0.000467525
10721 0.000467499
10722 0.000467472
10723 0.000467446
10724 0.000467419
10725 0.000467393
10726 0.000467366
10727 0.00046734
10728 0.000467314
10729 0.000467287
10730 0.000467261
10731 0.000467234
10732 0.000467208
10733 0.000467182
10734 0.000467155
10735 0.000467129
10736 0.000467103
10737 0.000467076
10738 0.00046705
10739 0.000467024
10740 0.000466998
10741 0.000466971
10742 0.000466945
10743 0.000466919
10744 0.000466892
10745 0.000466866
10746 0.00046684
10747 0.000466814
10748 0.000466788
10749 0.000466761
10750 0.000466735
10751 0.000466709
10752 0.000466683
10753 0.000466657
10754 0.000466631
10755 0.000466605
10756 0.000466578
10757 0.000466552
10758 0.000466526
10759 0.0004665
10760 0.000466474
10761 0.000466448
10762 0.000466422
10763 0.000466396
10764 0.00046637
10765 0.000466344
10766 0.000466318
10767 0.000466292
10768 0.000466266
10769 0.00046624
10770 0.000466214
10771 0.000466188
10772 0.000466162
10773 0.000466136
10774 0.00046611
10775 0.000466084
10776 0.000466058
10777 0.000466032
10778 0.000466007
10779 0.000465981
10780 0.000465955
10781 0.000465929
10782 0.000465903
10783 0.000465877
10784 0.000465851
10785 0.000465826
10786 0.0004658
10787 0.000465774
10788 0.000465748
10789 0.000465722
10790 0.000465697
10791 0.000465671
10792 0.000465645
10793 0.000465619
10794 0.000465594
10795 0.000465568
10796 0.000465542
10797 0.000465517
10798 0.000465491
10799 0.000465465
10800 0.00046544
10801 0.000465414
10802 0.000465388
10803 0.000465363
10804 0.000465337
10805 0.000465312
10806 0.000465286
10807 0.00046526
10808 0.000465235
10809 0.000465209
10810 0.000465184
10811 0.000465158
10812 0.000465133
10813 0.000465107
10814 0.000465082
10815 0.000465056
10816 0.000465031
10817 0.000465005
10818 0.00046498
10819 0.000464954
10820 0.000464929
10821 0.000464903
10822 0.000464878
10823 0.000464853
10824 0.000464827
10825 0.000464802
10826 0.000464777
10827 0.000464751
10828 0.000464726
10829 0.000464701
10830 0.000464675
10831 0.00046465
10832 0.000464625
10833 0.000464599
10834 0.000464574
10835 0.000464549
10836 0.000464524
10837 0.000464498
10838 0.000464473
10839 0.000464448
10840 0.000464423
10841 0.000464398
10842 0.000464373
10843 0.000464347
10844 0.000464322
10845 0.000464297
10846 0.000464272
10847 0.000464247
10848 0.000464222
10849 0.000464197
10850 0.000464172
10851 0.000464147
10852 0.000464121
10853 0.000464096
10854 0.000464071
10855 0.000464046
10856 0.000464021
10857 0.000463996
10858 0.000463971
10859 0.000463946
10860 0.000463921
10861 0.000463896
10862 0.000463871
10863 0.000463847
10864 0.000463822
10865 0.000463797
10866 0.000463772
10867 0.000463747
10868 0.000463722
10869 0.000463697
10870 0.000463672
10871 0.000463647
10872 0.000463622
10873 0.000463598
10874 0.000463573
10875 0.000463548
10876 0.000463523
10877 0.000463498
10878 0.000463473
10879 0.000463449
10880 0.000463424
10881 0.000463399
10882 0.000463374
10883 0.000463349
10884 0.000463325
10885 0.0004633
10886 0.000463275
10887 0.00046325
10888 0.000463226
10889 0.000463201
10890 0.000463176
10891 0.000463151
10892 0.000463127
10893 0.000463102
10894 0.000463077
10895 0.000463052
10896 0.000463028
10897 0.000463003
10898 0.000462978
10899 0.000462954
10900 0.000462929
10901 0.000462904
10902 0.000462879
10903 0.000462855
10904 0.00046283
10905 0.000462805
10906 0.000462781
10907 0.000462756
10908 0.000462731
10909 0.000462707
10910 0.000462682
10911 0.000462657
10912 0.000462633
10913 0.000462608
10914 0.000462583
10915 0.000462559
10916 0.000462534
10917 0.000462509
10918 0.000462485
10919 0.00046246
10920 0.000462435
10921 0.00046241
10922 0.000462386
10923 0.000462361
10924 0.000462336
10925 0.000462312
10926 0.000462287
10927 0.000462262
10928 0.000462238
10929 0.000462213
10930 0.000462188
10931 0.000462164
10932 0.000462139
10933 0.000462114
10934 0.000462089
10935 0.000462065
10936 0.00046204
10937 0.000462015
10938 0.000461991
10939 0.000461966
10940 0.000461941
10941 0.000461916
10942 0.000461892
10943 0.000461867
10944 0.000461842
10945 0.000461817
10946 0.000461793
10947 0.000461768
10948 0.000461743
10949 0.000461718
10950 0.000461694
10951 0.000461669
10952 0.000461644
10953 0.000461619
10954 0.000461594
10955 0.00046157
10956 0.000461545
10957 0.00046152
10958 0.000461495
10959 0.00046147
10960 0.000461446
10961 0.000461421
10962 0.000461396
10963 0.000461371
10964 0.000461346
10965 0.000461321
10966 0.000461297
10967 0.000461272
10968 0.000461247
10969 0.000461222
10970 0.000461197
10971 0.000461172
10972 0.000461147
10973 0.000461122
10974 0.000461097
10975 0.000461073
10976 0.000461048
10977 0.000461023
10978 0.000460998
10979 0.000460973
10980 0.000460948
10981 0.000460923
10982 0.000460898
10983 0.000460873
10984 0.000460848
10985 0.000460823
10986 0.000460798
10987 0.000460773
10988 0.000460748
10989 0.000460723
10990 0.000460698
10991 0.000460673
10992 0.000460648
10993 0.000460623
10994 0.000460598
10995 0.000460573
10996 0.000460548
10997 0.000460523
10998 0.000460498
10999 0.000460473
11000 0.000460448
11001 0.000460423
11002 0.000460398
11003 0.000460373
11004 0.000460348
11005 0.000460323
11006 0.000460298
11007 0.000460273
11008 0.000460248
11009 0.000460223
11010 0.000460198
11011 0.000460173
11012 0.000460148
11013 0.000460123
11014 0.000460098
11015 0.000460073
11016 0.000460048
11017 0.000460023
11018 0.000459998
11019 0.000459973
11020 0.000459948
11021 0.000459923
11022 0.000459898
11023 0.000459873
11024 0.000459848
11025 0.000459823
11026 0.000459798
11027 0.000459773
11028 0.000459747
11029 0.000459722
11030 0.000459697
11031 0.000459672
11032 0.000459647
11033 0.000459622
11034 0.000459597
11035 0.000459572
11036 0.000459547
11037 0.000459522
11038 0.000459497
11039 0.000459472
11040 0.000459447
11041 0.000459422
11042 0.000459397
11043 0.000459372
11044 0.000459347
11045 0.000459322
11046 0.000459297
11047 0.000459272
11048 0.000459247
11049 0.000459222
11050 0.000459198
11051 0.000459173
11052 0.000459148
11053 0.000459123
11054 0.000459098
11055 0.000459073
11056 0.000459048
11057 0.000459023
11058 0.000458998
11059 0.000458973
11060 0.000458948
11061 0.000458923
11062 0.000458898
11063 0.000458874
11064 0.000458849
11065 0.000458824
11066 0.000458799
11067 0.000458774
11068 0.000458749
11069 0.000458725
11070 0.0004587
11071 0.000458675
11072 0.00045865
11073 0.000458625
11074 0.000458601
11075 0.000458576
11076 0.000458551
11077 0.000458526
11078 0.000458501
11079 0.000458477
11080 0.000458452
11081 0.000458427
11082 0.000458403
11083 0.000458378
11084 0.000458353
11085 0.000458328
11086 0.000458304
11087 0.000458279
11088 0.000458254
11089 0.00045823
11090 0.000458205
11091 0.00045818
11092 0.000458156
11093 0.000458131
11094 0.000458107
11095 0.000458082
11096 0.000458057
11097 0.000458033
11098 0.000458008
11099 0.000457984
11100 0.000457959
11101 0.000457935
11102 0.00045791
11103 0.000457886
11104 0.000457861
11105 0.000457837
11106 0.000457812
11107 0.000457788
11108 0.000457763
11109 0.000457739
11110 0.000457714
11111 0.00045769
11112 0.000457665
11113 0.000457641
11114 0.000457617
11115 0.000457592
11116 0.000457568
11117 0.000457543
11118 0.000457519
11119 0.000457495
11120 0.00045747
11121 0.000457446
11122 0.000457422
11123 0.000457397
11124 0.000457373
11125 0.000457349
11126 0.000457325
11127 0.0004573
11128 0.000457276
11129 0.000457252
11130 0.000457228
11131 0.000457203
11132 0.000457179
11133 0.000457155
11134 0.000457131
11135 0.000457107
11136 0.000457082
11137 0.000457058
11138 0.000457034
11139 0.00045701
11140 0.000456986
11141 0.000456962
11142 0.000456938
11143 0.000456913
11144 0.000456889
11145 0.000456865
11146 0.000456841
11147 0.000456817
11148 0.000456793
11149 0.000456769
11150 0.000456745
11151 0.000456721
11152 0.000456697
11153 0.000456673
11154 0.000456649
11155 0.000456625
11156 0.000456601
11157 0.000456577
11158 0.000456553
11159 0.000456529
11160 0.000456505
11161 0.000456481
11162 0.000456457
11163 0.000456433
11164 0.00045641
11165 0.000456386
11166 0.000456362
11167 0.000456338
11168 0.000456314
11169 0.00045629
11170 0.000456266
11171 0.000456243
11172 0.000456219
11173 0.000456195
11174 0.000456171
11175 0.000456147
11176 0.000456124
11177 0.0004561
11178 0.000456076
11179 0.000456052
11180 0.000456028
11181 0.000456005
11182 0.000455981
11183 0.000455957
11184 0.000455934
11185 0.00045591
11186 0.000455886
11187 0.000455863
11188 0.000455839
11189 0.000455815
11190 0.000455792
11191 0.000455768
11192 0.000455744
11193 0.000455721
11194 0.000455697
11195 0.000455673
11196 0.00045565
11197 0.000455626
11198 0.000455603
11199 0.000455579
11200 0.000455556
11201 0.000455532
11202 0.000455508
11203 0.000455485
11204 0.000455461
11205 0.000455438
11206 0.000455414
11207 0.000455391
11208 0.000455367
11209 0.000455344
11210 0.00045532
11211 0.000455297
11212 0.000455274
11213 0.00045525
11214 0.000455227
11215 0.000455203
11216 0.00045518
11217 0.000455156
11218 0.000455133
11219 0.00045511
11220 0.000455086
11221 0.000455063
11222 0.00045504
11223 0.000455016
11224 0.000454993
11225 0.00045497
11226 0.000454946
11227 0.000454923
11228 0.0004549
11229 0.000454876
11230 0.000454853
11231 0.00045483
11232 0.000454807
11233 0.000454783
11234 0.00045476
11235 0.000454737
11236 0.000454714
11237 0.000454691
11238 0.000454667
11239 0.000454644
11240 0.000454621
11241 0.000454598
11242 0.000454575
11243 0.000454551
11244 0.000454528
11245 0.000454505
11246 0.000454482
11247 0.000454459
11248 0.000454436
11249 0.000454413
11250 0.00045439
11251 0.000454367
11252 0.000454343
11253 0.00045432
11254 0.000454297
11255 0.000454274
11256 0.000454251
11257 0.000454228
11258 0.000454205
11259 0.000454182
11260 0.000454159
11261 0.000454136
11262 0.000454113
11263 0.00045409
11264 0.000454067
11265 0.000454044
11266 0.000454021
11267 0.000453998
11268 0.000453975
11269 0.000453953
11270 0.00045393
11271 0.000453907
11272 0.000453884
11273 0.000453861
11274 0.000453838
11275 0.000453815
11276 0.000453792
11277 0.000453769
11278 0.000453746
11279 0.000453724
11280 0.000453701
11281 0.000453678
11282 0.000453655
11283 0.000453632
11284 0.000453609
11285 0.000453587
11286 0.000453564
11287 0.000453541
11288 0.000453518
11289 0.000453495
11290 0.000453473
11291 0.00045345
11292 0.000453427
11293 0.000453404
11294 0.000453381
11295 0.000453359
11296 0.000453336
11297 0.000453313
11298 0.00045329
11299 0.000453268
11300 0.000453245
11301 0.000453222
11302 0.0004532
11303 0.000453177
11304 0.000453154
11305 0.000453131
11306 0.000453109
11307 0.000453086
11308 0.000453063
11309 0.000453041
11310 0.000453018
11311 0.000452995
11312 0.000452973
11313 0.00045295
11314 0.000452927
11315 0.000452905
11316 0.000452882
11317 0.000452859
11318 0.000452837
11319 0.000452814
11320 0.000452791
11321 0.000452769
11322 0.000452746
11323 0.000452723
11324 0.000452701
11325 0.000452678
11326 0.000452655
11327 0.000452633
11328 0.00045261
11329 0.000452587
11330 0.000452565
11331 0.000452542
11332 0.000452519
11333 0.000452497
11334 0.000452474
11335 0.000452451
11336 0.000452429
11337 0.000452406
11338 0.000452384
11339 0.000452361
11340 0.000452338
11341 0.000452316
11342 0.000452293
11343 0.00045227
11344 0.000452248
11345 0.000452225
11346 0.000452202
11347 0.00045218
11348 0.000452157
11349 0.000452135
11350 0.000452112
11351 0.000452089
11352 0.000452067
11353 0.000452044
11354 0.000452021
11355 0.000451999
11356 0.000451976
11357 0.000451953
11358 0.000451931
11359 0.000451908
11360 0.000451885
11361 0.000451863
11362 0.00045184
11363 0.000451818
11364 0.000451795
11365 0.000451772
11366 0.00045175
11367 0.000451727
11368 0.000451704
11369 0.000451682
11370 0.000451659
11371 0.000451636
11372 0.000451614
11373 0.000451591
11374 0.000451568
11375 0.000451546
11376 0.000451523
11377 0.0004515
11378 0.000451477
11379 0.000451455
11380 0.000451432
11381 0.000451409
11382 0.000451387
11383 0.000451364
11384 0.000451341
11385 0.000451319
11386 0.000451296
11387 0.000451273
11388 0.000451251
11389 0.000451228
11390 0.000451205
11391 0.000451182
11392 0.00045116
11393 0.000451137
11394 0.000451114
11395 0.000451091
11396 0.000451069
11397 0.000451046
11398 0.000451023
11399 0.000451001
11400 0.000450978
11401 0.000450955
11402 0.000450932
11403 0.00045091
11404 0.000450887
11405 0.000450864
11406 0.000450841
11407 0.000450819
11408 0.000450796
11409 0.000450773
11410 0.00045075
11411 0.000450728
11412 0.000450705
11413 0.000450682
11414 0.000450659
11415 0.000450637
11416 0.000450614
11417 0.000450591
11418 0.000450568
11419 0.000450546
11420 0.000450523
11421 0.0004505
11422 0.000450477
11423 0.000450455
11424 0.000450432
11425 0.000450409
11426 0.000450386
11427 0.000450364
11428 0.000450341
11429 0.000450318
11430 0.000450295
11431 0.000450272
11432 0.00045025
11433 0.000450227
11434 0.000450204
11435 0.000450181
11436 0.000450159
11437 0.000450136
11438 0.000450113
11439 0.00045009
11440 0.000450068
11441 0.000450045
11442 0.000450022
11443 0.000449999
11444 0.000449977
11445 0.000449954
11446 0.000449931
11447 0.000449908
11448 0.000449886
11449 0.000449863
11450 0.00044984
11451 0.000449817
11452 0.000449795
11453 0.000449772
11454 0.000449749
11455 0.000449726
11456 0.000449704
11457 0.000449681
11458 0.000449658
11459 0.000449636
11460 0.000449613
11461 0.00044959
11462 0.000449567
11463 0.000449545
11464 0.000449522
11465 0.000449499
11466 0.000449477
11467 0.000449454
11468 0.000449431
11469 0.000449409
11470 0.000449386
11471 0.000449363
11472 0.000449341
11473 0.000449318
11474 0.000449295
11475 0.000449273
11476 0.00044925
11477 0.000449227
11478 0.000449205
11479 0.000449182
11480 0.00044916
11481 0.000449137
11482 0.000449114
11483 0.000449092
11484 0.000449069
11485 0.000449046
11486 0.000449024
11487 0.000449001
11488 0.000448979
11489 0.000448956
11490 0.000448934
11491 0.000448911
11492 0.000448888
11493 0.000448866
11494 0.000448843
11495 0.000448821
11496 0.000448798
11497 0.000448776
11498 0.000448753
11499 0.000448731
11500 0.000448708
11501 0.000448686
11502 0.000448663
11503 0.000448641
11504 0.000448618
11505 0.000448596
11506 0.000448573
11507 0.000448551
11508 0.000448528
11509 0.000448506
11510 0.000448484
11511 0.000448461
11512 0.000448439
11513 0.000448416
11514 0.000448394
11515 0.000448372
11516 0.000448349
11517 0.000448327
11518 0.000448304
11519 0.000448282
11520 0.00044826
11521 0.000448237
11522 0.000448215
11523 0.000448193
11524 0.00044817
11525 0.000448148
11526 0.000448126
11527 0.000448103
11528 0.000448081
11529 0.000448059
11530 0.000448037
11531 0.000448014
11532 0.000447992
11533 0.00044797
11534 0.000447948
11535 0.000447925
11536 0.000447903
11537 0.000447881
11538 0.000447859
11539 0.000447836
11540 0.000447814
11541 0.000447792
11542 0.00044777
11543 0.000447748
11544 0.000447726
11545 0.000447703
11546 0.000447681
11547 0.000447659
11548 0.000447637
11549 0.000447615
11550 0.000447593
11551 0.000447571
11552 0.000447548
11553 0.000447526
11554 0.000447504
11555 0.000447482
11556 0.00044746
11557 0.000447438
11558 0.000447416
11559 0.000447394
11560 0.000447372
11561 0.00044735
11562 0.000447328
11563 0.000447306
11564 0.000447284
11565 0.000447262
11566 0.00044724
11567 0.000447218
11568 0.000447196
11569 0.000447174
11570 0.000447152
11571 0.00044713
11572 0.000447108
11573 0.000447086
11574 0.000447064
11575 0.000447043
11576 0.000447021
11577 0.000446999
11578 0.000446977
11579 0.000446955
11580 0.000446933
11581 0.000446911
11582 0.000446889
11583 0.000446868
11584 0.000446846
11585 0.000446824
11586 0.000446802
11587 0.00044678
11588 0.000446759
11589 0.000446737
11590 0.000446715
11591 0.000446693
11592 0.000446672
11593 0.00044665
11594 0.000446628
11595 0.000446606
11596 0.000446585
11597 0.000446563
11598 0.000446541
11599 0.000446519
11600 0.000446498
11601 0.000446476
11602 0.000446454
11603 0.000446433
11604 0.000446411
11605 0.000446389
11606 0.000446368
11607 0.000446346
11608 0.000446324
11609 0.000446303
11610 0.000446281
11611 0.00044626
11612 0.000446238
11613 0.000446216
11614 0.000446195
11615 0.000446173
11616 0.000446152
11617 0.00044613
11618 0.000446109
11619 0.000446087
11620 0.000446066
11621 0.000446044
11622 0.000446022
11623 0.000446001
11624 0.000445979
11625 0.000445958
11626 0.000445936
11627 0.000445915
11628 0.000445894
11629 0.000445872
11630 0.000445851
11631 0.000445829
11632 0.000445808
11633 0.000445786
11634 0.000445765
11635 0.000445743
11636 0.000445722
11637 0.000445701
11638 0.000445679
11639 0.000445658
11640 0.000445637
11641 0.000445615
11642 0.000445594
11643 0.000445572
11644 0.000445551
11645 0.00044553
11646 0.000445508
11647 0.000445487
11648 0.000445466
11649 0.000445444
11650 0.000445423
11651 0.000445402
11652 0.000445381
11653 0.000445359
11654 0.000445338
11655 0.000445317
11656 0.000445296
11657 0.000445274
11658 0.000445253
11659 0.000445232
11660 0.000445211
11661 0.000445189
11662 0.000445168
11663 0.000445147
11664 0.000445126
11665 0.000445105
11666 0.000445083
11667 0.000445062
11668 0.000445041
11669 0.00044502
11670 0.000444999
11671 0.000444978
11672 0.000444957
11673 0.000444935
11674 0.000444914
11675 0.000444893
11676 0.000444872
11677 0.000444851
11678 0.00044483
11679 0.000444809
11680 0.000444788
11681 0.000444767
11682 0.000444745
11683 0.000444724
11684 0.000444703
11685 0.000444682
11686 0.000444661
11687 0.00044464
11688 0.000444619
11689 0.000444598
11690 0.000444577
11691 0.000444556
11692 0.000444535
11693 0.000444514
11694 0.000444493
11695 0.000444472
11696 0.000444451
11697 0.00044443
11698 0.000444409
11699 0.000444388
11700 0.000444367
11701 0.000444346
11702 0.000444325
11703 0.000444304
11704 0.000444283
11705 0.000444262
11706 0.000444241
11707 0.000444221
11708 0.0004442
11709 0.000444179
11710 0.000444158
11711 0.000444137
11712 0.000444116
11713 0.000444095
11714 0.000444074
11715 0.000444053
11716 0.000444032
11717 0.000444011
11718 0.000443991
11719 0.00044397
11720 0.000443949
11721 0.000443928
11722 0.000443907
11723 0.000443886
11724 0.000443865
11725 0.000443844
11726 0.000443824
11727 0.000443803
11728 0.000443782
11729 0.000443761
11730 0.00044374
11731 0.000443719
11732 0.000443698
11733 0.000443678
11734 0.000443657
11735 0.000443636
11736 0.000443615
11737 0.000443594
11738 0.000443573
11739 0.000443553
11740 0.000443532
11741 0.000443511
11742 0.00044349
11743 0.000443469
11744 0.000443449
11745 0.000443428
11746 0.000443407
11747 0.000443386
11748 0.000443365
11749 0.000443345
11750 0.000443324
11751 0.000443303
11752 0.000443282
11753 0.000443261
11754 0.000443241
11755 0.00044322
11756 0.000443199
11757 0.000443178
11758 0.000443157
11759 0.000443137
11760 0.000443116
11761 0.000443095
11762 0.000443074
11763 0.000443053
11764 0.000443033
11765 0.000443012
11766 0.000442991
11767 0.00044297
11768 0.000442949
11769 0.000442929
11770 0.000442908
11771 0.000442887
11772 0.000442866
11773 0.000442846
11774 0.000442825
11775 0.000442804
11776 0.000442783
11777 0.000442762
11778 0.000442742
11779 0.000442721
11780 0.0004427
11781 0.000442679
11782 0.000442658
11783 0.000442638
11784 0.000442617
11785 0.000442596
11786 0.000442575
11787 0.000442555
11788 0.000442534
11789 0.000442513
11790 0.000442492
11791 0.000442471
11792 0.000442451
11793 0.00044243
11794 0.000442409
11795 0.000442388
11796 0.000442367
11797 0.000442347
11798 0.000442326
11799 0.000442305
11800 0.000442284
11801 0.000442263
11802 0.000442243
11803 0.000442222
11804 0.000442201
11805 0.00044218
11806 0.00044216
11807 0.000442139
11808 0.000442118
11809 0.000442097
11810 0.000442076
11811 0.000442056
11812 0.000442035
11813 0.000442014
11814 0.000441993
11815 0.000441972
11816 0.000441952
11817 0.000441931
11818 0.00044191
11819 0.000441889
11820 0.000441868
11821 0.000441848
11822 0.000441827
11823 0.000441806
11824 0.000441785
11825 0.000441764
11826 0.000441744
11827 0.000441723
11828 0.000441702
11829 0.000441681
11830 0.00044166
11831 0.00044164
11832 0.000441619
11833 0.000441598
11834 0.000441577
11835 0.000441556
11836 0.000441536
11837 0.000441515
11838 0.000441494
11839 0.000441473
11840 0.000441452
11841 0.000441432
11842 0.000441411
11843 0.00044139
11844 0.000441369
11845 0.000441348
11846 0.000441328
11847 0.000441307
11848 0.000441286
11849 0.000441265
11850 0.000441244
11851 0.000441224
11852 0.000441203
11853 0.000441182
11854 0.000441161
11855 0.00044114
11856 0.00044112
11857 0.000441099
11858 0.000441078
11859 0.000441057
11860 0.000441037
11861 0.000441016
11862 0.000440995
11863 0.000440974
11864 0.000440954
11865 0.000440933
11866 0.000440912
11867 0.000440891
11868 0.00044087
11869 0.00044085
11870 0.000440829
11871 0.000440808
11872 0.000440787
11873 0.000440767
11874 0.000440746
11875 0.000440725
11876 0.000440704
11877 0.000440684
11878 0.000440663
11879 0.000440642
11880 0.000440622
11881 0.000440601
11882 0.00044058
11883 0.000440559
11884 0.000440539
11885 0.000440518
11886 0.000440497
11887 0.000440477
11888 0.000440456
11889 0.000440435
11890 0.000440414
11891 0.000440394
11892 0.000440373
11893 0.000440352
11894 0.000440332
11895 0.000440311
11896 0.00044029
11897 0.00044027
11898 0.000440249
11899 0.000440228
11900 0.000440208
11901 0.000440187
11902 0.000440166
11903 0.000440146
11904 0.000440125
11905 0.000440105
11906 0.000440084
11907 0.000440063
11908 0.000440043
11909 0.000440022
11910 0.000440001
11911 0.000439981
11912 0.00043996
11913 0.00043994
11914 0.000439919
11915 0.000439899
11916 0.000439878
11917 0.000439857
11918 0.000439837
11919 0.000439816
11920 0.000439796
11921 0.000439775
11922 0.000439755
11923 0.000439734
11924 0.000439714
11925 0.000439693
11926 0.000439672
11927 0.000439652
11928 0.000439631
11929 0.000439611
11930 0.00043959
11931 0.00043957
11932 0.000439549
11933 0.000439529
11934 0.000439509
11935 0.000439488
11936 0.000439468
11937 0.000439447
11938 0.000439427
11939 0.000439406
11940 0.000439386
11941 0.000439365
11942 0.000439345
11943 0.000439325
11944 0.000439304
11945 0.000439284
11946 0.000439263
11947 0.000439243
11948 0.000439223
11949 0.000439202
11950 0.000439182
11951 0.000439161
11952 0.000439141
11953 0.000439121
11954 0.0004391
11955 0.00043908
11956 0.00043906
11957 0.000439039
11958 0.000439019
11959 0.000438999
11960 0.000438978
11961 0.000438958
11962 0.000438938
11963 0.000438918
11964 0.000438897
11965 0.000438877
11966 0.000438857
11967 0.000438836
11968 0.000438816
11969 0.000438796
11970 0.000438776
11971 0.000438755
11972 0.000438735
11973 0.000438715
11974 0.000438695
11975 0.000438675
11976 0.000438654
11977 0.000438634
11978 0.000438614
11979 0.000438594
11980 0.000438574
11981 0.000438553
11982 0.000438533
11983 0.000438513
11984 0.000438493
11985 0.000438473
11986 0.000438453
11987 0.000438433
11988 0.000438413
11989 0.000438392
11990 0.000438372
11991 0.000438352
11992 0.000438332
11993 0.000438312
11994 0.000438292
11995 0.000438272
11996 0.000438252
11997 0.000438232
11998 0.000438212
11999 0.000438192
12000 0.000438172
12001 0.000438152
12002 0.000438132
12003 0.000438112
12004 0.000438092
12005 0.000438072
12006 0.000438052
12007 0.000438032
12008 0.000438012
12009 0.000437992
12010 0.000437972
12011 0.000437952
12012 0.000437932
12013 0.000437912
12014 0.000437892
12015 0.000437872
12016 0.000437852
12017 0.000437832
12018 0.000437812
12019 0.000437792
12020 0.000437773
12021 0.000437753
12022 0.000437733
12023 0.000437713
12024 0.000437693
12025 0.000437673
12026 0.000437653
12027 0.000437633
12028 0.000437614
12029 0.000437594
12030 0.000437574
12031 0.000437554
12032 0.000437534
12033 0.000437515
12034 0.000437495
12035 0.000437475
12036 0.000437455
12037 0.000437435
12038 0.000437416
12039 0.000437396
12040 0.000437376
12041 0.000437356
12042 0.000437337
12043 0.000437317
12044 0.000437297
12045 0.000437277
12046 0.000437258
12047 0.000437238
12048 0.000437218
12049 0.000437199
12050 0.000437179
12051 0.000437159
12052 0.00043714
12053 0.00043712
12054 0.0004371
12055 0.000437081
12056 0.000437061
12057 0.000437041
12058 0.000437022
12059 0.000437002
12060 0.000436982
12061 0.000436963
12062 0.000436943
12063 0.000436924
12064 0.000436904
12065 0.000436884
12066 0.000436865
12067 0.000436845
12068 0.000436826
12069 0.000436806
12070 0.000436787
12071 0.000436767
12072 0.000436747
12073 0.000436728
12074 0.000436708
12075 0.000436689
12076 0.000436669
12077 0.00043665
12078 0.00043663
12079 0.000436611
12080 0.000436591
12081 0.000436572
12082 0.000436552
12083 0.000436533
12084 0.000436513
12085 0.000436494
12086 0.000436474
12087 0.000436455
12088 0.000436435
12089 0.000436416
12090 0.000436396
12091 0.000436377
12092 0.000436358
12093 0.000436338
12094 0.000436319
12095 0.000436299
12096 0.00043628
12097 0.000436261
12098 0.000436241
12099 0.000436222
12100 0.000436202
12101 0.000436183
12102 0.000436164
12103 0.000436144
12104 0.000436125
12105 0.000436105
12106 0.000436086
12107 0.000436067
12108 0.000436047
12109 0.000436028
12110 0.000436009
12111 0.000435989
12112 0.00043597
12113 0.000435951
12114 0.000435931
12115 0.000435912
12116 0.000435893
12117 0.000435873
12118 0.000435854
12119 0.000435835
12120 0.000435815
12121 0.000435796
12122 0.000435777
12123 0.000435758
12124 0.000435738
12125 0.000435719
12126 0.0004357
12127 0.00043568
12128 0.000435661
12129 0.000435642
12130 0.000435623
12131 0.000435603
12132 0.000435584
12133 0.000435565
12134 0.000435546
12135 0.000435526
12136 0.000435507
12137 0.000435488
12138 0.000435469
12139 0.000435449
12140 0.00043543
12141 0.000435411
12142 0.000435392
12143 0.000435373
12144 0.000435353
12145 0.000435334
12146 0.000435315
12147 0.000435296
12148 0.000435277
12149 0.000435257
12150 0.000435238
12151 0.000435219
12152 0.0004352
12153 0.000435181
12154 0.000435161
12155 0.000435142
12156 0.000435123
12157 0.000435104
12158 0.000435085
12159 0.000435065
12160 0.000435046
12161 0.000435027
12162 0.000435008
12163 0.000434989
12164 0.00043497
12165 0.00043495
12166 0.000434931
12167 0.000434912
12168 0.000434893
12169 0.000434874
12170 0.000434855
12171 0.000434835
12172 0.000434816
12173 0.000434797
12174 0.000434778
12175 0.000434759
12176 0.00043474
12177 0.000434721
12178 0.000434701
12179 0.000434682
12180 0.000434663
12181 0.000434644
12182 0.000434625
12183 0.000434606
12184 0.000434587
12185 0.000434567
12186 0.000434548
12187 0.000434529
12188 0.00043451
12189 0.000434491
12190 0.000434472
12191 0.000434453
12192 0.000434433
12193 0.000434414
12194 0.000434395
12195 0.000434376
12196 0.000434357
12197 0.000434338
12198 0.000434319
12199 0.0004343
12200 0.00043428
12201 0.000434261
12202 0.000434242
12203 0.000434223
12204 0.000434204
12205 0.000434185
12206 0.000434166
12207 0.000434147
12208 0.000434128
12209 0.000434108
12210 0.000434089
12211 0.00043407
12212 0.000434051
12213 0.000434032
12214 0.000434013
12215 0.000433994
12216 0.000433975
12217 0.000433955
12218 0.000433936
12219 0.000433917
12220 0.000433898
12221 0.000433879
12222 0.00043386
12223 0.000433841
12224 0.000433822
12225 0.000433803
12226 0.000433783
12227 0.000433764
12228 0.000433745
12229 0.000433726
12230 0.000433707
12231 0.000433688
12232 0.000433669
12233 0.00043365
12234 0.000433631
12235 0.000433612
12236 0.000433592
12237 0.000433573
12238 0.000433554
12239 0.000433535
12240 0.000433516
12241 0.000433497
12242 0.000433478
12243 0.000433459
12244 0.00043344
12245 0.000433421
12246 0.000433401
12247 0.000433382
12248 0.000433363
12249 0.000433344
12250 0.000433325
12251 0.000433306
12252 0.000433287
12253 0.000433268
12254 0.000433249
12255 0.00043323
12256 0.000433211
12257 0.000433191
12258 0.000433172
12259 0.000433153
12260 0.000433134
12261 0.000433115
12262 0.000433096
12263 0.000433077
12264 0.000433058
12265 0.000433039
12266 0.00043302
12267 0.000433001
12268 0.000432982
12269 0.000432963
12270 0.000432943
12271 0.000432924
12272 0.000432905
12273 0.000432886
12274 0.000432867
12275 0.000432848
12276 0.000432829
12277 0.00043281
12278 0.000432791
12279 0.000432772
12280 0.000432753
12281 0.000432734
12282 0.000432715
12283 0.000432696
12284 0.000432677
12285 0.000432658
12286 0.000432639
12287 0.00043262
12288 0.000432601
12289 0.000432582
12290 0.000432563
12291 0.000432543
12292 0.000432524
12293 0.000432505
12294 0.000432486
12295 0.000432467
12296 0.000432448
12297 0.000432429
12298 0.00043241
12299 0.000432391
12300 0.000432372
12301 0.000432353
12302 0.000432334
12303 0.000432315
12304 0.000432296
12305 0.000432277
12306 0.000432258
12307 0.000432239
12308 0.00043222
12309 0.000432202
12310 0.000432183
12311 0.000432164
12312 0.000432145
12313 0.000432126
12314 0.000432107
12315 0.000432088
12316 0.000432069
12317 0.00043205
12318 0.000432031
12319 0.000432012
12320 0.000431993
12321 0.000431974
12322 0.000431955
12323 0.000431936
12324 0.000431917
12325 0.000431898
12326 0.00043188
12327 0.000431861
12328 0.000431842
12329 0.000431823
12330 0.000431804
12331 0.000431785
12332 0.000431766
12333 0.000431747
12334 0.000431728
12335 0.000431709
12336 0.000431691
12337 0.000431672
12338 0.000431653
12339 0.000431634
12340 0.000431615
12341 0.000431596
12342 0.000431577
12343 0.000431559
12344 0.00043154
12345 0.000431521
12346 0.000431502
12347 0.000431483
12348 0.000431465
12349 0.000431446
12350 0.000431427
12351 0.000431408
12352 0.000431389
12353 0.000431371
12354 0.000431352
12355 0.000431333
12356 0.000431314
12357 0.000431295
12358 0.000431277
12359 0.000431258
12360 0.000431239
12361 0.00043122
12362 0.000431202
12363 0.000431183
12364 0.000431164
12365 0.000431145
12366 0.000431127
12367 0.000431108
12368 0.000431089
12369 0.000431071
12370 0.000431052
12371 0.000431033
12372 0.000431014
12373 0.000430996
12374 0.000430977
12375 0.000430958
12376 0.00043094
12377 0.000430921
12378 0.000430902
12379 0.000430884
12380 0.000430865
12381 0.000430846
12382 0.000430828
12383 0.000430809
12384 0.000430791
12385 0.000430772
12386 0.000430753
12387 0.000430735
12388 0.000430716
12389 0.000430698
12390 0.000430679
12391 0.00043066
12392 0.000430642
12393 0.000430623
12394 0.000430605
12395 0.000430586
12396 0.000430567
12397 0.000430549
12398 0.00043053
12399 0.000430512
12400 0.000430493
12401 0.000430475
12402 0.000430456
12403 0.000430438
12404 0.000430419
12405 0.000430401
12406 0.000430382
12407 0.000430364
12408 0.000430345
12409 0.000430327
12410 0.000430308
12411 0.00043029
12412 0.000430271
12413 0.000430253
12414 0.000430234
12415 0.000430216
12416 0.000430197
12417 0.000430179
12418 0.000430161
12419 0.000430142
12420 0.000430124
12421 0.000430105
12422 0.000430087
12423 0.000430069
12424 0.00043005
12425 0.000430032
12426 0.000430013
12427 0.000429995
12428 0.000429977
12429 0.000429958
12430 0.00042994
12431 0.000429921
12432 0.000429903
12433 0.000429885
12434 0.000429866
12435 0.000429848
12436 0.00042983
12437 0.000429811
12438 0.000429793
12439 0.000429775
12440 0.000429757
12441 0.000429738
12442 0.00042972
12443 0.000429702
12444 0.000429683
12445 0.000429665
12446 0.000429647
12447 0.000429629
12448 0.00042961
12449 0.000429592
12450 0.000429574
12451 0.000429556
12452 0.000429537
12453 0.000429519
12454 0.000429501
12455 0.000429483
12456 0.000429464
12457 0.000429446
12458 0.000429428
12459 0.00042941
12460 0.000429392
12461 0.000429373
12462 0.000429355
12463 0.000429337
12464 0.000429319
12465 0.000429301
12466 0.000429283
12467 0.000429264
12468 0.000429246
12469 0.000429228
12470 0.00042921
12471 0.000429192
12472 0.000429174
12473 0.000429156
12474 0.000429137
12475 0.000429119
12476 0.000429101
12477 0.000429083
12478 0.000429065
12479 0.000429047
12480 0.000429029
12481 0.000429011
12482 0.000428993
12483 0.000428975
12484 0.000428957
12485 0.000428939
12486 0.00042892
12487 0.000428902
12488 0.000428884
12489 0.000428866
12490 0.000428848
12491 0.00042883
12492 0.000428812
12493 0.000428794
12494 0.000428776
12495 0.000428758
12496 0.00042874
12497 0.000428722
12498 0.000428704
12499 0.000428686
12500 0.000428668
12501 0.00042865
12502 0.000428632
12503 0.000428614
12504 0.000428596
12505 0.000428578
12506 0.00042856
12507 0.000428542
12508 0.000428524
12509 0.000428507
12510 0.000428489
12511 0.000428471
12512 0.000428453
12513 0.000428435
12514 0.000428417
12515 0.000428399
12516 0.000428381
12517 0.000428363
12518 0.000428345
12519 0.000428327
12520 0.000428309
12521 0.000428292
12522 0.000428274
12523 0.000428256
12524 0.000428238
12525 0.00042822
12526 0.000428202
12527 0.000428184
12528 0.000428166
12529 0.000428149
12530 0.000428131
12531 0.000428113
12532 0.000428095
12533 0.000428077
12534 0.000428059
12535 0.000428041
12536 0.000428024
12537 0.000428006
12538 0.000427988
12539 0.00042797
12540 0.000427952
12541 0.000427934
12542 0.000427917
12543 0.000427899
12544 0.000427881
12545 0.000427863
12546 0.000427845
12547 0.000427828
12548 0.00042781
12549 0.000427792
12550 0.000427774
12551 0.000427756
12552 0.000427739
12553 0.000427721
12554 0.000427703
12555 0.000427685
12556 0.000427668
12557 0.00042765
12558 0.000427632
12559 0.000427614
12560 0.000427597
12561 0.000427579
12562 0.000427561
12563 0.000427543
12564 0.000427526
12565 0.000427508
12566 0.00042749
12567 0.000427472
12568 0.000427455
12569 0.000427437
12570 0.000427419
12571 0.000427401
12572 0.000427384
12573 0.000427366
12574 0.000427348
12575 0.00042733
12576 0.000427313
12577 0.000427295
12578 0.000427277
12579 0.00042726
12580 0.000427242
12581 0.000427224
12582 0.000427206
12583 0.000427189
12584 0.000427171
12585 0.000427153
12586 0.000427136
12587 0.000427118
12588 0.0004271
12589 0.000427083
12590 0.000427065
12591 0.000427047
12592 0.000427029
12593 0.000427012
12594 0.000426994
12595 0.000426976
12596 0.000426959
12597 0.000426941
12598 0.000426923
12599 0.000426906
12600 0.000426888
12601 0.00042687
12602 0.000426853
12603 0.000426835
12604 0.000426817
12605 0.0004268
12606 0.000426782
12607 0.000426764
12608 0.000426747
12609 0.000426729
12610 0.000426711
12611 0.000426694
12612 0.000426676
12613 0.000426658
12614 0.000426641
12615 0.000426623
12616 0.000426605
12617 0.000426588
12618 0.00042657
12619 0.000426552
12620 0.000426535
12621 0.000426517
12622 0.000426499
12623 0.000426482
12624 0.000426464
12625 0.000426446
12626 0.000426429
12627 0.000426411
12628 0.000426394
12629 0.000426376
12630 0.000426358
12631 0.000426341
12632 0.000426323
12633 0.000426305
12634 0.000426288
12635 0.00042627
12636 0.000426252
12637 0.000426235
12638 0.000426217
12639 0.0004262
12640 0.000426182
12641 0.000426164
12642 0.000426147
12643 0.000426129
12644 0.000426111
12645 0.000426094
12646 0.000426076
12647 0.000426059
12648 0.000426041
12649 0.000426023
12650 0.000426006
12651 0.000425988
12652 0.00042597
12653 0.000425953
12654 0.000425935
12655 0.000425918
12656 0.0004259
12657 0.000425882
12658 0.000425865
12659 0.000425847
12660 0.00042583
12661 0.000425812
12662 0.000425794
12663 0.000425777
12664 0.000425759
12665 0.000425742
12666 0.000425724
12667 0.000425706
12668 0.000425689
12669 0.000425671
12670 0.000425654
12671 0.000425636
12672 0.000425618
12673 0.000425601
12674 0.000425583
12675 0.000425566
12676 0.000425548
12677 0.000425531
12678 0.000425513
12679 0.000425495
12680 0.000425478
12681 0.00042546
12682 0.000425443
12683 0.000425425
12684 0.000425407
12685 0.00042539
12686 0.000425372
12687 0.000425355
12688 0.000425337
12689 0.00042532
12690 0.000425302
12691 0.000425285
12692 0.000425267
12693 0.000425249
12694 0.000425232
12695 0.000425214
12696 0.000425197
12697 0.000425179
12698 0.000425162
12699 0.000425144
12700 0.000425127
12701 0.000425109
12702 0.000425091
12703 0.000425074
12704 0.000425056
12705 0.000425039
12706 0.000425021
12707 0.000425004
12708 0.000424986
12709 0.000424969
12710 0.000424951
12711 0.000424934
12712 0.000424916
12713 0.000424899
12714 0.000424881
12715 0.000424864
12716 0.000424846
12717 0.000424829
12718 0.000424811
12719 0.000424794
12720 0.000424776
12721 0.000424759
12722 0.000424741
12723 0.000424724
12724 0.000424706
12725 0.000424689
12726 0.000424671
12727 0.000424654
12728 0.000424636
12729 0.000424619
12730 0.000424601
12731 0.000424584
12732 0.000424566
12733 0.000424549
12734 0.000424532
12735 0.000424514
12736 0.000424497
12737 0.000424479
12738 0.000424462
12739 0.000424444
12740 0.000424427
12741 0.000424409
12742 0.000424392
12743 0.000424375
12744 0.000424357
12745 0.00042434
12746 0.000424322
12747 0.000424305
12748 0.000424288
12749 0.00042427
12750 0.000424253
12751 0.000424235
12752 0.000424218
12753 0.000424201
12754 0.000424183
12755 0.000424166
12756 0.000424148
12757 0.000424131
12758 0.000424114
12759 0.000424096
12760 0.000424079
12761 0.000424062
12762 0.000424044
12763 0.000424027
12764 0.00042401
12765 0.000423992
12766 0.000423975
12767 0.000423957
12768 0.00042394
12769 0.000423923
12770 0.000423905
12771 0.000423888
12772 0.000423871
12773 0.000423854
12774 0.000423836
12775 0.000423819
12776 0.000423802
12777 0.000423784
12778 0.000423767
12779 0.00042375
12780 0.000423732
12781 0.000423715
12782 0.000423698
12783 0.000423681
12784 0.000423663
12785 0.000423646
12786 0.000423629
12787 0.000423612
12788 0.000423594
12789 0.000423577
12790 0.00042356
12791 0.000423543
12792 0.000423525
12793 0.000423508
12794 0.000423491
12795 0.000423474
12796 0.000423457
12797 0.000423439
12798 0.000423422
12799 0.000423405
12800 0.000423388
12801 0.000423371
12802 0.000423353
12803 0.000423336
12804 0.000423319
12805 0.000423302
12806 0.000423285
12807 0.000423267
12808 0.00042325
12809 0.000423233
12810 0.000423216
12811 0.000423199
12812 0.000423182
12813 0.000423165
12814 0.000423147
12815 0.00042313
12816 0.000423113
12817 0.000423096
12818 0.000423079
12819 0.000423062
12820 0.000423045
12821 0.000423028
12822 0.000423011
12823 0.000422993
12824 0.000422976
12825 0.000422959
12826 0.000422942
12827 0.000422925
12828 0.000422908
12829 0.000422891
12830 0.000422874
12831 0.000422857
12832 0.00042284
12833 0.000422823
12834 0.000422806
12835 0.000422789
12836 0.000422772
12837 0.000422755
12838 0.000422738
12839 0.000422721
12840 0.000422704
12841 0.000422687
12842 0.00042267
12843 0.000422653
12844 0.000422636
12845 0.000422619
12846 0.000422602
12847 0.000422585
12848 0.000422568
12849 0.000422551
12850 0.000422534
12851 0.000422517
12852 0.0004225
12853 0.000422483
12854 0.000422466
12855 0.000422449
12856 0.000422432
12857 0.000422415
12858 0.000422398
12859 0.000422381
12860 0.000422365
12861 0.000422348
12862 0.000422331
12863 0.000422314
12864 0.000422297
12865 0.00042228
12866 0.000422263
12867 0.000422246
12868 0.000422229
12869 0.000422213
12870 0.000422196
12871 0.000422179
12872 0.000422162
12873 0.000422145
12874 0.000422128
12875 0.000422111
12876 0.000422095
12877 0.000422078
12878 0.000422061
12879 0.000422044
12880 0.000422027
12881 0.00042201
12882 0.000421994
12883 0.000421977
12884 0.00042196
12885 0.000421943
12886 0.000421926
12887 0.00042191
12888 0.000421893
12889 0.000421876
12890 0.000421859
12891 0.000421843
12892 0.000421826
12893 0.000421809
12894 0.000421792
12895 0.000421775
12896 0.000421759
12897 0.000421742
12898 0.000421725
12899 0.000421709
12900 0.000421692
12901 0.000421675
12902 0.000421658
12903 0.000421642
12904 0.000421625
12905 0.000421608
12906 0.000421591
12907 0.000421575
12908 0.000421558
12909 0.000421541
12910 0.000421525
12911 0.000421508
12912 0.000421491
12913 0.000421475
12914 0.000421458
12915 0.000421441
12916 0.000421425
12917 0.000421408
12918 0.000421391
12919 0.000421375
12920 0.000421358
12921 0.000421341
12922 0.000421325
12923 0.000421308
12924 0.000421291
12925 0.000421275
12926 0.000421258
12927 0.000421242
12928 0.000421225
12929 0.000421208
12930 0.000421192
12931 0.000421175
12932 0.000421159
12933 0.000421142
12934 0.000421125
12935 0.000421109
12936 0.000421092
12937 0.000421076
12938 0.000421059
12939 0.000421042
12940 0.000421026
12941 0.000421009
12942 0.000420993
12943 0.000420976
12944 0.00042096
12945 0.000420943
12946 0.000420926
12947 0.00042091
12948 0.000420893
12949 0.000420877
12950 0.00042086
12951 0.000420844
12952 0.000420827
12953 0.000420811
12954 0.000420794
12955 0.000420778
12956 0.000420761
12957 0.000420745
12958 0.000420728
12959 0.000420711
12960 0.000420695
12961 0.000420678
12962 0.000420662
12963 0.000420645
12964 0.000420629
12965 0.000420612
12966 0.000420596
12967 0.000420579
12968 0.000420563
12969 0.000420546
12970 0.00042053
12971 0.000420514
12972 0.000420497
12973 0.000420481
12974 0.000420464
12975 0.000420448
12976 0.000420431
12977 0.000420415
12978 0.000420398
12979 0.000420382
12980 0.000420365
12981 0.000420349
12982 0.000420332
12983 0.000420316
12984 0.000420299
12985 0.000420283
12986 0.000420267
12987 0.00042025
12988 0.000420234
12989 0.000420217
12990 0.000420201
12991 0.000420184
12992 0.000420168
12993 0.000420152
12994 0.000420135
12995 0.000420119
12996 0.000420102
12997 0.000420086
12998 0.000420069
12999 0.000420053
13000 0.000420037
13001 0.00042002
13002 0.000420004
13003 0.000419987
13004 0.000419971
13005 0.000419955
13006 0.000419938
13007 0.000419922
13008 0.000419905
13009 0.000419889
13010 0.000419873
13011 0.000419856
13012 0.00041984
13013 0.000419823
13014 0.000419807
13015 0.000419791
13016 0.000419774
13017 0.000419758
13018 0.000419741
13019 0.000419725
13020 0.000419709
13021 0.000419692
13022 0.000419676
13023 0.00041966
13024 0.000419643
13025 0.000419627
13026 0.00041961
13027 0.000419594
13028 0.000419578
13029 0.000419561
13030 0.000419545
13031 0.000419529
13032 0.000419512
13033 0.000419496
13034 0.00041948
13035 0.000419463
13036 0.000419447
13037 0.00041943
13038 0.000419414
13039 0.000419398
13040 0.000419381
13041 0.000419365
13042 0.000419349
13043 0.000419332
13044 0.000419316
13045 0.0004193
13046 0.000419283
13047 0.000419267
13048 0.000419251
13049 0.000419234
13050 0.000419218
13051 0.000419202
13052 0.000419185
13053 0.000419169
13054 0.000419153
13055 0.000419136
13056 0.00041912
13057 0.000419104
13058 0.000419087
13059 0.000419071
13060 0.000419055
13061 0.000419038
13062 0.000419022
13063 0.000419006
13064 0.000418989
13065 0.000418973
13066 0.000418957
13067 0.000418941
13068 0.000418924
13069 0.000418908
13070 0.000418892
13071 0.000418875
13072 0.000418859
13073 0.000418843
13074 0.000418826
13075 0.00041881
13076 0.000418794
13077 0.000418777
13078 0.000418761
13079 0.000418745
13080 0.000418729
13081 0.000418712
13082 0.000418696
13083 0.00041868
13084 0.000418663
13085 0.000418647
13086 0.000418631
13087 0.000418615
13088 0.000418598
13089 0.000418582
13090 0.000418566
13091 0.000418549
13092 0.000418533
13093 0.000418517
13094 0.000418501
13095 0.000418484
13096 0.000418468
13097 0.000418452
13098 0.000418436
13099 0.000418419
13100 0.000418403
13101 0.000418387
13102 0.000418371
13103 0.000418354
13104 0.000418338
13105 0.000418322
13106 0.000418306
13107 0.000418289
13108 0.000418273
13109 0.000418257
13110 0.000418241
13111 0.000418224
13112 0.000418208
13113 0.000418192
13114 0.000418176
13115 0.000418159
13116 0.000418143
13117 0.000418127
13118 0.000418111
13119 0.000418094
13120 0.000418078
13121 0.000418062
13122 0.000418046
13123 0.00041803
13124 0.000418013
13125 0.000417997
13126 0.000417981
13127 0.000417965
13128 0.000417948
13129 0.000417932
13130 0.000417916
13131 0.0004179
13132 0.000417884
13133 0.000417867
13134 0.000417851
13135 0.000417835
13136 0.000417819
13137 0.000417803
13138 0.000417787
13139 0.00041777
13140 0.000417754
13141 0.000417738
13142 0.000417722
13143 0.000417706
13144 0.000417689
13145 0.000417673
13146 0.000417657
13147 0.000417641
13148 0.000417625
13149 0.000417609
13150 0.000417593
13151 0.000417576
13152 0.00041756
13153 0.000417544
13154 0.000417528
13155 0.000417512
13156 0.000417496
13157 0.00041748
13158 0.000417463
13159 0.000417447
13160 0.000417431
13161 0.000417415
13162 0.000417399
13163 0.000417383
13164 0.000417367
13165 0.000417351
13166 0.000417334
13167 0.000417318
13168 0.000417302
13169 0.000417286
13170 0.00041727
13171 0.000417254
13172 0.000417238
13173 0.000417222
13174 0.000417206
13175 0.00041719
13176 0.000417174
13177 0.000417157
13178 0.000417141
13179 0.000417125
13180 0.000417109
13181 0.000417093
13182 0.000417077
13183 0.000417061
13184 0.000417045
13185 0.000417029
13186 0.000417013
13187 0.000416997
13188 0.000416981
13189 0.000416965
13190 0.000416949
13191 0.000416933
13192 0.000416917
13193 0.000416901
13194 0.000416885
13195 0.000416869
13196 0.000416853
13197 0.000416837
13198 0.000416821
13199 0.000416805
13200 0.000416789
13201 0.000416773
13202 0.000416757
13203 0.000416741
13204 0.000416725
13205 0.000416709
13206 0.000416693
13207 0.000416677
13208 0.000416661
13209 0.000416645
13210 0.000416629
13211 0.000416613
13212 0.000416597
13213 0.000416581
13214 0.000416565
13215 0.000416549
13216 0.000416533
13217 0.000416517
13218 0.000416501
13219 0.000416485
13220 0.000416469
13221 0.000416454
13222 0.000416438
13223 0.000416422
13224 0.000416406
13225 0.00041639
13226 0.000416374
13227 0.000416358
13228 0.000416342
13229 0.000416326
13230 0.00041631
13231 0.000416295
13232 0.000416279
13233 0.000416263
13234 0.000416247
13235 0.000416231
13236 0.000416215
13237 0.000416199
13238 0.000416183
13239 0.000416168
13240 0.000416152
13241 0.000416136
13242 0.00041612
13243 0.000416104
13244 0.000416088
13245 0.000416073
13246 0.000416057
13247 0.000416041
13248 0.000416025
13249 0.000416009
13250 0.000415994
13251 0.000415978
13252 0.000415962
13253 0.000415946
13254 0.00041593
13255 0.000415915
13256 0.000415899
13257 0.000415883
13258 0.000415867
13259 0.000415851
13260 0.000415836
13261 0.00041582
13262 0.000415804
13263 0.000415788
13264 0.000415773
13265 0.000415757
13266 0.000415741
13267 0.000415725
13268 0.00041571
13269 0.000415694
13270 0.000415678
13271 0.000415663
13272 0.000415647
13273 0.000415631
13274 0.000415615
13275 0.0004156
13276 0.000415584
13277 0.000415568
13278 0.000415553
13279 0.000415537
13280 0.000415521
13281 0.000415505
13282 0.00041549
13283 0.000415474
13284 0.000415458
13285 0.000415443
13286 0.000415427
13287 0.000415411
13288 0.000415396
13289 0.00041538
13290 0.000415364
13291 0.000415349
13292 0.000415333
13293 0.000415318
13294 0.000415302
13295 0.000415286
13296 0.000415271
13297 0.000415255
13298 0.000415239
13299 0.000415224
13300 0.000415208
13301 0.000415193
13302 0.000415177
13303 0.000415161
13304 0.000415146
13305 0.00041513
13306 0.000415115
13307 0.000415099
13308 0.000415083
13309 0.000415068
13310 0.000415052
13311 0.000415037
13312 0.000415021
13313 0.000415006
13314 0.00041499
13315 0.000414974
13316 0.000414959
13317 0.000414943
13318 0.000414928
13319 0.000414912
13320 0.000414897
13321 0.000414881
13322 0.000414866
13323 0.00041485
13324 0.000414835
13325 0.000414819
13326 0.000414804
13327 0.000414788
13328 0.000414773
13329 0.000414757
13330 0.000414742
13331 0.000414726
13332 0.000414711
13333 0.000414695
13334 0.00041468
13335 0.000414664
13336 0.000414649
13337 0.000414633
13338 0.000414618
13339 0.000414602
13340 0.000414587
13341 0.000414571
13342 0.000414556
13343 0.00041454
13344 0.000414525
13345 0.000414509
13346 0.000414494
13347 0.000414478
13348 0.000414463
13349 0.000414448
13350 0.000414432
13351 0.000414417
13352 0.000414401
13353 0.000414386
13354 0.00041437
13355 0.000414355
13356 0.00041434
13357 0.000414324
13358 0.000414309
13359 0.000414293
13360 0.000414278
13361 0.000414263
13362 0.000414247
13363 0.000414232
13364 0.000414216
13365 0.000414201
13366 0.000414186
13367 0.00041417
13368 0.000414155
13369 0.000414139
13370 0.000414124
13371 0.000414109
13372 0.000414093
13373 0.000414078
13374 0.000414062
13375 0.000414047
13376 0.000414032
13377 0.000414016
13378 0.000414001
13379 0.000413986
13380 0.00041397
13381 0.000413955
13382 0.00041394
13383 0.000413924
13384 0.000413909
13385 0.000413894
13386 0.000413878
13387 0.000413863
13388 0.000413848
13389 0.000413832
13390 0.000413817
13391 0.000413802
13392 0.000413786
13393 0.000413771
13394 0.000413756
13395 0.00041374
13396 0.000413725
13397 0.00041371
13398 0.000413694
13399 0.000413679
13400 0.000413664
13401 0.000413648
13402 0.000413633
13403 0.000413618
13404 0.000413602
13405 0.000413587
13406 0.000413572
13407 0.000413557
13408 0.000413541
13409 0.000413526
13410 0.000413511
13411 0.000413495
13412 0.00041348
13413 0.000413465
13414 0.00041345
13415 0.000413434
13416 0.000413419
13417 0.000413404
13418 0.000413389
13419 0.000413373
13420 0.000413358
13421 0.000413343
13422 0.000413327
13423 0.000413312
13424 0.000413297
13425 0.000413282
13426 0.000413266
13427 0.000413251
13428 0.000413236
13429 0.000413221
13430 0.000413205
13431 0.00041319
13432 0.000413175
13433 0.00041316
13434 0.000413144
13435 0.000413129
13436 0.000413114
13437 0.000413099
13438 0.000413083
13439 0.000413068
13440 0.000413053
13441 0.000413038
13442 0.000413023
13443 0.000413007
13444 0.000412992
13445 0.000412977
13446 0.000412962
13447 0.000412946
13448 0.000412931
13449 0.000412916
13450 0.000412901
13451 0.000412886
13452 0.00041287
13453 0.000412855
13454 0.00041284
13455 0.000412825
13456 0.00041281
13457 0.000412794
13458 0.000412779
13459 0.000412764
13460 0.000412749
13461 0.000412733
13462 0.000412718
13463 0.000412703
13464 0.000412688
13465 0.000412673
13466 0.000412658
13467 0.000412642
13468 0.000412627
13469 0.000412612
13470 0.000412597
13471 0.000412582
13472 0.000412566
13473 0.000412551
13474 0.000412536
13475 0.000412521
13476 0.000412506
13477 0.000412491
13478 0.000412475
13479 0.00041246
13480 0.000412445
13481 0.00041243
13482 0.000412415
13483 0.000412399
13484 0.000412384
13485 0.000412369
13486 0.000412354
13487 0.000412339
13488 0.000412324
13489 0.000412309
13490 0.000412293
13491 0.000412278
13492 0.000412263
13493 0.000412248
13494 0.000412233
13495 0.000412218
13496 0.000412202
13497 0.000412187
13498 0.000412172
13499 0.000412157
13500 0.000412142
13501 0.000412127
13502 0.000412112
13503 0.000412096
13504 0.000412081
13505 0.000412066
13506 0.000412051
13507 0.000412036
13508 0.000412021
13509 0.000412006
13510 0.000411991
13511 0.000411975
13512 0.00041196
13513 0.000411945
13514 0.00041193
13515 0.000411915
13516 0.0004119
13517 0.000411885
13518 0.00041187
13519 0.000411855
13520 0.000411839
13521 0.000411824
13522 0.000411809
13523 0.000411794
13524 0.000411779
13525 0.000411764
13526 0.000411749
13527 0.000411734
13528 0.000411719
13529 0.000411703
13530 0.000411688
13531 0.000411673
13532 0.000411658
13533 0.000411643
13534 0.000411628
13535 0.000411613
13536 0.000411598
13537 0.000411583
13538 0.000411568
13539 0.000411553
13540 0.000411538
13541 0.000411523
13542 0.000411507
13543 0.000411492
13544 0.000411477
13545 0.000411462
13546 0.000411447
13547 0.000411432
13548 0.000411417
13549 0.000411402
13550 0.000411387
13551 0.000411372
13552 0.000411357
13553 0.000411342
13554 0.000411327
13555 0.000411312
13556 0.000411297
13557 0.000411282
13558 0.000411267
13559 0.000411252
13560 0.000411237
13561 0.000411222
13562 0.000411207
13563 0.000411192
13564 0.000411177
13565 0.000411161
13566 0.000411146
13567 0.000411131
13568 0.000411116
13569 0.000411101
13570 0.000411086
13571 0.000411071
13572 0.000411056
13573 0.000411041
13574 0.000411026
13575 0.000411011
13576 0.000410996
13577 0.000410981
13578 0.000410966
13579 0.000410951
13580 0.000410937
13581 0.000410922
13582 0.000410907
13583 0.000410892
13584 0.000410877
13585 0.000410862
13586 0.000410847
13587 0.000410832
13588 0.000410817
13589 0.000410802
13590 0.000410787
13591 0.000410772
13592 0.000410757
13593 0.000410742
13594 0.000410727
13595 0.000410712
13596 0.000410697
13597 0.000410682
13598 0.000410667
13599 0.000410652
13600 0.000410637
13601 0.000410622
13602 0.000410608
13603 0.000410593
13604 0.000410578
13605 0.000410563
13606 0.000410548
13607 0.000410533
13608 0.000410518
13609 0.000410503
13610 0.000410488
13611 0.000410473
13612 0.000410458
13613 0.000410444
13614 0.000410429
13615 0.000410414
13616 0.000410399
13617 0.000410384
13618 0.000410369
13619 0.000410354
13620 0.000410339
13621 0.000410325
13622 0.00041031
13623 0.000410295
13624 0.00041028
13625 0.000410265
13626 0.00041025
13627 0.000410235
13628 0.000410221
13629 0.000410206
13630 0.000410191
13631 0.000410176
13632 0.000410161
13633 0.000410146
13634 0.000410132
13635 0.000410117
13636 0.000410102
13637 0.000410087
13638 0.000410072
13639 0.000410057
13640 0.000410043
13641 0.000410028
13642 0.000410013
13643 0.000409998
13644 0.000409983
13645 0.000409969
13646 0.000409954
13647 0.000409939
13648 0.000409924
13649 0.00040991
13650 0.000409895
13651 0.00040988
13652 0.000409865
13653 0.00040985
13654 0.000409836
13655 0.000409821
13656 0.000409806
13657 0.000409791
13658 0.000409777
13659 0.000409762
13660 0.000409747
13661 0.000409732
13662 0.000409718
13663 0.000409703
13664 0.000409688
13665 0.000409673
13666 0.000409659
13667 0.000409644
13668 0.000409629
13669 0.000409615
13670 0.0004096
13671 0.000409585
13672 0.00040957
13673 0.000409556
13674 0.000409541
13675 0.000409526
13676 0.000409512
13677 0.000409497
13678 0.000409482
13679 0.000409468
13680 0.000409453
13681 0.000409438
13682 0.000409424
13683 0.000409409
13684 0.000409394
13685 0.00040938
13686 0.000409365
13687 0.00040935
13688 0.000409336
13689 0.000409321
13690 0.000409306
13691 0.000409292
13692 0.000409277
13693 0.000409262
13694 0.000409248
13695 0.000409233
13696 0.000409219
13697 0.000409204
13698 0.000409189
13699 0.000409175
13700 0.00040916
13701 0.000409145
13702 0.000409131
13703 0.000409116
13704 0.000409102
13705 0.000409087
13706 0.000409072
13707 0.000409058
13708 0.000409043
13709 0.000409029
13710 0.000409014
13711 0.000409
13712 0.000408985
13713 0.00040897
13714 0.000408956
13715 0.000408941
13716 0.000408927
13717 0.000408912
13718 0.000408898
13719 0.000408883
13720 0.000408868
13721 0.000408854
13722 0.000408839
13723 0.000408825
13724 0.00040881
13725 0.000408796
13726 0.000408781
13727 0.000408767
13728 0.000408752
13729 0.000408738
13730 0.000408723
13731 0.000408709
13732 0.000408694
13733 0.00040868
13734 0.000408665
13735 0.000408651
13736 0.000408636
13737 0.000408622
13738 0.000408607
13739 0.000408593
13740 0.000408578
13741 0.000408564
13742 0.000408549
13743 0.000408535
13744 0.00040852
13745 0.000408506
13746 0.000408491
13747 0.000408477
13748 0.000408462
13749 0.000408448
13750 0.000408433
13751 0.000408419
13752 0.000408404
13753 0.00040839
13754 0.000408376
13755 0.000408361
13756 0.000408347
13757 0.000408332
13758 0.000408318
13759 0.000408303
13760 0.000408289
13761 0.000408275
13762 0.00040826
13763 0.000408246
13764 0.000408231
13765 0.000408217
13766 0.000408202
13767 0.000408188
13768 0.000408174
13769 0.000408159
13770 0.000408145
13771 0.00040813
13772 0.000408116
13773 0.000408102
13774 0.000408087
13775 0.000408073
13776 0.000408058
13777 0.000408044
13778 0.00040803
13779 0.000408015
13780 0.000408001
13781 0.000407986
13782 0.000407972
13783 0.000407958
13784 0.000407943
13785 0.000407929
13786 0.000407915
13787 0.0004079
13788 0.000407886
13789 0.000407872
13790 0.000407857
13791 0.000407843
13792 0.000407828
13793 0.000407814
13794 0.0004078
13795 0.000407785
13796 0.000407771
13797 0.000407757
13798 0.000407742
13799 0.000407728
13800 0.000407714
13801 0.000407699
13802 0.000407685
13803 0.000407671
13804 0.000407656
13805 0.000407642
13806 0.000407628
13807 0.000407613
13808 0.000407599
13809 0.000407585
13810 0.000407571
13811 0.000407556
13812 0.000407542
13813 0.000407528
13814 0.000407513
13815 0.000407499
13816 0.000407485
13817 0.00040747
13818 0.000407456
13819 0.000407442
13820 0.000407428
13821 0.000407413
13822 0.000407399
13823 0.000407385
13824 0.00040737
13825 0.000407356
13826 0.000407342
13827 0.000407328
13828 0.000407313
13829 0.000407299
13830 0.000407285
13831 0.00040727
13832 0.000407256
13833 0.000407242
13834 0.000407228
13835 0.000407213
13836 0.000407199
13837 0.000407185
13838 0.000407171
13839 0.000407156
13840 0.000407142
13841 0.000407128
13842 0.000407114
13843 0.000407099
13844 0.000407085
13845 0.000407071
13846 0.000407057
13847 0.000407042
13848 0.000407028
13849 0.000407014
13850 0.000407
13851 0.000406985
13852 0.000406971
13853 0.000406957
13854 0.000406943
13855 0.000406928
13856 0.000406914
13857 0.0004069
13858 0.000406886
13859 0.000406872
13860 0.000406857
13861 0.000406843
13862 0.000406829
13863 0.000406815
13864 0.0004068
13865 0.000406786
13866 0.000406772
13867 0.000406758
13868 0.000406744
13869 0.000406729
13870 0.000406715
13871 0.000406701
13872 0.000406687
13873 0.000406673
13874 0.000406658
13875 0.000406644
13876 0.00040663
13877 0.000406616
13878 0.000406602
13879 0.000406587
13880 0.000406573
13881 0.000406559
13882 0.000406545
13883 0.000406531
13884 0.000406516
13885 0.000406502
13886 0.000406488
13887 0.000406474
13888 0.00040646
13889 0.000406446
13890 0.000406431
13891 0.000406417
13892 0.000406403
13893 0.000406389
13894 0.000406375
13895 0.000406361
13896 0.000406346
13897 0.000406332
13898 0.000406318
13899 0.000406304
13900 0.00040629
13901 0.000406276
13902 0.000406261
13903 0.000406247
13904 0.000406233
13905 0.000406219
13906 0.000406205
13907 0.000406191
13908 0.000406177
13909 0.000406162
13910 0.000406148
13911 0.000406134
13912 0.00040612
13913 0.000406106
13914 0.000406092
13915 0.000406078
13916 0.000406063
13917 0.000406049
13918 0.000406035
13919 0.000406021
13920 0.000406007
13921 0.000405993
13922 0.000405979
13923 0.000405965
13924 0.00040595
13925 0.000405936
13926 0.000405922
13927 0.000405908
13928 0.000405894
13929 0.00040588
13930 0.000405866
13931 0.000405852
13932 0.000405837
13933 0.000405823
13934 0.000405809
13935 0.000405795
13936 0.000405781
13937 0.000405767
13938 0.000405753
13939 0.000405739
13940 0.000405725
13941 0.000405711
13942 0.000405696
13943 0.000405682
13944 0.000405668
13945 0.000405654
13946 0.00040564
13947 0.000405626
13948 0.000405612
13949 0.000405598
13950 0.000405584
13951 0.00040557
13952 0.000405556
13953 0.000405542
13954 0.000405527
13955 0.000405513
13956 0.000405499
13957 0.000405485
13958 0.000405471
13959 0.000405457
13960 0.000405443
13961 0.000405429
13962 0.000405415
13963 0.000405401
13964 0.000405387
13965 0.000405373
13966 0.000405359
13967 0.000405345
13968 0.000405331
13969 0.000405317
13970 0.000405303
13971 0.000405288
13972 0.000405274
13973 0.00040526
13974 0.000405246
13975 0.000405232
13976 0.000405218
13977 0.000405204
13978 0.00040519
13979 0.000405176
13980 0.000405162
13981 0.000405148
13982 0.000405134
13983 0.00040512
13984 0.000405106
13985 0.000405092
13986 0.000405078
13987 0.000405064
13988 0.00040505
13989 0.000405036
13990 0.000405022
13991 0.000405008
13992 0.000404994
13993 0.00040498
13994 0.000404966
13995 0.000404952
13996 0.000404938
13997 0.000404924
13998 0.00040491
13999 0.000404896
14000 0.000404882
14001 0.000404868
14002 0.000404854
14003 0.00040484
14004 0.000404826
14005 0.000404812
14006 0.000404798
14007 0.000404784
14008 0.00040477
14009 0.000404756
14010 0.000404742
14011 0.000404729
14012 0.000404715
14013 0.000404701
14014 0.000404687
14015 0.000404673
14016 0.000404659
14017 0.000404645
14018 0.000404631
14019 0.000404617
14020 0.000404603
14021 0.000404589
14022 0.000404575
14023 0.000404561
14024 0.000404547
14025 0.000404533
14026 0.000404519
14027 0.000404506
14028 0.000404492
14029 0.000404478
14030 0.000404464
14031 0.00040445
14032 0.000404436
14033 0.000404422
14034 0.000404408
14035 0.000404394
14036 0.00040438
14037 0.000404367
14038 0.000404353
14039 0.000404339
14040 0.000404325
14041 0.000404311
14042 0.000404297
14043 0.000404283
14044 0.000404269
14045 0.000404255
14046 0.000404242
14047 0.000404228
14048 0.000404214
14049 0.0004042
14050 0.000404186
14051 0.000404172
14052 0.000404158
14053 0.000404145
14054 0.000404131
14055 0.000404117
14056 0.000404103
14057 0.000404089
14058 0.000404075
14059 0.000404062
14060 0.000404048
14061 0.000404034
14062 0.00040402
14063 0.000404006
14064 0.000403992
14065 0.000403979
14066 0.000403965
14067 0.000403951
14068 0.000403937
14069 0.000403923
14070 0.000403909
14071 0.000403896
14072 0.000403882
14073 0.000403868
14074 0.000403854
14075 0.000403841
14076 0.000403827
14077 0.000403813
14078 0.000403799
14079 0.000403785
14080 0.000403772
14081 0.000403758
14082 0.000403744
14083 0.00040373
14084 0.000403716
14085 0.000403703
14086 0.000403689
14087 0.000403675
14088 0.000403661
14089 0.000403648
14090 0.000403634
14091 0.00040362
14092 0.000403606
14093 0.000403593
14094 0.000403579
14095 0.000403565
14096 0.000403551
14097 0.000403538
14098 0.000403524
14099 0.00040351
14100 0.000403497
14101 0.000403483
14102 0.000403469
14103 0.000403455
14104 0.000403442
14105 0.000403428
14106 0.000403414
14107 0.000403401
14108 0.000403387
14109 0.000403373
14110 0.000403359
14111 0.000403346
14112 0.000403332
14113 0.000403318
14114 0.000403305
14115 0.000403291
14116 0.000403277
14117 0.000403264
14118 0.00040325
14119 0.000403236
14120 0.000403223
14121 0.000403209
14122 0.000403195
14123 0.000403182
14124 0.000403168
14125 0.000403154
14126 0.000403141
14127 0.000403127
14128 0.000403113
14129 0.0004031
14130 0.000403086
14131 0.000403072
14132 0.000403059
14133 0.000403045
14134 0.000403032
14135 0.000403018
14136 0.000403004
14137 0.000402991
14138 0.000402977
14139 0.000402963
14140 0.00040295
14141 0.000402936
14142 0.000402923
14143 0.000402909
14144 0.000402895
14145 0.000402882
14146 0.000402868
14147 0.000402855
14148 0.000402841
14149 0.000402827
14150 0.000402814
14151 0.0004028
14152 0.000402787
14153 0.000402773
14154 0.000402759
14155 0.000402746
14156 0.000402732
14157 0.000402719
14158 0.000402705
14159 0.000402692
14160 0.000402678
14161 0.000402664
14162 0.000402651
14163 0.000402637
14164 0.000402624
14165 0.00040261
14166 0.000402597
14167 0.000402583
14168 0.00040257
14169 0.000402556
14170 0.000402543
14171 0.000402529
14172 0.000402515
14173 0.000402502
14174 0.000402488
14175 0.000402475
14176 0.000402461
14177 0.000402448
14178 0.000402434
14179 0.000402421
14180 0.000402407
14181 0.000402394
14182 0.00040238
14183 0.000402367
14184 0.000402353
14185 0.00040234
14186 0.000402326
14187 0.000402313
14188 0.000402299
14189 0.000402286
14190 0.000402272
14191 0.000402259
14192 0.000402245
14193 0.000402232
14194 0.000402218
14195 0.000402205
14196 0.000402191
14197 0.000402178
14198 0.000402164
14199 0.000402151
14200 0.000402137
14201 0.000402124
14202 0.00040211
14203 0.000402097
14204 0.000402083
14205 0.00040207
14206 0.000402057
14207 0.000402043
14208 0.00040203
14209 0.000402016
14210 0.000402003
14211 0.000401989
14212 0.000401976
14213 0.000401962
14214 0.000401949
14215 0.000401936
14216 0.000401922
14217 0.000401909
14218 0.000401895
14219 0.000401882
14220 0.000401868
14221 0.000401855
14222 0.000401841
14223 0.000401828
14224 0.000401815
14225 0.000401801
14226 0.000401788
14227 0.000401774
14228 0.000401761
14229 0.000401748
14230 0.000401734
14231 0.000401721
14232 0.000401707
14233 0.000401694
14234 0.00040168
14235 0.000401667
14236 0.000401654
14237 0.00040164
14238 0.000401627
14239 0.000401613
14240 0.0004016
14241 0.000401587
14242 0.000401573
14243 0.00040156
14244 0.000401547
14245 0.000401533
14246 0.00040152
14247 0.000401506
14248 0.000401493
14249 0.00040148
14250 0.000401466
14251 0.000401453
14252 0.000401439
14253 0.000401426
14254 0.000401413
14255 0.000401399
14256 0.000401386
14257 0.000401373
14258 0.000401359
14259 0.000401346
14260 0.000401333
14261 0.000401319
14262 0.000401306
14263 0.000401292
14264 0.000401279
14265 0.000401266
14266 0.000401252
14267 0.000401239
14268 0.000401226
14269 0.000401212
14270 0.000401199
14271 0.000401186
14272 0.000401172
14273 0.000401159
14274 0.000401146
14275 0.000401132
14276 0.000401119
14277 0.000401106
14278 0.000401092
14279 0.000401079
14280 0.000401066
14281 0.000401052
14282 0.000401039
14283 0.000401026
14284 0.000401012
14285 0.000400999
14286 0.000400986
14287 0.000400972
14288 0.000400959
14289 0.000400946
14290 0.000400932
14291 0.000400919
14292 0.000400906
14293 0.000400892
14294 0.000400879
14295 0.000400866
14296 0.000400853
14297 0.000400839
14298 0.000400826
14299 0.000400813
14300 0.000400799
14301 0.000400786
14302 0.000400773
14303 0.000400759
14304 0.000400746
14305 0.000400733
14306 0.00040072
14307 0.000400706
14308 0.000400693
14309 0.00040068
14310 0.000400666
14311 0.000400653
14312 0.00040064
14313 0.000400627
14314 0.000400613
14315 0.0004006
14316 0.000400587
14317 0.000400573
14318 0.00040056
14319 0.000400547
14320 0.000400534
14321 0.00040052
14322 0.000400507
14323 0.000400494
14324 0.000400481
14325 0.000400467
14326 0.000400454
14327 0.000400441
14328 0.000400428
14329 0.000400414
14330 0.000400401
14331 0.000400388
14332 0.000400375
14333 0.000400361
14334 0.000400348
14335 0.000400335
14336 0.000400322
14337 0.000400308
14338 0.000400295
14339 0.000400282
14340 0.000400269
14341 0.000400255
14342 0.000400242
14343 0.000400229
14344 0.000400216
14345 0.000400202
14346 0.000400189
14347 0.000400176
14348 0.000400163
14349 0.000400149
14350 0.000400136
14351 0.000400123
14352 0.00040011
14353 0.000400097
14354 0.000400083
14355 0.00040007
14356 0.000400057
14357 0.000400044
14358 0.00040003
14359 0.000400017
14360 0.000400004
14361 0.000399991
14362 0.000399978
14363 0.000399964
14364 0.000399951
14365 0.000399938
14366 0.000399925
14367 0.000399912
14368 0.000399898
14369 0.000399885
14370 0.000399872
14371 0.000399859
14372 0.000399846
14373 0.000399832
14374 0.000399819
14375 0.000399806
14376 0.000399793
14377 0.00039978
14378 0.000399767
14379 0.000399753
14380 0.00039974
14381 0.000399727
14382 0.000399714
14383 0.000399701
14384 0.000399687
14385 0.000399674
14386 0.000399661
14387 0.000399648
14388 0.000399635
14389 0.000399622
14390 0.000399608
14391 0.000399595
14392 0.000399582
14393 0.000399569
14394 0.000399556
14395 0.000399543
14396 0.00039953
14397 0.000399516
14398 0.000399503
14399 0.00039949
14400 0.000399477
14401 0.000399464
14402 0.000399451
14403 0.000399438
14404 0.000399424
14405 0.000399411
14406 0.000399398
14407 0.000399385
14408 0.000399372
14409 0.000399359
14410 0.000399346
14411 0.000399333
14412 0.000399319
14413 0.000399306
14414 0.000399293
14415 0.00039928
14416 0.000399267
14417 0.000399254
14418 0.000399241
14419 0.000399228
14420 0.000399214
14421 0.000399201
14422 0.000399188
14423 0.000399175
14424 0.000399162
14425 0.000399149
14426 0.000399136
14427 0.000399123
14428 0.00039911
14429 0.000399097
14430 0.000399084
14431 0.00039907
14432 0.000399057
14433 0.000399044
14434 0.000399031
14435 0.000399018
14436 0.000399005
14437 0.000398992
14438 0.000398979
14439 0.000398966
14440 0.000398953
14441 0.00039894
14442 0.000398927
14443 0.000398914
14444 0.000398901
14445 0.000398888
14446 0.000398874
14447 0.000398861
14448 0.000398848
14449 0.000398835
14450 0.000398822
14451 0.000398809
14452 0.000398796
14453 0.000398783
14454 0.00039877
14455 0.000398757
14456 0.000398744
14457 0.000398731
14458 0.000398718
14459 0.000398705
14460 0.000398692
14461 0.000398679
14462 0.000398666
14463 0.000398653
14464 0.00039864
14465 0.000398627
14466 0.000398614
14467 0.000398601
14468 0.000398588
14469 0.000398575
14470 0.000398562
14471 0.000398549
14472 0.000398536
14473 0.000398523
14474 0.00039851
14475 0.000398497
14476 0.000398484
14477 0.000398471
14478 0.000398458
14479 0.000398445
14480 0.000398432
14481 0.000398419
14482 0.000398406
14483 0.000398393
14484 0.00039838
14485 0.000398367
14486 0.000398354
14487 0.000398341
14488 0.000398328
14489 0.000398315
14490 0.000398302
14491 0.000398289
14492 0.000398276
14493 0.000398263
14494 0.000398251
14495 0.000398238
14496 0.000398225
14497 0.000398212
14498 0.000398199
14499 0.000398186
14500 0.000398173
14501 0.00039816
14502 0.000398147
14503 0.000398134
14504 0.000398121
14505 0.000398108
14506 0.000398095
14507 0.000398082
14508 0.00039807
14509 0.000398057
14510 0.000398044
14511 0.000398031
14512 0.000398018
14513 0.000398005
14514 0.000397992
14515 0.000397979
14516 0.000397966
14517 0.000397953
14518 0.00039794
14519 0.000397928
14520 0.000397915
14521 0.000397902
14522 0.000397889
14523 0.000397876
14524 0.000397863
14525 0.00039785
14526 0.000397837
14527 0.000397825
14528 0.000397812
14529 0.000397799
14530 0.000397786
14531 0.000397773
14532 0.00039776
14533 0.000397747
14534 0.000397735
14535 0.000397722
14536 0.000397709
14537 0.000397696
14538 0.000397683
14539 0.00039767
14540 0.000397657
14541 0.000397645
14542 0.000397632
14543 0.000397619
14544 0.000397606
14545 0.000397593
14546 0.00039758
14547 0.000397568
14548 0.000397555
14549 0.000397542
14550 0.000397529
14551 0.000397516
14552 0.000397504
14553 0.000397491
14554 0.000397478
14555 0.000397465
14556 0.000397452
14557 0.00039744
14558 0.000397427
14559 0.000397414
14560 0.000397401
14561 0.000397388
14562 0.000397376
14563 0.000397363
14564 0.00039735
14565 0.000397337
14566 0.000397324
14567 0.000397312
14568 0.000397299
14569 0.000397286
14570 0.000397273
14571 0.000397261
14572 0.000397248
14573 0.000397235
14574 0.000397222
14575 0.000397209
14576 0.000397197
14577 0.000397184
14578 0.000397171
14579 0.000397158
14580 0.000397146
14581 0.000397133
14582 0.00039712
14583 0.000397107
14584 0.000397095
14585 0.000397082
14586 0.000397069
14587 0.000397056
14588 0.000397044
14589 0.000397031
14590 0.000397018
14591 0.000397006
14592 0.000396993
14593 0.00039698
14594 0.000396967
14595 0.000396955
14596 0.000396942
14597 0.000396929
14598 0.000396916
14599 0.000396904
14600 0.000396891
14601 0.000396878
14602 0.000396866
14603 0.000396853
14604 0.00039684
14605 0.000396828
14606 0.000396815
14607 0.000396802
14608 0.000396789
14609 0.000396777
14610 0.000396764
14611 0.000396751
14612 0.000396739
14613 0.000396726
14614 0.000396713
14615 0.000396701
14616 0.000396688
14617 0.000396675
14618 0.000396663
14619 0.00039665
14620 0.000396637
14621 0.000396625
14622 0.000396612
14623 0.000396599
14624 0.000396587
14625 0.000396574
14626 0.000396561
14627 0.000396549
14628 0.000396536
14629 0.000396523
14630 0.000396511
14631 0.000396498
14632 0.000396485
14633 0.000396473
14634 0.00039646
14635 0.000396447
14636 0.000396435
14637 0.000396422
14638 0.000396409
14639 0.000396397
14640 0.000396384
14641 0.000396371
14642 0.000396359
14643 0.000396346
14644 0.000396334
14645 0.000396321
14646 0.000396308
14647 0.000396296
14648 0.000396283
14649 0.00039627
14650 0.000396258
14651 0.000396245
14652 0.000396233
14653 0.00039622
14654 0.000396207
14655 0.000396195
14656 0.000396182
14657 0.00039617
14658 0.000396157
14659 0.000396144
14660 0.000396132
14661 0.000396119
14662 0.000396106
14663 0.000396094
14664 0.000396081
14665 0.000396069
14666 0.000396056
14667 0.000396044
14668 0.000396031
14669 0.000396018
14670 0.000396006
14671 0.000395993
14672 0.000395981
14673 0.000395968
14674 0.000395955
14675 0.000395943
14676 0.00039593
14677 0.000395918
14678 0.000395905
14679 0.000395892
14680 0.00039588
14681 0.000395867
14682 0.000395855
14683 0.000395842
14684 0.00039583
14685 0.000395817
14686 0.000395805
14687 0.000395792
14688 0.000395779
14689 0.000395767
14690 0.000395754
14691 0.000395742
14692 0.000395729
14693 0.000395717
14694 0.000395704
14695 0.000395691
14696 0.000395679
14697 0.000395666
14698 0.000395654
14699 0.000395641
14700 0.000395629
14701 0.000395616
14702 0.000395604
14703 0.000395591
14704 0.000395579
14705 0.000395566
14706 0.000395553
14707 0.000395541
14708 0.000395528
14709 0.000395516
14710 0.000395503
14711 0.000395491
14712 0.000395478
14713 0.000395466
14714 0.000395453
14715 0.000395441
14716 0.000395428
14717 0.000395416
14718 0.000395403
14719 0.000395391
14720 0.000395378
14721 0.000395366
14722 0.000395353
14723 0.000395341
14724 0.000395328
14725 0.000395316
14726 0.000395303
14727 0.000395291
14728 0.000395278
14729 0.000395266
14730 0.000395253
14731 0.000395241
14732 0.000395228
14733 0.000395216
14734 0.000395203
14735 0.000395191
14736 0.000395178
14737 0.000395166
14738 0.000395153
14739 0.000395141
14740 0.000395128
14741 0.000395116
14742 0.000395103
14743 0.000395091
14744 0.000395078
14745 0.000395066
14746 0.000395053
14747 0.000395041
14748 0.000395028
14749 0.000395016
14750 0.000395003
14751 0.000394991
14752 0.000394978
14753 0.000394966
14754 0.000394953
14755 0.000394941
14756 0.000394928
14757 0.000394916
14758 0.000394903
14759 0.000394891
14760 0.000394879
14761 0.000394866
14762 0.000394854
14763 0.000394841
14764 0.000394829
14765 0.000394816
14766 0.000394804
14767 0.000394791
14768 0.000394779
14769 0.000394766
14770 0.000394754
14771 0.000394742
14772 0.000394729
14773 0.000394717
14774 0.000394704
14775 0.000394692
14776 0.000394679
14777 0.000394667
14778 0.000394654
14779 0.000394642
14780 0.00039463
14781 0.000394617
14782 0.000394605
14783 0.000394592
14784 0.00039458
14785 0.000394567
14786 0.000394555
14787 0.000394543
14788 0.00039453
14789 0.000394518
14790 0.000394505
14791 0.000394493
14792 0.000394481
14793 0.000394468
14794 0.000394456
14795 0.000394443
14796 0.000394431
14797 0.000394418
14798 0.000394406
14799 0.000394394
14800 0.000394381
14801 0.000394369
14802 0.000394356
14803 0.000394344
14804 0.000394332
14805 0.000394319
14806 0.000394307
14807 0.000394294
14808 0.000394282
14809 0.00039427
14810 0.000394257
14811 0.000394245
14812 0.000394233
14813 0.00039422
14814 0.000394208
14815 0.000394195
14816 0.000394183
14817 0.000394171
14818 0.000394158
14819 0.000394146
14820 0.000394134
14821 0.000394121
14822 0.000394109
14823 0.000394096
14824 0.000394084
14825 0.000394072
14826 0.000394059
14827 0.000394047
14828 0.000394035
14829 0.000394022
14830 0.00039401
14831 0.000393998
14832 0.000393985
14833 0.000393973
14834 0.00039396
14835 0.000393948
14836 0.000393936
14837 0.000393923
14838 0.000393911
14839 0.000393899
14840 0.000393886
14841 0.000393874
14842 0.000393862
14843 0.000393849
14844 0.000393837
14845 0.000393825
14846 0.000393812
14847 0.0003938
14848 0.000393788
14849 0.000393775
14850 0.000393763
14851 0.000393751
14852 0.000393739
14853 0.000393726
14854 0.000393714
14855 0.000393702
14856 0.000393689
14857 0.000393677
14858 0.000393665
14859 0.000393652
14860 0.00039364
14861 0.000393628
14862 0.000393615
14863 0.000393603
14864 0.000393591
14865 0.000393579
14866 0.000393566
14867 0.000393554
14868 0.000393542
14869 0.000393529
14870 0.000393517
14871 0.000393505
14872 0.000393493
14873 0.00039348
14874 0.000393468
14875 0.000393456
14876 0.000393443
14877 0.000393431
14878 0.000393419
14879 0.000393407
14880 0.000393394
14881 0.000393382
14882 0.00039337
14883 0.000393358
14884 0.000393345
14885 0.000393333
14886 0.000393321
14887 0.000393309
14888 0.000393296
14889 0.000393284
14890 0.000393272
14891 0.00039326
14892 0.000393247
14893 0.000393235
14894 0.000393223
14895 0.000393211
14896 0.000393198
14897 0.000393186
14898 0.000393174
14899 0.000393162
14900 0.000393149
14901 0.000393137
14902 0.000393125
14903 0.000393113
14904 0.000393101
14905 0.000393088
14906 0.000393076
14907 0.000393064
14908 0.000393052
14909 0.000393039
14910 0.000393027
14911 0.000393015
14912 0.000393003
14913 0.000392991
14914 0.000392978
14915 0.000392966
14916 0.000392954
14917 0.000392942
14918 0.00039293
14919 0.000392917
14920 0.000392905
14921 0.000392893
14922 0.000392881
14923 0.000392869
14924 0.000392857
14925 0.000392844
14926 0.000392832
14927 0.00039282
14928 0.000392808
14929 0.000392796
14930 0.000392783
14931 0.000392771
14932 0.000392759
14933 0.000392747
14934 0.000392735
14935 0.000392723
14936 0.00039271
14937 0.000392698
14938 0.000392686
14939 0.000392674
14940 0.000392662
14941 0.00039265
14942 0.000392638
14943 0.000392625
14944 0.000392613
14945 0.000392601
14946 0.000392589
14947 0.000392577
14948 0.000392565
14949 0.000392553
14950 0.00039254
14951 0.000392528
14952 0.000392516
14953 0.000392504
14954 0.000392492
14955 0.00039248
14956 0.000392468
14957 0.000392456
14958 0.000392443
14959 0.000392431
14960 0.000392419
14961 0.000392407
14962 0.000392395
14963 0.000392383
14964 0.000392371
14965 0.000392359
14966 0.000392347
14967 0.000392335
14968 0.000392322
14969 0.00039231
14970 0.000392298
14971 0.000392286
14972 0.000392274
14973 0.000392262
14974 0.00039225
14975 0.000392238
14976 0.000392226
14977 0.000392214
14978 0.000392202
14979 0.000392189
14980 0.000392177
14981 0.000392165
14982 0.000392153
14983 0.000392141
14984 0.000392129
14985 0.000392117
14986 0.000392105
14987 0.000392093
14988 0.000392081
14989 0.000392069
14990 0.000392057
14991 0.000392045
14992 0.000392033
14993 0.000392021
14994 0.000392009
14995 0.000391997
14996 0.000391984
14997 0.000391972
14998 0.00039196
14999 0.000391948
15000 0.000391936
15001 0.000391924
15002 0.000391912
15003 0.0003919
15004 0.000391888
15005 0.000391876
15006 0.000391864
15007 0.000391852
15008 0.00039184
15009 0.000391828
15010 0.000391816
15011 0.000391804
15012 0.000391792
15013 0.00039178
15014 0.000391768
15015 0.000391756
15016 0.000391744
15017 0.000391732
15018 0.00039172
15019 0.000391708
15020 0.000391696
15021 0.000391684
15022 0.000391672
15023 0.00039166
15024 0.000391648
15025 0.000391636
15026 0.000391624
15027 0.000391612
15028 0.0003916
15029 0.000391588
15030 0.000391576
15031 0.000391564
15032 0.000391552
15033 0.00039154
15034 0.000391528
15035 0.000391516
15036 0.000391504
15037 0.000391492
15038 0.00039148
15039 0.000391468
15040 0.000391456
15041 0.000391444
15042 0.000391432
15043 0.00039142
15044 0.000391408
15045 0.000391396
15046 0.000391384
15047 0.000391372
15048 0.000391361
15049 0.000391349
15050 0.000391337
15051 0.000391325
15052 0.000391313
15053 0.000391301
15054 0.000391289
15055 0.000391277
15056 0.000391265
15057 0.000391253
15058 0.000391241
15059 0.000391229
15060 0.000391217
15061 0.000391205
15062 0.000391193
15063 0.000391181
15064 0.000391169
15065 0.000391158
15066 0.000391146
15067 0.000391134
15068 0.000391122
15069 0.00039111
15070 0.000391098
15071 0.000391086
15072 0.000391074
15073 0.000391062
15074 0.00039105
15075 0.000391038
15076 0.000391026
15077 0.000391014
15078 0.000391003
15079 0.000390991
15080 0.000390979
15081 0.000390967
15082 0.000390955
15083 0.000390943
15084 0.000390931
15085 0.000390919
15086 0.000390907
15087 0.000390895
15088 0.000390883
15089 0.000390872
15090 0.00039086
15091 0.000390848
15092 0.000390836
15093 0.000390824
15094 0.000390812
15095 0.0003908
15096 0.000390788
15097 0.000390776
15098 0.000390765
15099 0.000390753
15100 0.000390741
15101 0.000390729
15102 0.000390717
15103 0.000390705
15104 0.000390693
15105 0.000390681
15106 0.00039067
15107 0.000390658
15108 0.000390646
15109 0.000390634
15110 0.000390622
15111 0.00039061
15112 0.000390598
15113 0.000390586
15114 0.000390575
15115 0.000390563
15116 0.000390551
15117 0.000390539
15118 0.000390527
15119 0.000390515
15120 0.000390503
15121 0.000390492
15122 0.00039048
15123 0.000390468
15124 0.000390456
15125 0.000390444
15126 0.000390432
15127 0.000390421
15128 0.000390409
15129 0.000390397
15130 0.000390385
15131 0.000390373
15132 0.000390361
15133 0.000390349
15134 0.000390338
15135 0.000390326
15136 0.000390314
15137 0.000390302
15138 0.00039029
15139 0.000390278
15140 0.000390267
15141 0.000390255
15142 0.000390243
15143 0.000390231
15144 0.000390219
15145 0.000390208
15146 0.000390196
15147 0.000390184
15148 0.000390172
15149 0.00039016
15150 0.000390148
15151 0.000390137
15152 0.000390125
15153 0.000390113
15154 0.000390101
15155 0.000390089
15156 0.000390078
15157 0.000390066
15158 0.000390054
15159 0.000390042
15160 0.00039003
15161 0.000390019
15162 0.000390007
15163 0.000389995
15164 0.000389983
15165 0.000389971
15166 0.00038996
15167 0.000389948
15168 0.000389936
15169 0.000389924
15170 0.000389912
15171 0.000389901
15172 0.000389889
15173 0.000389877
15174 0.000389865
15175 0.000389853
15176 0.000389842
15177 0.00038983
15178 0.000389818
15179 0.000389806
15180 0.000389795
15181 0.000389783
15182 0.000389771
15183 0.000389759
15184 0.000389747
15185 0.000389736
15186 0.000389724
15187 0.000389712
15188 0.0003897
15189 0.000389689
15190 0.000389677
15191 0.000389665
15192 0.000389653
15193 0.000389642
15194 0.00038963
15195 0.000389618
15196 0.000389606
15197 0.000389595
15198 0.000389583
15199 0.000389571
15200 0.000389559
15201 0.000389548
15202 0.000389536
15203 0.000389524
15204 0.000389512
15205 0.000389501
15206 0.000389489
15207 0.000389477
15208 0.000389465
15209 0.000389454
15210 0.000389442
15211 0.00038943
15212 0.000389418
15213 0.000389407
15214 0.000389395
15215 0.000389383
15216 0.000389371
15217 0.00038936
15218 0.000389348
15219 0.000389336
15220 0.000389325
15221 0.000389313
15222 0.000389301
15223 0.000389289
15224 0.000389278
15225 0.000389266
15226 0.000389254
15227 0.000389243
15228 0.000389231
15229 0.000389219
15230 0.000389207
15231 0.000389196
15232 0.000389184
15233 0.000389172
15234 0.000389161
15235 0.000389149
15236 0.000389137
15237 0.000389125
15238 0.000389114
15239 0.000389102
15240 0.00038909
15241 0.000389079
15242 0.000389067
15243 0.000389055
15244 0.000389044
15245 0.000389032
15246 0.00038902
15247 0.000389009
15248 0.000388997
15249 0.000388985
15250 0.000388973
15251 0.000388962
15252 0.00038895
15253 0.000388938
15254 0.000388927
15255 0.000388915
15256 0.000388903
15257 0.000388892
15258 0.00038888
15259 0.000388868
15260 0.000388857
15261 0.000388845
15262 0.000388833
15263 0.000388822
15264 0.00038881
15265 0.000388798
15266 0.000388787
15267 0.000388775
15268 0.000388763
15269 0.000388752
15270 0.00038874
15271 0.000388729
15272 0.000388717
15273 0.000388705
15274 0.000388694
15275 0.000388682
15276 0.00038867
15277 0.000388659
15278 0.000388647
15279 0.000388635
15280 0.000388624
15281 0.000388612
15282 0.0003886
15283 0.000388589
15284 0.000388577
15285 0.000388566
15286 0.000388554
15287 0.000388542
15288 0.000388531
15289 0.000388519
15290 0.000388507
15291 0.000388496
15292 0.000388484
15293 0.000388473
15294 0.000388461
15295 0.000388449
15296 0.000388438
15297 0.000388426
15298 0.000388415
15299 0.000388403
15300 0.000388391
15301 0.00038838
15302 0.000388368
15303 0.000388357
15304 0.000388345
15305 0.000388333
15306 0.000388322
15307 0.00038831
15308 0.000388299
15309 0.000388287
15310 0.000388275
15311 0.000388264
15312 0.000388252
15313 0.000388241
15314 0.000388229
15315 0.000388218
15316 0.000388206
15317 0.000388194
15318 0.000388183
15319 0.000388171
15320 0.00038816
15321 0.000388148
15322 0.000388137
15323 0.000388125
15324 0.000388113
15325 0.000388102
15326 0.00038809
15327 0.000388079
15328 0.000388067
15329 0.000388056
15330 0.000388044
15331 0.000388032
15332 0.000388021
15333 0.000388009
15334 0.000387998
15335 0.000387986
15336 0.000387975
15337 0.000387963
15338 0.000387952
15339 0.00038794
15340 0.000387929
15341 0.000387917
15342 0.000387906
15343 0.000387894
15344 0.000387882
15345 0.000387871
15346 0.000387859
15347 0.000387848
15348 0.000387836
15349 0.000387825
15350 0.000387813
15351 0.000387802
15352 0.00038779
15353 0.000387779
15354 0.000387767
15355 0.000387756
15356 0.000387744
15357 0.000387733
15358 0.000387721
15359 0.00038771
15360 0.000387698
15361 0.000387687
15362 0.000387675
15363 0.000387664
15364 0.000387652
15365 0.000387641
15366 0.000387629
15367 0.000387618
15368 0.000387606
15369 0.000387595
15370 0.000387583
15371 0.000387572
15372 0.00038756
15373 0.000387549
15374 0.000387537
15375 0.000387526
15376 0.000387514
15377 0.000387503
15378 0.000387491
15379 0.00038748
15380 0.000387468
15381 0.000387457
15382 0.000387445
15383 0.000387434
15384 0.000387423
15385 0.000387411
15386 0.0003874
15387 0.000387388
15388 0.000387377
15389 0.000387365
15390 0.000387354
15391 0.000387342
15392 0.000387331
15393 0.000387319
15394 0.000387308
15395 0.000387297
15396 0.000387285
15397 0.000387274
15398 0.000387262
15399 0.000387251
15400 0.000387239
15401 0.000387228
15402 0.000387216
15403 0.000387205
15404 0.000387194
15405 0.000387182
15406 0.000387171
15407 0.000387159
15408 0.000387148
15409 0.000387136
15410 0.000387125
15411 0.000387114
15412 0.000387102
15413 0.000387091
15414 0.000387079
15415 0.000387068
15416 0.000387057
15417 0.000387045
15418 0.000387034
15419 0.000387022
15420 0.000387011
15421 0.000386999
15422 0.000386988
15423 0.000386977
15424 0.000386965
15425 0.000386954
15426 0.000386942
15427 0.000386931
15428 0.00038692
15429 0.000386908
15430 0.000386897
15431 0.000386885
15432 0.000386874
15433 0.000386863
15434 0.000386851
15435 0.00038684
15436 0.000386829
15437 0.000386817
15438 0.000386806
15439 0.000386794
15440 0.000386783
15441 0.000386772
15442 0.00038676
15443 0.000386749
15444 0.000386738
15445 0.000386726
15446 0.000386715
15447 0.000386703
15448 0.000386692
15449 0.000386681
15450 0.000386669
15451 0.000386658
15452 0.000386647
15453 0.000386635
15454 0.000386624
15455 0.000386613
15456 0.000386601
15457 0.00038659
15458 0.000386578
15459 0.000386567
15460 0.000386556
15461 0.000386544
15462 0.000386533
15463 0.000386522
15464 0.00038651
15465 0.000386499
15466 0.000386488
15467 0.000386476
15468 0.000386465
15469 0.000386454
15470 0.000386442
15471 0.000386431
15472 0.00038642
15473 0.000386408
15474 0.000386397
15475 0.000386386
15476 0.000386374
15477 0.000386363
15478 0.000386352
15479 0.00038634
15480 0.000386329
15481 0.000386318
15482 0.000386306
15483 0.000386295
15484 0.000386284
15485 0.000386273
15486 0.000386261
15487 0.00038625
15488 0.000386239
15489 0.000386227
15490 0.000386216
15491 0.000386205
15492 0.000386193
15493 0.000386182
15494 0.000386171
15495 0.000386159
15496 0.000386148
15497 0.000386137
15498 0.000386126
15499 0.000386114
15500 0.000386103
15501 0.000386092
15502 0.00038608
15503 0.000386069
15504 0.000386058
15505 0.000386046
15506 0.000386035
15507 0.000386024
15508 0.000386013
15509 0.000386001
15510 0.00038599
15511 0.000385979
15512 0.000385967
15513 0.000385956
15514 0.000385945
15515 0.000385934
15516 0.000385922
15517 0.000385911
15518 0.0003859
15519 0.000385889
15520 0.000385877
15521 0.000385866
15522 0.000385855
15523 0.000385843
15524 0.000385832
15525 0.000385821
15526 0.00038581
15527 0.000385798
15528 0.000385787
15529 0.000385776
15530 0.000385765
15531 0.000385753
15532 0.000385742
15533 0.000385731
15534 0.00038572
15535 0.000385708
15536 0.000385697
15537 0.000385686
15538 0.000385675
15539 0.000385663
15540 0.000385652
15541 0.000385641
15542 0.00038563
15543 0.000385618
15544 0.000385607
15545 0.000385596
15546 0.000385585
15547 0.000385573
15548 0.000385562
15549 0.000385551
15550 0.00038554
15551 0.000385528
15552 0.000385517
15553 0.000385506
15554 0.000385495
15555 0.000385484
15556 0.000385472
15557 0.000385461
15558 0.00038545
15559 0.000385439
15560 0.000385427
15561 0.000385416
15562 0.000385405
15563 0.000385394
15564 0.000385383
15565 0.000385371
15566 0.00038536
15567 0.000385349
15568 0.000385338
15569 0.000385326
15570 0.000385315
15571 0.000385304
15572 0.000385293
15573 0.000385282
15574 0.00038527
15575 0.000385259
15576 0.000385248
15577 0.000385237
15578 0.000385226
15579 0.000385214
15580 0.000385203
15581 0.000385192
15582 0.000385181
15583 0.00038517
15584 0.000385158
15585 0.000385147
15586 0.000385136
15587 0.000385125
15588 0.000385114
15589 0.000385102
15590 0.000385091
15591 0.00038508
15592 0.000385069
15593 0.000385058
15594 0.000385047
15595 0.000385035
15596 0.000385024
15597 0.000385013
15598 0.000385002
15599 0.000384991
15600 0.000384979
15601 0.000384968
15602 0.000384957
15603 0.000384946
15604 0.000384935
15605 0.000384924
15606 0.000384912
15607 0.000384901
15608 0.00038489
15609 0.000384879
15610 0.000384868
15611 0.000384857
15612 0.000384845
15613 0.000384834
15614 0.000384823
15615 0.000384812
15616 0.000384801
15617 0.00038479
15618 0.000384779
15619 0.000384767
15620 0.000384756
15621 0.000384745
15622 0.000384734
15623 0.000384723
15624 0.000384712
15625 0.0003847
15626 0.000384689
15627 0.000384678
15628 0.000384667
15629 0.000384656
15630 0.000384645
15631 0.000384634
15632 0.000384622
15633 0.000384611
15634 0.0003846
15635 0.000384589
15636 0.000384578
15637 0.000384567
15638 0.000384556
15639 0.000384545
15640 0.000384533
15641 0.000384522
15642 0.000384511
15643 0.0003845
15644 0.000384489
15645 0.000384478
15646 0.000384467
15647 0.000384456
15648 0.000384444
15649 0.000384433
15650 0.000384422
15651 0.000384411
15652 0.0003844
15653 0.000384389
15654 0.000384378
15655 0.000384367
15656 0.000384356
15657 0.000384344
15658 0.000384333
15659 0.000384322
15660 0.000384311
15661 0.0003843
15662 0.000384289
15663 0.000384278
15664 0.000384267
15665 0.000384256
15666 0.000384245
15667 0.000384233
15668 0.000384222
15669 0.000384211
15670 0.0003842
15671 0.000384189
15672 0.000384178
15673 0.000384167
15674 0.000384156
15675 0.000384145
15676 0.000384134
15677 0.000384123
15678 0.000384112
15679 0.0003841
15680 0.000384089
15681 0.000384078
15682 0.000384067
15683 0.000384056
15684 0.000384045
15685 0.000384034
15686 0.000384023
15687 0.000384012
15688 0.000384001
15689 0.00038399
15690 0.000383979
15691 0.000383968
15692 0.000383957
15693 0.000383946
15694 0.000383934
15695 0.000383923
15696 0.000383912
15697 0.000383901
15698 0.00038389
15699 0.000383879
15700 0.000383868
15701 0.000383857
15702 0.000383846
15703 0.000383835
15704 0.000383824
15705 0.000383813
15706 0.000383802
15707 0.000383791
15708 0.00038378
15709 0.000383769
15710 0.000383758
15711 0.000383747
15712 0.000383736
15713 0.000383725
15714 0.000383714
15715 0.000383703
15716 0.000383692
15717 0.000383681
15718 0.00038367
15719 0.000383658
15720 0.000383647
15721 0.000383636
15722 0.000383625
15723 0.000383614
15724 0.000383603
15725 0.000383592
15726 0.000383581
15727 0.00038357
15728 0.000383559
15729 0.000383548
15730 0.000383537
15731 0.000383526
15732 0.000383515
15733 0.000383504
15734 0.000383493
15735 0.000383482
15736 0.000383471
15737 0.00038346
15738 0.000383449
15739 0.000383438
15740 0.000383427
15741 0.000383416
15742 0.000383405
15743 0.000383394
15744 0.000383383
15745 0.000383372
15746 0.000383361
15747 0.00038335
15748 0.000383339
15749 0.000383328
15750 0.000383317
15751 0.000383307
15752 0.000383296
15753 0.000383285
15754 0.000383274
15755 0.000383263
15756 0.000383252
15757 0.000383241
15758 0.00038323
15759 0.000383219
15760 0.000383208
15761 0.000383197
15762 0.000383186
15763 0.000383175
15764 0.000383164
15765 0.000383153
15766 0.000383142
15767 0.000383131
15768 0.00038312
15769 0.000383109
15770 0.000383098
15771 0.000383087
15772 0.000383076
15773 0.000383065
15774 0.000383054
15775 0.000383043
15776 0.000383033
15777 0.000383022
15778 0.000383011
15779 0.000383
15780 0.000382989
15781 0.000382978
15782 0.000382967
15783 0.000382956
15784 0.000382945
15785 0.000382934
15786 0.000382923
15787 0.000382912
15788 0.000382901
15789 0.00038289
15790 0.000382879
15791 0.000382869
15792 0.000382858
15793 0.000382847
15794 0.000382836
15795 0.000382825
15796 0.000382814
15797 0.000382803
15798 0.000382792
15799 0.000382781
15800 0.00038277
15801 0.000382759
15802 0.000382749
15803 0.000382738
15804 0.000382727
15805 0.000382716
15806 0.000382705
15807 0.000382694
15808 0.000382683
15809 0.000382672
15810 0.000382661
15811 0.00038265
15812 0.00038264
15813 0.000382629
15814 0.000382618
15815 0.000382607
15816 0.000382596
15817 0.000382585
15818 0.000382574
15819 0.000382563
15820 0.000382552
15821 0.000382542
15822 0.000382531
15823 0.00038252
15824 0.000382509
15825 0.000382498
15826 0.000382487
15827 0.000382476
15828 0.000382465
15829 0.000382455
15830 0.000382444
15831 0.000382433
15832 0.000382422
15833 0.000382411
15834 0.0003824
15835 0.000382389
15836 0.000382379
15837 0.000382368
15838 0.000382357
15839 0.000382346
15840 0.000382335
15841 0.000382324
15842 0.000382313
15843 0.000382303
15844 0.000382292
15845 0.000382281
15846 0.00038227
15847 0.000382259
15848 0.000382248
15849 0.000382238
15850 0.000382227
15851 0.000382216
15852 0.000382205
15853 0.000382194
15854 0.000382183
15855 0.000382173
15856 0.000382162
15857 0.000382151
15858 0.00038214
15859 0.000382129
15860 0.000382118
15861 0.000382108
15862 0.000382097
15863 0.000382086
15864 0.000382075
15865 0.000382064
15866 0.000382053
15867 0.000382043
15868 0.000382032
15869 0.000382021
15870 0.00038201
15871 0.000381999
15872 0.000381989
15873 0.000381978
15874 0.000381967
15875 0.000381956
15876 0.000381945
15877 0.000381934
15878 0.000381924
15879 0.000381913
15880 0.000381902
15881 0.000381891
15882 0.00038188
15883 0.00038187
15884 0.000381859
15885 0.000381848
15886 0.000381837
15887 0.000381826
15888 0.000381816
15889 0.000381805
15890 0.000381794
15891 0.000381783
15892 0.000381773
15893 0.000381762
15894 0.000381751
15895 0.00038174
15896 0.000381729
15897 0.000381719
15898 0.000381708
15899 0.000381697
15900 0.000381686
15901 0.000381676
15902 0.000381665
15903 0.000381654
15904 0.000381643
15905 0.000381632
15906 0.000381622
15907 0.000381611
15908 0.0003816
15909 0.000381589
15910 0.000381579
15911 0.000381568
15912 0.000381557
15913 0.000381546
15914 0.000381536
15915 0.000381525
15916 0.000381514
15917 0.000381503
15918 0.000381492
15919 0.000381482
15920 0.000381471
15921 0.00038146
15922 0.000381449
15923 0.000381439
15924 0.000381428
15925 0.000381417
15926 0.000381406
15927 0.000381396
15928 0.000381385
15929 0.000381374
15930 0.000381363
15931 0.000381353
15932 0.000381342
15933 0.000381331
15934 0.000381321
15935 0.00038131
15936 0.000381299
15937 0.000381288
15938 0.000381278
15939 0.000381267
15940 0.000381256
15941 0.000381245
15942 0.000381235
15943 0.000381224
15944 0.000381213
15945 0.000381202
15946 0.000381192
15947 0.000381181
15948 0.00038117
15949 0.00038116
15950 0.000381149
15951 0.000381138
15952 0.000381127
15953 0.000381117
15954 0.000381106
15955 0.000381095
15956 0.000381085
15957 0.000381074
15958 0.000381063
15959 0.000381052
15960 0.000381042
15961 0.000381031
15962 0.00038102
15963 0.00038101
15964 0.000380999
15965 0.000380988
15966 0.000380977
15967 0.000380967
15968 0.000380956
15969 0.000380945
15970 0.000380935
15971 0.000380924
15972 0.000380913
15973 0.000380903
15974 0.000380892
15975 0.000380881
15976 0.00038087
15977 0.00038086
15978 0.000380849
15979 0.000380838
15980 0.000380828
15981 0.000380817
15982 0.000380806
15983 0.000380796
15984 0.000380785
15985 0.000380774
15986 0.000380764
15987 0.000380753
15988 0.000380742
15989 0.000380732
15990 0.000380721
15991 0.00038071
15992 0.0003807
15993 0.000380689
15994 0.000380678
15995 0.000380667
15996 0.000380657
15997 0.000380646
15998 0.000380635
15999 0.000380625
16000 0.000380614
16001 0.000380603
16002 0.000380593
16003 0.000380582
16004 0.000380571
16005 0.000380561
16006 0.00038055
16007 0.000380539
16008 0.000380529
16009 0.000380518
16010 0.000380508
16011 0.000380497
16012 0.000380486
16013 0.000380476
16014 0.000380465
16015 0.000380454
16016 0.000380444
16017 0.000380433
16018 0.000380422
16019 0.000380412
16020 0.000380401
16021 0.00038039
16022 0.00038038
16023 0.000380369
16024 0.000380358
16025 0.000380348
16026 0.000380337
16027 0.000380327
16028 0.000380316
16029 0.000380305
16030 0.000380295
16031 0.000380284
16032 0.000380273
16033 0.000380263
16034 0.000380252
16035 0.000380241
16036 0.000380231
16037 0.00038022
16038 0.00038021
16039 0.000380199
16040 0.000380188
16041 0.000380178
16042 0.000380167
16043 0.000380156
16044 0.000380146
16045 0.000380135
16046 0.000380125
16047 0.000380114
16048 0.000380103
16049 0.000380093
16050 0.000380082
16051 0.000380071
16052 0.000380061
16053 0.00038005
16054 0.00038004
16055 0.000380029
16056 0.000380018
16057 0.000380008
16058 0.000379997
16059 0.000379987
16060 0.000379976
16061 0.000379965
16062 0.000379955
16063 0.000379944
16064 0.000379934
16065 0.000379923
16066 0.000379912
16067 0.000379902
16068 0.000379891
16069 0.000379881
16070 0.00037987
16071 0.000379859
16072 0.000379849
16073 0.000379838
16074 0.000379828
16075 0.000379817
16076 0.000379807
16077 0.000379796
16078 0.000379785
16079 0.000379775
16080 0.000379764
16081 0.000379754
16082 0.000379743
16083 0.000379732
16084 0.000379722
16085 0.000379711
16086 0.000379701
16087 0.00037969
16088 0.00037968
16089 0.000379669
16090 0.000379658
16091 0.000379648
16092 0.000379637
16093 0.000379627
16094 0.000379616
16095 0.000379606
16096 0.000379595
16097 0.000379585
16098 0.000379574
16099 0.000379563
16100 0.000379553
16101 0.000379542
16102 0.000379532
16103 0.000379521
16104 0.000379511
16105 0.0003795
16106 0.00037949
16107 0.000379479
16108 0.000379468
16109 0.000379458
16110 0.000379447
16111 0.000379437
16112 0.000379426
16113 0.000379416
16114 0.000379405
16115 0.000379395
16116 0.000379384
16117 0.000379374
16118 0.000379363
16119 0.000379352
16120 0.000379342
16121 0.000379331
16122 0.000379321
16123 0.00037931
16124 0.0003793
16125 0.000379289
16126 0.000379279
16127 0.000379268
16128 0.000379258
16129 0.000379247
16130 0.000379237
16131 0.000379226
16132 0.000379216
16133 0.000379205
16134 0.000379195
16135 0.000379184
16136 0.000379174
16137 0.000379163
16138 0.000379153
16139 0.000379142
16140 0.000379132
16141 0.000379121
16142 0.000379111
16143 0.0003791
16144 0.00037909
16145 0.000379079
16146 0.000379069
16147 0.000379058
16148 0.000379048
16149 0.000379037
16150 0.000379027
16151 0.000379016
16152 0.000379006
16153 0.000378995
16154 0.000378985
16155 0.000378974
16156 0.000378964
16157 0.000378953
16158 0.000378943
16159 0.000378932
16160 0.000378922
16161 0.000378911
16162 0.000378901
16163 0.00037889
16164 0.00037888
16165 0.000378869
16166 0.000378859
16167 0.000378848
16168 0.000378838
16169 0.000378827
16170 0.000378817
16171 0.000378806
16172 0.000378796
16173 0.000378785
16174 0.000378775
16175 0.000378764
16176 0.000378754
16177 0.000378744
16178 0.000378733
16179 0.000378723
16180 0.000378712
16181 0.000378702
16182 0.000378691
16183 0.000378681
16184 0.00037867
16185 0.00037866
16186 0.000378649
16187 0.000378639
16188 0.000378629
16189 0.000378618
16190 0.000378608
16191 0.000378597
16192 0.000378587
16193 0.000378576
16194 0.000378566
16195 0.000378555
16196 0.000378545
16197 0.000378535
16198 0.000378524
16199 0.000378514
16200 0.000378503
16201 0.000378493
16202 0.000378482
16203 0.000378472
16204 0.000378461
16205 0.000378451
16206 0.000378441
16207 0.00037843
16208 0.00037842
16209 0.000378409
16210 0.000378399
16211 0.000378388
16212 0.000378378
16213 0.000378368
16214 0.000378357
16215 0.000378347
16216 0.000378336
16217 0.000378326
16218 0.000378316
16219 0.000378305
16220 0.000378295
16221 0.000378284
16222 0.000378274
16223 0.000378264
16224 0.000378253
16225 0.000378243
16226 0.000378232
16227 0.000378222
16228 0.000378211
16229 0.000378201
16230 0.000378191
16231 0.00037818
16232 0.00037817
16233 0.000378159
16234 0.000378149
16235 0.000378139
16236 0.000378128
16237 0.000378118
16238 0.000378108
16239 0.000378097
16240 0.000378087
16241 0.000378076
16242 0.000378066
16243 0.000378056
16244 0.000378045
16245 0.000378035
16246 0.000378024
16247 0.000378014
16248 0.000378004
16249 0.000377993
16250 0.000377983
16251 0.000377973
16252 0.000377962
16253 0.000377952
16254 0.000377941
16255 0.000377931
16256 0.000377921
16257 0.00037791
16258 0.0003779
16259 0.00037789
16260 0.000377879
16261 0.000377869
16262 0.000377859
16263 0.000377848
16264 0.000377838
16265 0.000377827
16266 0.000377817
16267 0.000377807
16268 0.000377796
16269 0.000377786
16270 0.000377776
16271 0.000377765
16272 0.000377755
16273 0.000377745
16274 0.000377734
16275 0.000377724
16276 0.000377714
16277 0.000377703
16278 0.000377693
16279 0.000377683
16280 0.000377672
16281 0.000377662
16282 0.000377652
16283 0.000377641
16284 0.000377631
16285 0.000377621
16286 0.00037761
16287 0.0003776
16288 0.00037759
16289 0.000377579
16290 0.000377569
16291 0.000377559
16292 0.000377548
16293 0.000377538
16294 0.000377528
16295 0.000377517
16296 0.000377507
16297 0.000377497
16298 0.000377486
16299 0.000377476
16300 0.000377466
16301 0.000377455
16302 0.000377445
16303 0.000377435
16304 0.000377424
16305 0.000377414
16306 0.000377404
16307 0.000377393
16308 0.000377383
16309 0.000377373
16310 0.000377362
16311 0.000377352
16312 0.000377342
16313 0.000377332
16314 0.000377321
16315 0.000377311
16316 0.000377301
16317 0.00037729
16318 0.00037728
16319 0.00037727
16320 0.000377259
16321 0.000377249
16322 0.000377239
16323 0.000377229
16324 0.000377218
16325 0.000377208
16326 0.000377198
16327 0.000377187
16328 0.000377177
16329 0.000377167
16330 0.000377156
16331 0.000377146
16332 0.000377136
16333 0.000377126
16334 0.000377115
16335 0.000377105
16336 0.000377095
16337 0.000377085
16338 0.000377074
16339 0.000377064
16340 0.000377054
16341 0.000377043
16342 0.000377033
16343 0.000377023
16344 0.000377013
16345 0.000377002
16346 0.000376992
16347 0.000376982
16348 0.000376971
16349 0.000376961
16350 0.000376951
16351 0.000376941
16352 0.00037693
16353 0.00037692
16354 0.00037691
16355 0.0003769
16356 0.000376889
16357 0.000376879
16358 0.000376869
16359 0.000376859
16360 0.000376848
16361 0.000376838
16362 0.000376828
16363 0.000376818
16364 0.000376807
16365 0.000376797
16366 0.000376787
16367 0.000376777
16368 0.000376766
16369 0.000376756
16370 0.000376746
16371 0.000376736
16372 0.000376725
16373 0.000376715
16374 0.000376705
16375 0.000376695
16376 0.000376684
16377 0.000376674
16378 0.000376664
16379 0.000376654
16380 0.000376643
16381 0.000376633
16382 0.000376623
16383 0.000376613
16384 0.000376602
16385 0.000376592
16386 0.000376582
16387 0.000376572
16388 0.000376562
16389 0.000376551
16390 0.000376541
16391 0.000376531
16392 0.000376521
16393 0.00037651
16394 0.0003765
16395 0.00037649
16396 0.00037648
16397 0.000376469
16398 0.000376459
16399 0.000376449
16400 0.000376439
16401 0.000376429
16402 0.000376418
16403 0.000376408
16404 0.000376398
16405 0.000376388
16406 0.000376378
16407 0.000376367
16408 0.000376357
16409 0.000376347
16410 0.000376337
16411 0.000376326
16412 0.000376316
16413 0.000376306
16414 0.000376296
16415 0.000376286
16416 0.000376275
16417 0.000376265
16418 0.000376255
16419 0.000376245
16420 0.000376235
16421 0.000376224
16422 0.000376214
16423 0.000376204
16424 0.000376194
16425 0.000376184
16426 0.000376173
16427 0.000376163
16428 0.000376153
16429 0.000376143
16430 0.000376133
16431 0.000376123
16432 0.000376112
16433 0.000376102
16434 0.000376092
16435 0.000376082
16436 0.000376072
16437 0.000376061
16438 0.000376051
16439 0.000376041
16440 0.000376031
16441 0.000376021
16442 0.000376011
16443 0.000376
16444 0.00037599
16445 0.00037598
16446 0.00037597
16447 0.00037596
16448 0.000375949
16449 0.000375939
16450 0.000375929
16451 0.000375919
16452 0.000375909
16453 0.000375899
16454 0.000375888
16455 0.000375878
16456 0.000375868
16457 0.000375858
16458 0.000375848
16459 0.000375838
16460 0.000375827
16461 0.000375817
16462 0.000375807
16463 0.000375797
16464 0.000375787
16465 0.000375777
16466 0.000375767
16467 0.000375756
16468 0.000375746
16469 0.000375736
16470 0.000375726
16471 0.000375716
16472 0.000375706
16473 0.000375695
16474 0.000375685
16475 0.000375675
16476 0.000375665
16477 0.000375655
16478 0.000375645
16479 0.000375635
16480 0.000375624
16481 0.000375614
16482 0.000375604
16483 0.000375594
16484 0.000375584
16485 0.000375574
16486 0.000375564
16487 0.000375554
16488 0.000375543
16489 0.000375533
16490 0.000375523
16491 0.000375513
16492 0.000375503
16493 0.000375493
16494 0.000375483
16495 0.000375472
16496 0.000375462
16497 0.000375452
16498 0.000375442
16499 0.000375432
16500 0.000375422
16501 0.000375412
16502 0.000375402
16503 0.000375391
16504 0.000375381
16505 0.000375371
16506 0.000375361
16507 0.000375351
16508 0.000375341
16509 0.000375331
16510 0.000375321
16511 0.000375311
16512 0.0003753
16513 0.00037529
16514 0.00037528
16515 0.00037527
16516 0.00037526
16517 0.00037525
16518 0.00037524
16519 0.00037523
16520 0.00037522
16521 0.00037521
16522 0.000375199
16523 0.000375189
16524 0.000375179
16525 0.000375169
16526 0.000375159
16527 0.000375149
16528 0.000375139
16529 0.000375129
16530 0.000375119
16531 0.000375109
16532 0.000375099
16533 0.000375088
16534 0.000375078
16535 0.000375068
16536 0.000375058
16537 0.000375048
16538 0.000375038
16539 0.000375028
16540 0.000375018
16541 0.000375008
16542 0.000374998
16543 0.000374988
16544 0.000374978
16545 0.000374967
16546 0.000374957
16547 0.000374947
16548 0.000374937
16549 0.000374927
16550 0.000374917
16551 0.000374907
16552 0.000374897
16553 0.000374887
16554 0.000374877
16555 0.000374867
16556 0.000374857
16557 0.000374847
16558 0.000374837
16559 0.000374827
16560 0.000374816
16561 0.000374806
16562 0.000374796
16563 0.000374786
16564 0.000374776
16565 0.000374766
16566 0.000374756
16567 0.000374746
16568 0.000374736
16569 0.000374726
16570 0.000374716
16571 0.000374706
16572 0.000374696
16573 0.000374686
16574 0.000374676
16575 0.000374666
16576 0.000374656
16577 0.000374646
16578 0.000374636
16579 0.000374626
16580 0.000374616
16581 0.000374606
16582 0.000374595
16583 0.000374585
16584 0.000374575
16585 0.000374565
16586 0.000374555
16587 0.000374545
16588 0.000374535
16589 0.000374525
16590 0.000374515
16591 0.000374505
16592 0.000374495
16593 0.000374485
16594 0.000374475
16595 0.000374465
16596 0.000374455
16597 0.000374445
16598 0.000374435
16599 0.000374425
16600 0.000374415
16601 0.000374405
16602 0.000374395
16603 0.000374385
16604 0.000374375
16605 0.000374365
16606 0.000374355
16607 0.000374345
16608 0.000374335
16609 0.000374325
16610 0.000374315
16611 0.000374305
16612 0.000374295
16613 0.000374285
16614 0.000374275
16615 0.000374265
16616 0.000374255
16617 0.000374245
16618 0.000374235
16619 0.000374225
16620 0.000374215
16621 0.000374205
16622 0.000374195
16623 0.000374185
16624 0.000374175
16625 0.000374165
16626 0.000374155
16627 0.000374145
16628 0.000374135
16629 0.000374125
16630 0.000374115
16631 0.000374105
16632 0.000374095
16633 0.000374085
16634 0.000374075
16635 0.000374065
16636 0.000374055
16637 0.000374045
16638 0.000374035
16639 0.000374025
16640 0.000374015
16641 0.000374005
16642 0.000373995
16643 0.000373985
16644 0.000373975
16645 0.000373965
16646 0.000373955
16647 0.000373945
16648 0.000373935
16649 0.000373926
16650 0.000373916
16651 0.000373906
16652 0.000373896
16653 0.000373886
16654 0.000373876
16655 0.000373866
16656 0.000373856
16657 0.000373846
16658 0.000373836
16659 0.000373826
16660 0.000373816
16661 0.000373806
16662 0.000373796
16663 0.000373786
16664 0.000373776
16665 0.000373766
16666 0.000373756
16667 0.000373746
16668 0.000373736
16669 0.000373726
16670 0.000373717
16671 0.000373707
16672 0.000373697
16673 0.000373687
16674 0.000373677
16675 0.000373667
16676 0.000373657
16677 0.000373647
16678 0.000373637
16679 0.000373627
16680 0.000373617
16681 0.000373607
16682 0.000373597
16683 0.000373587
16684 0.000373577
16685 0.000373567
16686 0.000373558
16687 0.000373548
16688 0.000373538
16689 0.000373528
16690 0.000373518
16691 0.000373508
16692 0.000373498
16693 0.000373488
16694 0.000373478
16695 0.000373468
16696 0.000373458
16697 0.000373448
16698 0.000373439
16699 0.000373429
16700 0.000373419
16701 0.000373409
16702 0.000373399
16703 0.000373389
16704 0.000373379
16705 0.000373369
16706 0.000373359
16707 0.000373349
16708 0.000373339
16709 0.00037333
16710 0.00037332
16711 0.00037331
16712 0.0003733
16713 0.00037329
16714 0.00037328
16715 0.00037327
16716 0.00037326
16717 0.00037325
16718 0.00037324
16719 0.000373231
16720 0.000373221
16721 0.000373211
16722 0.000373201
16723 0.000373191
16724 0.000373181
16725 0.000373171
16726 0.000373161
16727 0.000373151
16728 0.000373142
16729 0.000373132
16730 0.000373122
16731 0.000373112
16732 0.000373102
16733 0.000373092
16734 0.000373082
16735 0.000373072
16736 0.000373062
16737 0.000373053
16738 0.000373043
16739 0.000373033
16740 0.000373023
16741 0.000373013
16742 0.000373003
16743 0.000372993
16744 0.000372983
16745 0.000372974
16746 0.000372964
16747 0.000372954
16748 0.000372944
16749 0.000372934
16750 0.000372924
16751 0.000372914
16752 0.000372905
16753 0.000372895
16754 0.000372885
16755 0.000372875
16756 0.000372865
16757 0.000372855
16758 0.000372845
16759 0.000372836
16760 0.000372826
16761 0.000372816
16762 0.000372806
16763 0.000372796
16764 0.000372786
16765 0.000372776
16766 0.000372767
16767 0.000372757
16768 0.000372747
16769 0.000372737
16770 0.000372727
16771 0.000372717
16772 0.000372707
16773 0.000372698
16774 0.000372688
16775 0.000372678
16776 0.000372668
16777 0.000372658
16778 0.000372648
16779 0.000372639
16780 0.000372629
16781 0.000372619
16782 0.000372609
16783 0.000372599
16784 0.000372589
16785 0.00037258
16786 0.00037257
16787 0.00037256
16788 0.00037255
16789 0.00037254
16790 0.00037253
16791 0.000372521
16792 0.000372511
16793 0.000372501
16794 0.000372491
16795 0.000372481
16796 0.000372471
16797 0.000372462
16798 0.000372452
16799 0.000372442
16800 0.000372432
16801 0.000372422
16802 0.000372413
16803 0.000372403
16804 0.000372393
16805 0.000372383
16806 0.000372373
16807 0.000372363
16808 0.000372354
16809 0.000372344
16810 0.000372334
16811 0.000372324
16812 0.000372314
16813 0.000372305
16814 0.000372295
16815 0.000372285
16816 0.000372275
16817 0.000372265
16818 0.000372256
16819 0.000372246
16820 0.000372236
16821 0.000372226
16822 0.000372216
16823 0.000372207
16824 0.000372197
16825 0.000372187
16826 0.000372177
16827 0.000372167
16828 0.000372158
16829 0.000372148
16830 0.000372138
16831 0.000372128
16832 0.000372118
16833 0.000372109
16834 0.000372099
16835 0.000372089
16836 0.000372079
16837 0.000372069
16838 0.00037206
16839 0.00037205
16840 0.00037204
16841 0.00037203
16842 0.00037202
16843 0.000372011
16844 0.000372001
16845 0.000371991
16846 0.000371981
16847 0.000371972
16848 0.000371962
16849 0.000371952
16850 0.000371942
16851 0.000371932
16852 0.000371923
16853 0.000371913
16854 0.000371903
16855 0.000371893
16856 0.000371884
16857 0.000371874
16858 0.000371864
16859 0.000371854
16860 0.000371845
16861 0.000371835
16862 0.000371825
16863 0.000371815
16864 0.000371805
16865 0.000371796
16866 0.000371786
16867 0.000371776
16868 0.000371766
16869 0.000371757
16870 0.000371747
16871 0.000371737
16872 0.000371727
16873 0.000371718
16874 0.000371708
16875 0.000371698
16876 0.000371688
16877 0.000371679
16878 0.000371669
16879 0.000371659
16880 0.000371649
16881 0.00037164
16882 0.00037163
16883 0.00037162
16884 0.00037161
16885 0.000371601
16886 0.000371591
16887 0.000371581
16888 0.000371571
16889 0.000371562
16890 0.000371552
16891 0.000371542
16892 0.000371532
16893 0.000371523
16894 0.000371513
16895 0.000371503
16896 0.000371493
16897 0.000371484
16898 0.000371474
16899 0.000371464
16900 0.000371454
16901 0.000371445
16902 0.000371435
16903 0.000371425
16904 0.000371416
16905 0.000371406
16906 0.000371396
16907 0.000371386
16908 0.000371377
16909 0.000371367
16910 0.000371357
16911 0.000371347
16912 0.000371338
16913 0.000371328
16914 0.000371318
16915 0.000371309
16916 0.000371299
16917 0.000371289
16918 0.000371279
16919 0.00037127
16920 0.00037126
16921 0.00037125
16922 0.000371241
16923 0.000371231
16924 0.000371221
16925 0.000371211
16926 0.000371202
16927 0.000371192
16928 0.000371182
16929 0.000371173
16930 0.000371163
16931 0.000371153
16932 0.000371143
16933 0.000371134
16934 0.000371124
16935 0.000371114
16936 0.000371105
16937 0.000371095
16938 0.000371085
16939 0.000371076
16940 0.000371066
16941 0.000371056
16942 0.000371046
16943 0.000371037
16944 0.000371027
16945 0.000371017
16946 0.000371008
16947 0.000370998
16948 0.000370988
16949 0.000370979
16950 0.000370969
16951 0.000370959
16952 0.00037095
16953 0.00037094
16954 0.00037093
16955 0.000370921
16956 0.000370911
16957 0.000370901
16958 0.000370891
16959 0.000370882
16960 0.000370872
16961 0.000370862
16962 0.000370853
16963 0.000370843
16964 0.000370833
16965 0.000370824
16966 0.000370814
16967 0.000370804
16968 0.000370795
16969 0.000370785
16970 0.000370775
16971 0.000370766
16972 0.000370756
16973 0.000370746
16974 0.000370737
16975 0.000370727
16976 0.000370717
16977 0.000370708
16978 0.000370698
16979 0.000370688
16980 0.000370679
16981 0.000370669
16982 0.000370659
16983 0.00037065
16984 0.00037064
16985 0.00037063
16986 0.000370621
16987 0.000370611
16988 0.000370601
16989 0.000370592
16990 0.000370582
16991 0.000370573
16992 0.000370563
16993 0.000370553
16994 0.000370544
16995 0.000370534
16996 0.000370524
16997 0.000370515
16998 0.000370505
16999 0.000370495
17000 0.000370486
17001 0.000370476
17002 0.000370466
17003 0.000370457
17004 0.000370447
17005 0.000370438
17006 0.000370428
17007 0.000370418
17008 0.000370409
17009 0.000370399
17010 0.000370389
17011 0.00037038
17012 0.00037037
17013 0.00037036
17014 0.000370351
17015 0.000370341
17016 0.000370332
17017 0.000370322
17018 0.000370312
17019 0.000370303
17020 0.000370293
17021 0.000370283
17022 0.000370274
17023 0.000370264
17024 0.000370255
17025 0.000370245
17026 0.000370235
17027 0.000370226
17028 0.000370216
17029 0.000370206
17030 0.000370197
17031 0.000370187
17032 0.000370178
17033 0.000370168
17034 0.000370158
17035 0.000370149
17036 0.000370139
17037 0.00037013
17038 0.00037012
17039 0.00037011
17040 0.000370101
17041 0.000370091
17042 0.000370082
17043 0.000370072
17044 0.000370062
17045 0.000370053
17046 0.000370043
17047 0.000370034
17048 0.000370024
17049 0.000370014
17050 0.000370005
17051 0.000369995
17052 0.000369986
17053 0.000369976
17054 0.000369966
17055 0.000369957
17056 0.000369947
17057 0.000369938
17058 0.000369928
17059 0.000369918
17060 0.000369909
17061 0.000369899
17062 0.00036989
17063 0.00036988
17064 0.000369871
17065 0.000369861
17066 0.000369851
17067 0.000369842
17068 0.000369832
17069 0.000369823
17070 0.000369813
17071 0.000369803
17072 0.000369794
17073 0.000369784
17074 0.000369775
17075 0.000369765
17076 0.000369756
17077 0.000369746
17078 0.000369736
17079 0.000369727
17080 0.000369717
17081 0.000369708
17082 0.000369698
17083 0.000369689
17084 0.000369679
17085 0.000369669
17086 0.00036966
17087 0.00036965
17088 0.000369641
17089 0.000369631
17090 0.000369622
17091 0.000369612
17092 0.000369603
17093 0.000369593
17094 0.000369583
17095 0.000369574
17096 0.000369564
17097 0.000369555
17098 0.000369545
17099 0.000369536
17100 0.000369526
17101 0.000369517
17102 0.000369507
17103 0.000369497
17104 0.000369488
17105 0.000369478
17106 0.000369469
17107 0.000369459
17108 0.00036945
17109 0.00036944
17110 0.000369431
17111 0.000369421
17112 0.000369412
17113 0.000369402
17114 0.000369393
17115 0.000369383
17116 0.000369373
17117 0.000369364
17118 0.000369354
17119 0.000369345
17120 0.000369335
17121 0.000369326
17122 0.000369316
17123 0.000369307
17124 0.000369297
17125 0.000369288
17126 0.000369278
17127 0.000369269
17128 0.000369259
17129 0.00036925
17130 0.00036924
17131 0.00036923
17132 0.000369221
17133 0.000369211
17134 0.000369202
17135 0.000369192
17136 0.000369183
17137 0.000369173
17138 0.000369164
17139 0.000369154
17140 0.000369145
17141 0.000369135
17142 0.000369126
17143 0.000369116
17144 0.000369107
17145 0.000369097
17146 0.000369088
17147 0.000369078
17148 0.000369069
17149 0.000369059
17150 0.00036905
17151 0.00036904
17152 0.000369031
17153 0.000369021
17154 0.000369012
17155 0.000369002
17156 0.000368993
17157 0.000368983
17158 0.000368974
17159 0.000368964
17160 0.000368955
17161 0.000368945
17162 0.000368936
17163 0.000368926
17164 0.000368917
17165 0.000368907
17166 0.000368898
17167 0.000368888
17168 0.000368879
17169 0.000368869
17170 0.00036886
17171 0.00036885
17172 0.000368841
17173 0.000368831
17174 0.000368822
17175 0.000368812
17176 0.000368803
17177 0.000368793
17178 0.000368784
17179 0.000368774
17180 0.000368765
17181 0.000368755
17182 0.000368746
17183 0.000368736
17184 0.000368727
17185 0.000368717
17186 0.000368708
17187 0.000368698
17188 0.000368689
17189 0.00036868
17190 0.00036867
17191 0.000368661
17192 0.000368651
17193 0.000368642
17194 0.000368632
17195 0.000368623
17196 0.000368613
17197 0.000368604
17198 0.000368594
17199 0.000368585
17200 0.000368575
17201 0.000368566
17202 0.000368556
17203 0.000368547
17204 0.000368537
17205 0.000368528
17206 0.000368519
17207 0.000368509
17208 0.0003685
17209 0.00036849
17210 0.000368481
17211 0.000368471
17212 0.000368462
17213 0.000368452
17214 0.000368443
17215 0.000368433
17216 0.000368424
17217 0.000368415
17218 0.000368405
17219 0.000368396
17220 0.000368386
17221 0.000368377
17222 0.000368367
17223 0.000368358
17224 0.000368348
17225 0.000368339
17226 0.000368329
17227 0.00036832
17228 0.000368311
17229 0.000368301
17230 0.000368292
17231 0.000368282
17232 0.000368273
17233 0.000368263
17234 0.000368254
17235 0.000368245
17236 0.000368235
17237 0.000368226
17238 0.000368216
17239 0.000368207
17240 0.000368197
17241 0.000368188
17242 0.000368178
17243 0.000368169
17244 0.00036816
17245 0.00036815
17246 0.000368141
17247 0.000368131
17248 0.000368122
17249 0.000368112
17250 0.000368103
17251 0.000368094
17252 0.000368084
17253 0.000368075
17254 0.000368065
17255 0.000368056
17256 0.000368046
17257 0.000368037
17258 0.000368028
17259 0.000368018
17260 0.000368009
17261 0.000367999
17262 0.00036799
17263 0.000367981
17264 0.000367971
17265 0.000367962
17266 0.000367952
17267 0.000367943
17268 0.000367933
17269 0.000367924
17270 0.000367915
17271 0.000367905
17272 0.000367896
17273 0.000367886
17274 0.000367877
17275 0.000367868
17276 0.000367858
17277 0.000367849
17278 0.000367839
17279 0.00036783
17280 0.000367821
17281 0.000367811
17282 0.000367802
17283 0.000367792
17284 0.000367783
17285 0.000367774
17286 0.000367764
17287 0.000367755
17288 0.000367745
17289 0.000367736
17290 0.000367727
17291 0.000367717
17292 0.000367708
17293 0.000367698
17294 0.000367689
17295 0.00036768
17296 0.00036767
17297 0.000367661
17298 0.000367651
17299 0.000367642
17300 0.000367633
17301 0.000367623
17302 0.000367614
17303 0.000367604
17304 0.000367595
17305 0.000367586
17306 0.000367576
17307 0.000367567
17308 0.000367558
17309 0.000367548
17310 0.000367539
17311 0.000367529
17312 0.00036752
17313 0.000367511
17314 0.000367501
17315 0.000367492
17316 0.000367482
17317 0.000367473
17318 0.000367464
17319 0.000367454
17320 0.000367445
17321 0.000367436
17322 0.000367426
17323 0.000367417
17324 0.000367408
17325 0.000367398
17326 0.000367389
17327 0.000367379
17328 0.00036737
17329 0.000367361
17330 0.000367351
17331 0.000367342
17332 0.000367333
17333 0.000367323
17334 0.000367314
17335 0.000367304
17336 0.000367295
17337 0.000367286
17338 0.000367276
17339 0.000367267
17340 0.000367258
17341 0.000367248
17342 0.000367239
17343 0.00036723
17344 0.00036722
17345 0.000367211
17346 0.000367202
17347 0.000367192
17348 0.000367183
17349 0.000367174
17350 0.000367164
17351 0.000367155
17352 0.000367145
17353 0.000367136
17354 0.000367127
17355 0.000367117
17356 0.000367108
17357 0.000367099
17358 0.000367089
17359 0.00036708
17360 0.000367071
17361 0.000367061
17362 0.000367052
17363 0.000367043
17364 0.000367033
17365 0.000367024
17366 0.000367015
17367 0.000367005
17368 0.000366996
17369 0.000366987
17370 0.000366977
17371 0.000366968
17372 0.000366959
17373 0.000366949
17374 0.00036694
17375 0.000366931
17376 0.000366921
17377 0.000366912
17378 0.000366903
17379 0.000366893
17380 0.000366884
17381 0.000366875
17382 0.000366865
17383 0.000366856
17384 0.000366847
17385 0.000366837
17386 0.000366828
17387 0.000366819
17388 0.000366809
17389 0.0003668
17390 0.000366791
17391 0.000366782
17392 0.000366772
17393 0.000366763
17394 0.000366754
17395 0.000366744
17396 0.000366735
17397 0.000366726
17398 0.000366716
17399 0.000366707
17400 0.000366698
17401 0.000366688
17402 0.000366679
17403 0.00036667
17404 0.000366661
17405 0.000366651
17406 0.000366642
17407 0.000366633
17408 0.000366623
17409 0.000366614
17410 0.000366605
17411 0.000366595
17412 0.000366586
17413 0.000366577
17414 0.000366567
17415 0.000366558
17416 0.000366549
17417 0.00036654
17418 0.00036653
17419 0.000366521
17420 0.000366512
17421 0.000366502
17422 0.000366493
17423 0.000366484
17424 0.000366475
17425 0.000366465
17426 0.000366456
17427 0.000366447
17428 0.000366437
17429 0.000366428
17430 0.000366419
17431 0.00036641
17432 0.0003664
17433 0.000366391
17434 0.000366382
17435 0.000366372
17436 0.000366363
17437 0.000366354
17438 0.000366345
17439 0.000366335
17440 0.000366326
17441 0.000366317
17442 0.000366307
17443 0.000366298
17444 0.000366289
17445 0.00036628
17446 0.00036627
17447 0.000366261
17448 0.000366252
17449 0.000366243
17450 0.000366233
17451 0.000366224
17452 0.000366215
17453 0.000366206
17454 0.000366196
17455 0.000366187
17456 0.000366178
17457 0.000366168
17458 0.000366159
17459 0.00036615
17460 0.000366141
17461 0.000366131
17462 0.000366122
17463 0.000366113
17464 0.000366104
17465 0.000366094
17466 0.000366085
17467 0.000366076
17468 0.000366067
17469 0.000366057
17470 0.000366048
17471 0.000366039
17472 0.00036603
17473 0.00036602
17474 0.000366011
17475 0.000366002
17476 0.000365993
17477 0.000365983
17478 0.000365974
17479 0.000365965
17480 0.000365956
17481 0.000365946
17482 0.000365937
17483 0.000365928
17484 0.000365919
17485 0.000365909
17486 0.0003659
17487 0.000365891
17488 0.000365882
17489 0.000365872
17490 0.000365863
17491 0.000365854
17492 0.000365845
17493 0.000365836
17494 0.000365826
17495 0.000365817
17496 0.000365808
17497 0.000365799
17498 0.000365789
17499 0.00036578
17500 0.000365771
17501 0.000365762
17502 0.000365752
17503 0.000365743
17504 0.000365734
17505 0.000365725
17506 0.000365716
17507 0.000365706
17508 0.000365697
17509 0.000365688
17510 0.000365679
17511 0.000365669
17512 0.00036566
17513 0.000365651
17514 0.000365642
17515 0.000365633
17516 0.000365623
17517 0.000365614
17518 0.000365605
17519 0.000365596
17520 0.000365587
17521 0.000365577
17522 0.000365568
17523 0.000365559
17524 0.00036555
17525 0.00036554
17526 0.000365531
17527 0.000365522
17528 0.000365513
17529 0.000365504
17530 0.000365494
17531 0.000365485
17532 0.000365476
17533 0.000365467
17534 0.000365458
17535 0.000365448
17536 0.000365439
17537 0.00036543
17538 0.000365421
17539 0.000365412
17540 0.000365402
17541 0.000365393
17542 0.000365384
17543 0.000365375
17544 0.000365366
17545 0.000365356
17546 0.000365347
17547 0.000365338
17548 0.000365329
17549 0.00036532
17550 0.000365311
17551 0.000365301
17552 0.000365292
17553 0.000365283
17554 0.000365274
17555 0.000365265
17556 0.000365255
17557 0.000365246
17558 0.000365237
17559 0.000365228
17560 0.000365219
17561 0.000365209
17562 0.0003652
17563 0.000365191
17564 0.000365182
17565 0.000365173
17566 0.000365164
17567 0.000365154
17568 0.000365145
17569 0.000365136
17570 0.000365127
17571 0.000365118
17572 0.000365109
17573 0.000365099
17574 0.00036509
17575 0.000365081
17576 0.000365072
17577 0.000365063
17578 0.000365054
17579 0.000365044
17580 0.000365035
17581 0.000365026
17582 0.000365017
17583 0.000365008
17584 0.000364999
17585 0.000364989
17586 0.00036498
17587 0.000364971
17588 0.000364962
17589 0.000364953
17590 0.000364944
17591 0.000364934
17592 0.000364925
17593 0.000364916
17594 0.000364907
17595 0.000364898
17596 0.000364889
17597 0.000364879
17598 0.00036487
17599 0.000364861
17600 0.000364852
17601 0.000364843
17602 0.000364834
17603 0.000364825
17604 0.000364815
17605 0.000364806
17606 0.000364797
17607 0.000364788
17608 0.000364779
17609 0.00036477
17610 0.000364761
17611 0.000364751
17612 0.000364742
17613 0.000364733
17614 0.000364724
17615 0.000364715
17616 0.000364706
17617 0.000364697
17618 0.000364687
17619 0.000364678
17620 0.000364669
17621 0.00036466
17622 0.000364651
17623 0.000364642
17624 0.000364633
17625 0.000364623
17626 0.000364614
17627 0.000364605
17628 0.000364596
17629 0.000364587
17630 0.000364578
17631 0.000364569
17632 0.00036456
17633 0.00036455
17634 0.000364541
17635 0.000364532
17636 0.000364523
17637 0.000364514
17638 0.000364505
17639 0.000364496
17640 0.000364486
17641 0.000364477
17642 0.000364468
17643 0.000364459
17644 0.00036445
17645 0.000364441
17646 0.000364432
17647 0.000364423
17648 0.000364414
17649 0.000364404
17650 0.000364395
17651 0.000364386
17652 0.000364377
17653 0.000364368
17654 0.000364359
17655 0.00036435
17656 0.000364341
17657 0.000364331
17658 0.000364322
17659 0.000364313
17660 0.000364304
17661 0.000364295
17662 0.000364286
17663 0.000364277
17664 0.000364268
17665 0.000364259
17666 0.00036425
17667 0.00036424
17668 0.000364231
17669 0.000364222
17670 0.000364213
17671 0.000364204
17672 0.000364195
17673 0.000364186
17674 0.000364177
17675 0.000364168
17676 0.000364158
17677 0.000364149
17678 0.00036414
17679 0.000364131
17680 0.000364122
17681 0.000364113
17682 0.000364104
17683 0.000364095
17684 0.000364086
17685 0.000364077
17686 0.000364068
17687 0.000364058
17688 0.000364049
17689 0.00036404
17690 0.000364031
17691 0.000364022
17692 0.000364013
17693 0.000364004
17694 0.000363995
17695 0.000363986
17696 0.000363977
17697 0.000363968
17698 0.000363959
17699 0.000363949
17700 0.00036394
17701 0.000363931
17702 0.000363922
17703 0.000363913
17704 0.000363904
17705 0.000363895
17706 0.000363886
17707 0.000363877
17708 0.000363868
17709 0.000363859
17710 0.00036385
17711 0.00036384
17712 0.000363831
17713 0.000363822
17714 0.000363813
17715 0.000363804
17716 0.000363795
17717 0.000363786
17718 0.000363777
17719 0.000363768
17720 0.000363759
17721 0.00036375
17722 0.000363741
17723 0.000363732
17724 0.000363723
17725 0.000363714
17726 0.000363704
17727 0.000363695
17728 0.000363686
17729 0.000363677
17730 0.000363668
17731 0.000363659
17732 0.00036365
17733 0.000363641
17734 0.000363632
17735 0.000363623
17736 0.000363614
17737 0.000363605
17738 0.000363596
17739 0.000363587
17740 0.000363578
17741 0.000363569
17742 0.00036356
17743 0.00036355
17744 0.000363541
17745 0.000363532
17746 0.000363523
17747 0.000363514
17748 0.000363505
17749 0.000363496
17750 0.000363487
17751 0.000363478
17752 0.000363469
17753 0.00036346
17754 0.000363451
17755 0.000363442
17756 0.000363433
17757 0.000363424
17758 0.000363415
17759 0.000363406
17760 0.000363397
17761 0.000363388
17762 0.000363379
17763 0.00036337
17764 0.000363361
17765 0.000363352
17766 0.000363342
17767 0.000363333
17768 0.000363324
17769 0.000363315
17770 0.000363306
17771 0.000363297
17772 0.000363288
17773 0.000363279
17774 0.00036327
17775 0.000363261
17776 0.000363252
17777 0.000363243
17778 0.000363234
17779 0.000363225
17780 0.000363216
17781 0.000363207
17782 0.000363198
17783 0.000363189
17784 0.00036318
17785 0.000363171
17786 0.000363162
17787 0.000363153
17788 0.000363144
17789 0.000363135
17790 0.000363126
17791 0.000363117
17792 0.000363108
17793 0.000363099
17794 0.00036309
17795 0.000363081
17796 0.000363072
17797 0.000363063
17798 0.000363054
17799 0.000363045
17800 0.000363036
17801 0.000363027
17802 0.000363018
17803 0.000363009
17804 0.000363
17805 0.000362991
17806 0.000362982
17807 0.000362973
17808 0.000362964
17809 0.000362955
17810 0.000362946
17811 0.000362937
17812 0.000362928
17813 0.000362919
17814 0.00036291
17815 0.000362901
17816 0.000362892
17817 0.000362883
17818 0.000362874
17819 0.000362865
17820 0.000362856
17821 0.000362847
17822 0.000362838
17823 0.000362829
17824 0.00036282
17825 0.000362811
17826 0.000362802
17827 0.000362793
17828 0.000362784
17829 0.000362775
17830 0.000362766
17831 0.000362757
17832 0.000362748
17833 0.000362739
17834 0.00036273
17835 0.000362721
17836 0.000362712
17837 0.000362703
17838 0.000362694
17839 0.000362685
17840 0.000362676
17841 0.000362667
17842 0.000362658
17843 0.000362649
17844 0.00036264
17845 0.000362631
17846 0.000362622
17847 0.000362613
17848 0.000362604
17849 0.000362595
17850 0.000362586
17851 0.000362577
17852 0.000362568
17853 0.000362559
17854 0.00036255
17855 0.000362541
17856 0.000362532
17857 0.000362523
17858 0.000362514
17859 0.000362505
17860 0.000362496
17861 0.000362487
17862 0.000362478
17863 0.000362469
17864 0.00036246
17865 0.000362452
17866 0.000362443
17867 0.000362434
17868 0.000362425
17869 0.000362416
17870 0.000362407
17871 0.000362398
17872 0.000362389
17873 0.00036238
17874 0.000362371
17875 0.000362362
17876 0.000362353
17877 0.000362344
17878 0.000362335
17879 0.000362326
17880 0.000362317
17881 0.000362308
17882 0.000362299
17883 0.00036229
17884 0.000362281
17885 0.000362272
17886 0.000362263
17887 0.000362254
17888 0.000362246
17889 0.000362237
17890 0.000362228
17891 0.000362219
17892 0.00036221
17893 0.000362201
17894 0.000362192
17895 0.000362183
17896 0.000362174
17897 0.000362165
17898 0.000362156
17899 0.000362147
17900 0.000362138
17901 0.000362129
17902 0.00036212
17903 0.000362111
17904 0.000362102
17905 0.000362094
17906 0.000362085
17907 0.000362076
17908 0.000362067
17909 0.000362058
17910 0.000362049
17911 0.00036204
17912 0.000362031
17913 0.000362022
17914 0.000362013
17915 0.000362004
17916 0.000361995
17917 0.000361986
17918 0.000361977
17919 0.000361969
17920 0.00036196
17921 0.000361951
17922 0.000361942
17923 0.000361933
17924 0.000361924
17925 0.000361915
17926 0.000361906
17927 0.000361897
17928 0.000361888
17929 0.000361879
17930 0.00036187
17931 0.000361861
17932 0.000361853
17933 0.000361844
17934 0.000361835
17935 0.000361826
17936 0.000361817
17937 0.000361808
17938 0.000361799
17939 0.00036179
17940 0.000361781
17941 0.000361772
17942 0.000361763
17943 0.000361754
17944 0.000361746
17945 0.000361737
17946 0.000361728
17947 0.000361719
17948 0.00036171
17949 0.000361701
17950 0.000361692
17951 0.000361683
17952 0.000361674
17953 0.000361665
17954 0.000361657
17955 0.000361648
17956 0.000361639
17957 0.00036163
17958 0.000361621
17959 0.000361612
17960 0.000361603
17961 0.000361594
17962 0.000361585
17963 0.000361576
17964 0.000361568
17965 0.000361559
17966 0.00036155
17967 0.000361541
17968 0.000361532
17969 0.000361523
17970 0.000361514
17971 0.000361505
17972 0.000361496
17973 0.000361487
17974 0.000361479
17975 0.00036147
17976 0.000361461
17977 0.000361452
17978 0.000361443
17979 0.000361434
17980 0.000361425
17981 0.000361416
17982 0.000361408
17983 0.000361399
17984 0.00036139
17985 0.000361381
17986 0.000361372
17987 0.000361363
17988 0.000361354
17989 0.000361345
17990 0.000361336
17991 0.000361328
17992 0.000361319
17993 0.00036131
17994 0.000361301
17995 0.000361292
17996 0.000361283
17997 0.000361274
17998 0.000361265
17999 0.000361257
18000 0.000361248
18001 0.000361239
18002 0.00036123
18003 0.000361221
18004 0.000361212
18005 0.000361203
18006 0.000361195
18007 0.000361186
18008 0.000361177
18009 0.000361168
18010 0.000361159
18011 0.00036115
18012 0.000361141
18013 0.000361132
18014 0.000361124
18015 0.000361115
18016 0.000361106
18017 0.000361097
18018 0.000361088
18019 0.000361079
18020 0.00036107
18021 0.000361062
18022 0.000361053
18023 0.000361044
18024 0.000361035
18025 0.000361026
18026 0.000361017
18027 0.000361008
18028 0.000361
18029 0.000360991
18030 0.000360982
18031 0.000360973
18032 0.000360964
18033 0.000360955
18034 0.000360946
18035 0.000360938
18036 0.000360929
18037 0.00036092
18038 0.000360911
18039 0.000360902
18040 0.000360893
18041 0.000360885
18042 0.000360876
18043 0.000360867
18044 0.000360858
18045 0.000360849
18046 0.00036084
18047 0.000360832
18048 0.000360823
18049 0.000360814
18050 0.000360805
18051 0.000360796
18052 0.000360787
18053 0.000360778
18054 0.00036077
18055 0.000360761
18056 0.000360752
18057 0.000360743
18058 0.000360734
18059 0.000360725
18060 0.000360717
18061 0.000360708
18062 0.000360699
18063 0.00036069
18064 0.000360681
18065 0.000360672
18066 0.000360664
18067 0.000360655
18068 0.000360646
18069 0.000360637
18070 0.000360628
18071 0.00036062
18072 0.000360611
18073 0.000360602
18074 0.000360593
18075 0.000360584
18076 0.000360575
18077 0.000360567
18078 0.000360558
18079 0.000360549
18080 0.00036054
18081 0.000360531
18082 0.000360522
18083 0.000360514
18084 0.000360505
18085 0.000360496
18086 0.000360487
18087 0.000360478
18088 0.00036047
18089 0.000360461
18090 0.000360452
18091 0.000360443
18092 0.000360434
18093 0.000360425
18094 0.000360417
18095 0.000360408
18096 0.000360399
18097 0.00036039
18098 0.000360381
18099 0.000360373
18100 0.000360364
18101 0.000360355
18102 0.000360346
18103 0.000360337
18104 0.000360329
18105 0.00036032
18106 0.000360311
18107 0.000360302
18108 0.000360293
18109 0.000360285
18110 0.000360276
18111 0.000360267
18112 0.000360258
18113 0.000360249
18114 0.000360241
18115 0.000360232
18116 0.000360223
18117 0.000360214
18118 0.000360205
18119 0.000360197
18120 0.000360188
18121 0.000360179
18122 0.00036017
18123 0.000360161
18124 0.000360153
18125 0.000360144
18126 0.000360135
18127 0.000360126
18128 0.000360117
18129 0.000360109
18130 0.0003601
18131 0.000360091
18132 0.000360082
18133 0.000360074
18134 0.000360065
18135 0.000360056
18136 0.000360047
18137 0.000360038
18138 0.00036003
18139 0.000360021
18140 0.000360012
18141 0.000360003
18142 0.000359994
18143 0.000359986
18144 0.000359977
18145 0.000359968
18146 0.000359959
18147 0.000359951
18148 0.000359942
18149 0.000359933
18150 0.000359924
18151 0.000359915
18152 0.000359907
18153 0.000359898
18154 0.000359889
18155 0.00035988
18156 0.000359872
18157 0.000359863
18158 0.000359854
18159 0.000359845
18160 0.000359837
18161 0.000359828
18162 0.000359819
18163 0.00035981
18164 0.000359801
18165 0.000359793
18166 0.000359784
18167 0.000359775
18168 0.000359766
18169 0.000359758
18170 0.000359749
18171 0.00035974
18172 0.000359731
18173 0.000359723
18174 0.000359714
18175 0.000359705
18176 0.000359696
18177 0.000359688
18178 0.000359679
18179 0.00035967
18180 0.000359661
18181 0.000359652
18182 0.000359644
18183 0.000359635
18184 0.000359626
18185 0.000359617
18186 0.000359609
18187 0.0003596
18188 0.000359591
18189 0.000359582
18190 0.000359574
18191 0.000359565
18192 0.000359556
18193 0.000359547
18194 0.000359539
18195 0.00035953
18196 0.000359521
18197 0.000359512
18198 0.000359504
18199 0.000359495
18200 0.000359486
18201 0.000359477
18202 0.000359469
18203 0.00035946
18204 0.000359451
18205 0.000359443
18206 0.000359434
18207 0.000359425
18208 0.000359416
18209 0.000359408
18210 0.000359399
18211 0.00035939
18212 0.000359381
18213 0.000359373
18214 0.000359364
18215 0.000359355
18216 0.000359346
18217 0.000359338
18218 0.000359329
18219 0.00035932
18220 0.000359311
18221 0.000359303
18222 0.000359294
18223 0.000359285
18224 0.000359277
18225 0.000359268
18226 0.000359259
18227 0.00035925
18228 0.000359242
18229 0.000359233
18230 0.000359224
18231 0.000359215
18232 0.000359207
18233 0.000359198
18234 0.000359189
18235 0.000359181
18236 0.000359172
18237 0.000359163
18238 0.000359154
18239 0.000359146
18240 0.000359137
18241 0.000359128
18242 0.00035912
18243 0.000359111
18244 0.000359102
18245 0.000359093
18246 0.000359085
18247 0.000359076
18248 0.000359067
18249 0.000359059
18250 0.00035905
18251 0.000359041
18252 0.000359032
18253 0.000359024
18254 0.000359015
18255 0.000359006
18256 0.000358998
18257 0.000358989
18258 0.00035898
18259 0.000358971
18260 0.000358963
18261 0.000358954
18262 0.000358945
18263 0.000358937
18264 0.000358928
18265 0.000358919
18266 0.00035891
18267 0.000358902
18268 0.000358893
18269 0.000358884
18270 0.000358876
18271 0.000358867
18272 0.000358858
18273 0.00035885
18274 0.000358841
18275 0.000358832
18276 0.000358824
18277 0.000358815
18278 0.000358806
18279 0.000358797
18280 0.000358789
18281 0.00035878
18282 0.000358771
18283 0.000358763
18284 0.000358754
18285 0.000358745
18286 0.000358737
18287 0.000358728
18288 0.000358719
18289 0.000358711
18290 0.000358702
18291 0.000358693
18292 0.000358684
18293 0.000358676
18294 0.000358667
18295 0.000358658
18296 0.00035865
18297 0.000358641
18298 0.000358632
18299 0.000358624
18300 0.000358615
18301 0.000358606
18302 0.000358598
18303 0.000358589
18304 0.00035858
18305 0.000358572
18306 0.000358563
18307 0.000358554
18308 0.000358546
18309 0.000358537
18310 0.000358528
18311 0.00035852
18312 0.000358511
18313 0.000358502
18314 0.000358494
18315 0.000358485
18316 0.000358476
18317 0.000358467
18318 0.000358459
18319 0.00035845
18320 0.000358441
18321 0.000358433
18322 0.000358424
18323 0.000358415
18324 0.000358407
18325 0.000358398
18326 0.000358389
18327 0.000358381
18328 0.000358372
18329 0.000358363
18330 0.000358355
18331 0.000358346
18332 0.000358338
18333 0.000358329
18334 0.00035832
18335 0.000358312
18336 0.000358303
18337 0.000358294
18338 0.000358286
18339 0.000358277
18340 0.000358268
18341 0.00035826
18342 0.000358251
18343 0.000358242
18344 0.000358234
18345 0.000358225
18346 0.000358216
18347 0.000358208
18348 0.000358199
18349 0.00035819
18350 0.000358182
18351 0.000358173
18352 0.000358164
18353 0.000358156
18354 0.000358147
18355 0.000358138
18356 0.00035813
18357 0.000358121
18358 0.000358113
18359 0.000358104
18360 0.000358095
18361 0.000358087
18362 0.000358078
18363 0.000358069
18364 0.000358061
18365 0.000358052
18366 0.000358043
18367 0.000358035
18368 0.000358026
18369 0.000358017
18370 0.000358009
18371 0.000358
18372 0.000357992
18373 0.000357983
18374 0.000357974
18375 0.000357966
18376 0.000357957
18377 0.000357948
18378 0.00035794
18379 0.000357931
18380 0.000357922
18381 0.000357914
18382 0.000357905
18383 0.000357897
18384 0.000357888
18385 0.000357879
18386 0.000357871
18387 0.000357862
18388 0.000357853
18389 0.000357845
18390 0.000357836
18391 0.000357828
18392 0.000357819
18393 0.00035781
18394 0.000357802
18395 0.000357793
18396 0.000357784
18397 0.000357776
18398 0.000357767
18399 0.000357759
18400 0.00035775
18401 0.000357741
18402 0.000357733
18403 0.000357724
18404 0.000357716
18405 0.000357707
18406 0.000357698
18407 0.00035769
18408 0.000357681
18409 0.000357672
18410 0.000357664
18411 0.000357655
18412 0.000357647
18413 0.000357638
18414 0.000357629
18415 0.000357621
18416 0.000357612
18417 0.000357604
18418 0.000357595
18419 0.000357586
18420 0.000357578
18421 0.000357569
18422 0.00035756
18423 0.000357552
18424 0.000357543
18425 0.000357535
18426 0.000357526
18427 0.000357517
18428 0.000357509
18429 0.0003575
18430 0.000357492
18431 0.000357483
18432 0.000357474
18433 0.000357466
18434 0.000357457
18435 0.000357449
18436 0.00035744
18437 0.000357431
18438 0.000357423
18439 0.000357414
18440 0.000357406
18441 0.000357397
18442 0.000357388
18443 0.00035738
18444 0.000357371
18445 0.000357363
18446 0.000357354
18447 0.000357346
18448 0.000357337
18449 0.000357328
18450 0.00035732
18451 0.000357311
18452 0.000357303
18453 0.000357294
18454 0.000357285
18455 0.000357277
18456 0.000357268
18457 0.00035726
18458 0.000357251
18459 0.000357242
18460 0.000357234
18461 0.000357225
18462 0.000357217
18463 0.000357208
18464 0.0003572
18465 0.000357191
18466 0.000357182
18467 0.000357174
18468 0.000357165
18469 0.000357157
18470 0.000357148
18471 0.000357139
18472 0.000357131
18473 0.000357122
18474 0.000357114
18475 0.000357105
18476 0.000357097
18477 0.000357088
18478 0.000357079
18479 0.000357071
18480 0.000357062
18481 0.000357054
18482 0.000357045
18483 0.000357037
18484 0.000357028
18485 0.000357019
18486 0.000357011
18487 0.000357002
18488 0.000356994
18489 0.000356985
18490 0.000356977
18491 0.000356968
18492 0.000356959
18493 0.000356951
18494 0.000356942
18495 0.000356934
18496 0.000356925
18497 0.000356917
18498 0.000356908
18499 0.000356899
18500 0.000356891
18501 0.000356882
18502 0.000356874
18503 0.000356865
18504 0.000356857
18505 0.000356848
18506 0.00035684
18507 0.000356831
18508 0.000356822
18509 0.000356814
18510 0.000356805
18511 0.000356797
18512 0.000356788
18513 0.00035678
18514 0.000356771
18515 0.000356763
18516 0.000356754
18517 0.000356745
18518 0.000356737
18519 0.000356728
18520 0.00035672
18521 0.000356711
18522 0.000356703
18523 0.000356694
18524 0.000356686
18525 0.000356677
18526 0.000356669
18527 0.00035666
18528 0.000356651
18529 0.000356643
18530 0.000356634
18531 0.000356626
18532 0.000356617
18533 0.000356609
18534 0.0003566
18535 0.000356592
18536 0.000356583
18537 0.000356575
18538 0.000356566
18539 0.000356557
18540 0.000356549
18541 0.00035654
18542 0.000356532
18543 0.000356523
18544 0.000356515
18545 0.000356506
18546 0.000356498
18547 0.000356489
18548 0.000356481
18549 0.000356472
18550 0.000356464
18551 0.000356455
18552 0.000356446
18553 0.000356438
18554 0.000356429
18555 0.000356421
18556 0.000356412
18557 0.000356404
18558 0.000356395
18559 0.000356387
18560 0.000356378
18561 0.00035637
18562 0.000356361
18563 0.000356353
18564 0.000356344
18565 0.000356336
18566 0.000356327
18567 0.000356319
18568 0.00035631
18569 0.000356302
18570 0.000356293
18571 0.000356284
18572 0.000356276
18573 0.000356267
18574 0.000356259
18575 0.00035625
18576 0.000356242
18577 0.000356233
18578 0.000356225
18579 0.000356216
18580 0.000356208
18581 0.000356199
18582 0.000356191
18583 0.000356182
18584 0.000356174
18585 0.000356165
18586 0.000356157
18587 0.000356148
18588 0.00035614
18589 0.000356131
18590 0.000356123
18591 0.000356114
18592 0.000356106
18593 0.000356097
18594 0.000356089
18595 0.00035608
18596 0.000356072
18597 0.000356063
18598 0.000356055
18599 0.000356046
18600 0.000356038
18601 0.000356029
18602 0.000356021
18603 0.000356012
18604 0.000356004
18605 0.000355995
18606 0.000355987
18607 0.000355978
18608 0.00035597
18609 0.000355961
18610 0.000355953
18611 0.000355944
18612 0.000355936
18613 0.000355927
18614 0.000355919
18615 0.00035591
18616 0.000355902
18617 0.000355893
18618 0.000355885
18619 0.000355876
18620 0.000355868
18621 0.000355859
18622 0.000355851
18623 0.000355842
18624 0.000355834
18625 0.000355825
18626 0.000355817
18627 0.000355808
18628 0.0003558
18629 0.000355791
18630 0.000355783
18631 0.000355774
18632 0.000355766
18633 0.000355757
18634 0.000355749
18635 0.00035574
18636 0.000355732
18637 0.000355723
18638 0.000355715
18639 0.000355706
18640 0.000355698
18641 0.000355689
18642 0.000355681
18643 0.000355672
18644 0.000355664
18645 0.000355655
18646 0.000355647
18647 0.000355638
18648 0.00035563
18649 0.000355621
18650 0.000355613
18651 0.000355605
18652 0.000355596
18653 0.000355588
18654 0.000355579
18655 0.000355571
18656 0.000355562
18657 0.000355554
18658 0.000355545
18659 0.000355537
18660 0.000355528
18661 0.00035552
18662 0.000355511
18663 0.000355503
18664 0.000355494
18665 0.000355486
18666 0.000355477
18667 0.000355469
18668 0.000355461
18669 0.000355452
18670 0.000355444
18671 0.000355435
18672 0.000355427
18673 0.000355418
18674 0.00035541
18675 0.000355401
18676 0.000355393
18677 0.000355384
18678 0.000355376
18679 0.000355367
18680 0.000355359
18681 0.000355351
18682 0.000355342
18683 0.000355334
18684 0.000355325
18685 0.000355317
18686 0.000355308
18687 0.0003553
18688 0.000355291
18689 0.000355283
18690 0.000355274
18691 0.000355266
18692 0.000355257
18693 0.000355249
18694 0.000355241
18695 0.000355232
18696 0.000355224
18697 0.000355215
18698 0.000355207
18699 0.000355198
18700 0.00035519
18701 0.000355181
18702 0.000355173
18703 0.000355165
18704 0.000355156
18705 0.000355148
18706 0.000355139
18707 0.000355131
18708 0.000355122
18709 0.000355114
18710 0.000355105
18711 0.000355097
18712 0.000355089
18713 0.00035508
18714 0.000355072
18715 0.000355063
18716 0.000355055
18717 0.000355046
18718 0.000355038
18719 0.000355029
18720 0.000355021
18721 0.000355013
18722 0.000355004
18723 0.000354996
18724 0.000354987
18725 0.000354979
18726 0.00035497
18727 0.000354962
18728 0.000354954
18729 0.000354945
18730 0.000354937
18731 0.000354928
18732 0.00035492
18733 0.000354911
18734 0.000354903
18735 0.000354895
18736 0.000354886
18737 0.000354878
18738 0.000354869
18739 0.000354861
18740 0.000354852
18741 0.000354844
18742 0.000354836
18743 0.000354827
18744 0.000354819
18745 0.00035481
18746 0.000354802
18747 0.000354793
18748 0.000354785
18749 0.000354777
18750 0.000354768
18751 0.00035476
18752 0.000354751
18753 0.000354743
18754 0.000354734
18755 0.000354726
18756 0.000354718
18757 0.000354709
18758 0.000354701
18759 0.000354692
18760 0.000354684
18761 0.000354676
18762 0.000354667
18763 0.000354659
18764 0.00035465
18765 0.000354642
18766 0.000354633
18767 0.000354625
18768 0.000354617
18769 0.000354608
18770 0.0003546
18771 0.000354591
18772 0.000354583
18773 0.000354575
18774 0.000354566
18775 0.000354558
18776 0.000354549
18777 0.000354541
18778 0.000354533
18779 0.000354524
18780 0.000354516
18781 0.000354507
18782 0.000354499
18783 0.000354491
18784 0.000354482
18785 0.000354474
18786 0.000354465
18787 0.000354457
18788 0.000354449
18789 0.00035444
18790 0.000354432
18791 0.000354423
18792 0.000354415
18793 0.000354407
18794 0.000354398
18795 0.00035439
18796 0.000354381
18797 0.000354373
18798 0.000354365
18799 0.000354356
18800 0.000354348
18801 0.000354339
18802 0.000354331
18803 0.000354323
18804 0.000354314
18805 0.000354306
18806 0.000354297
18807 0.000354289
18808 0.000354281
18809 0.000354272
18810 0.000354264
18811 0.000354255
18812 0.000354247
18813 0.000354239
18814 0.00035423
18815 0.000354222
18816 0.000354214
18817 0.000354205
18818 0.000354197
18819 0.000354188
18820 0.00035418
18821 0.000354172
18822 0.000354163
18823 0.000354155
18824 0.000354146
18825 0.000354138
18826 0.00035413
18827 0.000354121
18828 0.000354113
18829 0.000354105
18830 0.000354096
18831 0.000354088
18832 0.000354079
18833 0.000354071
18834 0.000354063
18835 0.000354054
18836 0.000354046
18837 0.000354038
18838 0.000354029
18839 0.000354021
18840 0.000354012
18841 0.000354004
18842 0.000353996
18843 0.000353987
18844 0.000353979
18845 0.000353971
18846 0.000353962
18847 0.000353954
18848 0.000353946
18849 0.000353937
18850 0.000353929
18851 0.00035392
18852 0.000353912
18853 0.000353904
18854 0.000353895
18855 0.000353887
18856 0.000353879
18857 0.00035387
18858 0.000353862
18859 0.000353853
18860 0.000353845
18861 0.000353837
18862 0.000353828
18863 0.00035382
18864 0.000353812
18865 0.000353803
18866 0.000353795
18867 0.000353787
18868 0.000353778
18869 0.00035377
18870 0.000353762
18871 0.000353753
18872 0.000353745
18873 0.000353736
18874 0.000353728
18875 0.00035372
18876 0.000353711
18877 0.000353703
18878 0.000353695
18879 0.000353686
18880 0.000353678
18881 0.00035367
18882 0.000353661
18883 0.000353653
18884 0.000353645
18885 0.000353636
18886 0.000353628
18887 0.00035362
18888 0.000353611
18889 0.000353603
18890 0.000353595
18891 0.000353586
18892 0.000353578
18893 0.000353569
18894 0.000353561
18895 0.000353553
18896 0.000353544
18897 0.000353536
18898 0.000353528
18899 0.000353519
18900 0.000353511
18901 0.000353503
18902 0.000353494
18903 0.000353486
18904 0.000353478
18905 0.000353469
18906 0.000353461
18907 0.000353453
18908 0.000353444
18909 0.000353436
18910 0.000353428
18911 0.000353419
18912 0.000353411
18913 0.000353403
18914 0.000353394
18915 0.000353386
18916 0.000353378
18917 0.000353369
18918 0.000353361
18919 0.000353353
18920 0.000353344
18921 0.000353336
18922 0.000353328
18923 0.000353319
18924 0.000353311
18925 0.000353303
18926 0.000353294
18927 0.000353286
18928 0.000353278
18929 0.000353269
18930 0.000353261
18931 0.000353253
18932 0.000353244
18933 0.000353236
18934 0.000353228
18935 0.000353219
18936 0.000353211
18937 0.000353203
18938 0.000353194
18939 0.000353186
18940 0.000353178
18941 0.00035317
18942 0.000353161
18943 0.000353153
18944 0.000353145
18945 0.000353136
18946 0.000353128
18947 0.00035312
18948 0.000353111
18949 0.000353103
18950 0.000353095
18951 0.000353086
18952 0.000353078
18953 0.00035307
18954 0.000353061
18955 0.000353053
18956 0.000353045
18957 0.000353036
18958 0.000353028
18959 0.00035302
18960 0.000353012
18961 0.000353003
18962 0.000352995
18963 0.000352987
18964 0.000352978
18965 0.00035297
18966 0.000352962
18967 0.000352953
18968 0.000352945
18969 0.000352937
18970 0.000352928
18971 0.00035292
18972 0.000352912
18973 0.000352904
18974 0.000352895
18975 0.000352887
18976 0.000352879
18977 0.00035287
18978 0.000352862
18979 0.000352854
18980 0.000352845
18981 0.000352837
18982 0.000352829
18983 0.000352821
18984 0.000352812
18985 0.000352804
18986 0.000352796
18987 0.000352787
18988 0.000352779
18989 0.000352771
18990 0.000352762
18991 0.000352754
18992 0.000352746
18993 0.000352738
18994 0.000352729
18995 0.000352721
18996 0.000352713
18997 0.000352704
18998 0.000352696
18999 0.000352688
19000 0.000352679
19001 0.000352671
19002 0.000352663
19003 0.000352655
19004 0.000352646
19005 0.000352638
19006 0.00035263
19007 0.000352621
19008 0.000352613
19009 0.000352605
19010 0.000352597
19011 0.000352588
19012 0.00035258
19013 0.000352572
19014 0.000352563
19015 0.000352555
19016 0.000352547
19017 0.000352539
19018 0.00035253
19019 0.000352522
19020 0.000352514
19021 0.000352506
19022 0.000352497
19023 0.000352489
19024 0.000352481
19025 0.000352472
19026 0.000352464
19027 0.000352456
19028 0.000352448
19029 0.000352439
19030 0.000352431
19031 0.000352423
19032 0.000352414
19033 0.000352406
19034 0.000352398
19035 0.00035239
19036 0.000352381
19037 0.000352373
19038 0.000352365
19039 0.000352357
19040 0.000352348
19041 0.00035234
19042 0.000352332
19043 0.000352323
19044 0.000352315
19045 0.000352307
19046 0.000352299
19047 0.00035229
19048 0.000352282
19049 0.000352274
19050 0.000352266
19051 0.000352257
19052 0.000352249
19053 0.000352241
19054 0.000352233
19055 0.000352224
19056 0.000352216
19057 0.000352208
19058 0.0003522
19059 0.000352191
19060 0.000352183
19061 0.000352175
19062 0.000352166
19063 0.000352158
19064 0.00035215
19065 0.000352142
19066 0.000352133
19067 0.000352125
19068 0.000352117
19069 0.000352109
19070 0.0003521
19071 0.000352092
19072 0.000352084
19073 0.000352076
19074 0.000352067
19075 0.000352059
19076 0.000352051
19077 0.000352043
19078 0.000352034
19079 0.000352026
19080 0.000352018
19081 0.00035201
19082 0.000352001
19083 0.000351993
19084 0.000351985
19085 0.000351977
19086 0.000351968
19087 0.00035196
19088 0.000351952
19089 0.000351944
19090 0.000351935
19091 0.000351927
19092 0.000351919
19093 0.000351911
19094 0.000351902
19095 0.000351894
19096 0.000351886
19097 0.000351878
19098 0.000351869
19099 0.000351861
19100 0.000351853
19101 0.000351845
19102 0.000351837
19103 0.000351828
19104 0.00035182
19105 0.000351812
19106 0.000351804
19107 0.000351795
19108 0.000351787
19109 0.000351779
19110 0.000351771
19111 0.000351762
19112 0.000351754
19113 0.000351746
19114 0.000351738
19115 0.000351729
19116 0.000351721
19117 0.000351713
19118 0.000351705
19119 0.000351697
19120 0.000351688
19121 0.00035168
19122 0.000351672
19123 0.000351664
19124 0.000351655
19125 0.000351647
19126 0.000351639
19127 0.000351631
19128 0.000351622
19129 0.000351614
19130 0.000351606
19131 0.000351598
19132 0.00035159
19133 0.000351581
19134 0.000351573
19135 0.000351565
19136 0.000351557
19137 0.000351548
19138 0.00035154
19139 0.000351532
19140 0.000351524
19141 0.000351516
19142 0.000351507
19143 0.000351499
19144 0.000351491
19145 0.000351483
19146 0.000351475
19147 0.000351466
19148 0.000351458
19149 0.00035145
19150 0.000351442
19151 0.000351433
19152 0.000351425
19153 0.000351417
19154 0.000351409
19155 0.000351401
19156 0.000351392
19157 0.000351384
19158 0.000351376
19159 0.000351368
19160 0.00035136
19161 0.000351351
19162 0.000351343
19163 0.000351335
19164 0.000351327
19165 0.000351318
19166 0.00035131
19167 0.000351302
19168 0.000351294
19169 0.000351286
19170 0.000351277
19171 0.000351269
19172 0.000351261
19173 0.000351253
19174 0.000351245
19175 0.000351236
19176 0.000351228
19177 0.00035122
19178 0.000351212
19179 0.000351204
19180 0.000351195
19181 0.000351187
19182 0.000351179
19183 0.000351171
19184 0.000351163
19185 0.000351154
19186 0.000351146
19187 0.000351138
19188 0.00035113
19189 0.000351122
19190 0.000351113
19191 0.000351105
19192 0.000351097
19193 0.000351089
19194 0.000351081
19195 0.000351073
19196 0.000351064
19197 0.000351056
19198 0.000351048
19199 0.00035104
19200 0.000351032
19201 0.000351023
19202 0.000351015
19203 0.000351007
19204 0.000350999
19205 0.000350991
19206 0.000350982
19207 0.000350974
19208 0.000350966
19209 0.000350958
19210 0.00035095
19211 0.000350941
19212 0.000350933
19213 0.000350925
19214 0.000350917
19215 0.000350909
19216 0.000350901
19217 0.000350892
19218 0.000350884
19219 0.000350876
19220 0.000350868
19221 0.00035086
19222 0.000350851
19223 0.000350843
19224 0.000350835
19225 0.000350827
19226 0.000350819
19227 0.000350811
19228 0.000350802
19229 0.000350794
19230 0.000350786
19231 0.000350778
19232 0.00035077
19233 0.000350762
19234 0.000350753
19235 0.000350745
19236 0.000350737
19237 0.000350729
19238 0.000350721
19239 0.000350713
19240 0.000350704
19241 0.000350696
19242 0.000350688
19243 0.00035068
19244 0.000350672
19245 0.000350663
19246 0.000350655
19247 0.000350647
19248 0.000350639
19249 0.000350631
19250 0.000350623
19251 0.000350614
19252 0.000350606
19253 0.000350598
19254 0.00035059
19255 0.000350582
19256 0.000350574
19257 0.000350566
19258 0.000350557
19259 0.000350549
19260 0.000350541
19261 0.000350533
19262 0.000350525
19263 0.000350517
19264 0.000350508
19265 0.0003505
19266 0.000350492
19267 0.000350484
19268 0.000350476
19269 0.000350468
19270 0.000350459
19271 0.000350451
19272 0.000350443
19273 0.000350435
19274 0.000350427
19275 0.000350419
19276 0.000350411
19277 0.000350402
19278 0.000350394
19279 0.000350386
19280 0.000350378
19281 0.00035037
19282 0.000350362
19283 0.000350353
19284 0.000350345
19285 0.000350337
19286 0.000350329
19287 0.000350321
19288 0.000350313
19289 0.000350305
19290 0.000350296
19291 0.000350288
19292 0.00035028
19293 0.000350272
19294 0.000350264
19295 0.000350256
19296 0.000350248
19297 0.000350239
19298 0.000350231
19299 0.000350223
19300 0.000350215
19301 0.000350207
19302 0.000350199
19303 0.000350191
19304 0.000350182
19305 0.000350174
19306 0.000350166
19307 0.000350158
19308 0.00035015
19309 0.000350142
19310 0.000350134
19311 0.000350125
19312 0.000350117
19313 0.000350109
19314 0.000350101
19315 0.000350093
19316 0.000350085
19317 0.000350077
19318 0.000350068
19319 0.00035006
19320 0.000350052
19321 0.000350044
19322 0.000350036
19323 0.000350028
19324 0.00035002
19325 0.000350012
19326 0.000350003
19327 0.000349995
19328 0.000349987
19329 0.000349979
19330 0.000349971
19331 0.000349963
19332 0.000349955
19333 0.000349947
19334 0.000349938
19335 0.00034993
19336 0.000349922
19337 0.000349914
19338 0.000349906
19339 0.000349898
19340 0.00034989
19341 0.000349882
19342 0.000349873
19343 0.000349865
19344 0.000349857
19345 0.000349849
19346 0.000349841
19347 0.000349833
19348 0.000349825
19349 0.000349817
19350 0.000349808
19351 0.0003498
19352 0.000349792
19353 0.000349784
19354 0.000349776
19355 0.000349768
19356 0.00034976
19357 0.000349752
19358 0.000349743
19359 0.000349735
19360 0.000349727
19361 0.000349719
19362 0.000349711
19363 0.000349703
19364 0.000349695
19365 0.000349687
19366 0.000349679
19367 0.00034967
19368 0.000349662
19369 0.000349654
19370 0.000349646
19371 0.000349638
19372 0.00034963
19373 0.000349622
19374 0.000349614
19375 0.000349606
19376 0.000349597
19377 0.000349589
19378 0.000349581
19379 0.000349573
19380 0.000349565
19381 0.000349557
19382 0.000349549
19383 0.000349541
19384 0.000349533
19385 0.000349525
19386 0.000349516
19387 0.000349508
19388 0.0003495
19389 0.000349492
19390 0.000349484
19391 0.000349476
19392 0.000349468
19393 0.00034946
19394 0.000349452
19395 0.000349444
19396 0.000349435
19397 0.000349427
19398 0.000349419
19399 0.000349411
19400 0.000349403
19401 0.000349395
19402 0.000349387
19403 0.000349379
19404 0.000349371
19405 0.000349363
19406 0.000349354
19407 0.000349346
19408 0.000349338
19409 0.00034933
19410 0.000349322
19411 0.000349314
19412 0.000349306
19413 0.000349298
19414 0.00034929
19415 0.000349282
19416 0.000349274
19417 0.000349265
19418 0.000349257
19419 0.000349249
19420 0.000349241
19421 0.000349233
19422 0.000349225
19423 0.000349217
19424 0.000349209
19425 0.000349201
19426 0.000349193
19427 0.000349185
19428 0.000349177
19429 0.000349168
19430 0.00034916
19431 0.000349152
19432 0.000349144
19433 0.000349136
19434 0.000349128
19435 0.00034912
19436 0.000349112
19437 0.000349104
19438 0.000349096
19439 0.000349088
19440 0.00034908
19441 0.000349071
19442 0.000349063
19443 0.000349055
19444 0.000349047
19445 0.000349039
19446 0.000349031
19447 0.000349023
19448 0.000349015
19449 0.000349007
19450 0.000348999
19451 0.000348991
19452 0.000348983
19453 0.000348975
19454 0.000348967
19455 0.000348958
19456 0.00034895
19457 0.000348942
19458 0.000348934
19459 0.000348926
19460 0.000348918
19461 0.00034891
19462 0.000348902
19463 0.000348894
19464 0.000348886
19465 0.000348878
19466 0.00034887
19467 0.000348862
19468 0.000348854
19469 0.000348846
19470 0.000348837
19471 0.000348829
19472 0.000348821
19473 0.000348813
19474 0.000348805
19475 0.000348797
19476 0.000348789
19477 0.000348781
19478 0.000348773
19479 0.000348765
19480 0.000348757
19481 0.000348749
19482 0.000348741
19483 0.000348733
19484 0.000348725
19485 0.000348717
19486 0.000348708
19487 0.0003487
19488 0.000348692
19489 0.000348684
19490 0.000348676
19491 0.000348668
19492 0.00034866
19493 0.000348652
19494 0.000348644
19495 0.000348636
19496 0.000348628
19497 0.00034862
19498 0.000348612
19499 0.000348604
19500 0.000348596
19501 0.000348588
19502 0.00034858
19503 0.000348572
19504 0.000348564
19505 0.000348555
19506 0.000348547
19507 0.000348539
19508 0.000348531
19509 0.000348523
19510 0.000348515
19511 0.000348507
19512 0.000348499
19513 0.000348491
19514 0.000348483
19515 0.000348475
19516 0.000348467
19517 0.000348459
19518 0.000348451
19519 0.000348443
19520 0.000348435
19521 0.000348427
19522 0.000348419
19523 0.000348411
19524 0.000348403
19525 0.000348395
19526 0.000348387
19527 0.000348379
19528 0.00034837
19529 0.000348362
19530 0.000348354
19531 0.000348346
19532 0.000348338
19533 0.00034833
19534 0.000348322
19535 0.000348314
19536 0.000348306
19537 0.000348298
19538 0.00034829
19539 0.000348282
19540 0.000348274
19541 0.000348266
19542 0.000348258
19543 0.00034825
19544 0.000348242
19545 0.000348234
19546 0.000348226
19547 0.000348218
19548 0.00034821
19549 0.000348202
19550 0.000348194
19551 0.000348186
19552 0.000348178
19553 0.00034817
19554 0.000348162
19555 0.000348154
19556 0.000348146
19557 0.000348138
19558 0.00034813
19559 0.000348122
19560 0.000348114
19561 0.000348105
19562 0.000348097
19563 0.000348089
19564 0.000348081
19565 0.000348073
19566 0.000348065
19567 0.000348057
19568 0.000348049
19569 0.000348041
19570 0.000348033
19571 0.000348025
19572 0.000348017
19573 0.000348009
19574 0.000348001
19575 0.000347993
19576 0.000347985
19577 0.000347977
19578 0.000347969
19579 0.000347961
19580 0.000347953
19581 0.000347945
19582 0.000347937
19583 0.000347929
19584 0.000347921
19585 0.000347913
19586 0.000347905
19587 0.000347897
19588 0.000347889
19589 0.000347881
19590 0.000347873
19591 0.000347865
19592 0.000347857
19593 0.000347849
19594 0.000347841
19595 0.000347833
19596 0.000347825
19597 0.000347817
19598 0.000347809
19599 0.000347801
19600 0.000347793
19601 0.000347785
19602 0.000347777
19603 0.000347769
19604 0.000347761
19605 0.000347753
19606 0.000347745
19607 0.000347737
19608 0.000347729
19609 0.000347721
19610 0.000347713
19611 0.000347705
19612 0.000347697
19613 0.000347689
19614 0.000347681
19615 0.000347673
19616 0.000347665
19617 0.000347657
19618 0.000347649
19619 0.000347641
19620 0.000347633
19621 0.000347625
19622 0.000347617
19623 0.000347609
19624 0.000347601
19625 0.000347593
19626 0.000347585
19627 0.000347577
19628 0.000347569
19629 0.000347561
19630 0.000347553
19631 0.000347545
19632 0.000347537
19633 0.000347529
19634 0.000347521
19635 0.000347513
19636 0.000347505
19637 0.000347497
19638 0.000347489
19639 0.000347481
19640 0.000347473
19641 0.000347465
19642 0.000347457
19643 0.000347449
19644 0.000347441
19645 0.000347433
19646 0.000347425
19647 0.000347417
19648 0.000347409
19649 0.000347401
19650 0.000347393
19651 0.000347385
19652 0.000347377
19653 0.000347369
19654 0.000347361
19655 0.000347353
19656 0.000347345
19657 0.000347337
19658 0.000347329
19659 0.000347321
19660 0.000347313
19661 0.000347305
19662 0.000347297
19663 0.000347289
19664 0.000347281
19665 0.000347273
19666 0.000347266
19667 0.000347258
19668 0.00034725
19669 0.000347242
19670 0.000347234
19671 0.000347226
19672 0.000347218
19673 0.00034721
19674 0.000347202
19675 0.000347194
19676 0.000347186
19677 0.000347178
19678 0.00034717
19679 0.000347162
19680 0.000347154
19681 0.000347146
19682 0.000347138
19683 0.00034713
19684 0.000347122
19685 0.000347114
19686 0.000347106
19687 0.000347098
19688 0.00034709
19689 0.000347082
19690 0.000347074
19691 0.000347066
19692 0.000347058
19693 0.00034705
19694 0.000347042
19695 0.000347034
19696 0.000347026
19697 0.000347018
19698 0.00034701
19699 0.000347003
19700 0.000346995
19701 0.000346987
19702 0.000346979
19703 0.000346971
19704 0.000346963
19705 0.000346955
19706 0.000346947
19707 0.000346939
19708 0.000346931
19709 0.000346923
19710 0.000346915
19711 0.000346907
19712 0.000346899
19713 0.000346891
19714 0.000346883
19715 0.000346875
19716 0.000346867
19717 0.000346859
19718 0.000346851
19719 0.000346843
19720 0.000346835
19721 0.000346827
19722 0.000346819
19723 0.000346812
19724 0.000346804
19725 0.000346796
19726 0.000346788
19727 0.00034678
19728 0.000346772
19729 0.000346764
19730 0.000346756
19731 0.000346748
19732 0.00034674
19733 0.000346732
19734 0.000346724
19735 0.000346716
19736 0.000346708
19737 0.0003467
19738 0.000346692
19739 0.000346684
19740 0.000346676
19741 0.000346668
19742 0.000346661
19743 0.000346653
19744 0.000346645
19745 0.000346637
19746 0.000346629
19747 0.000346621
19748 0.000346613
19749 0.000346605
19750 0.000346597
19751 0.000346589
19752 0.000346581
19753 0.000346573
19754 0.000346565
19755 0.000346557
19756 0.000346549
19757 0.000346541
19758 0.000346533
19759 0.000346526
19760 0.000346518
19761 0.00034651
19762 0.000346502
19763 0.000346494
19764 0.000346486
19765 0.000346478
19766 0.00034647
19767 0.000346462
19768 0.000346454
19769 0.000346446
19770 0.000346438
19771 0.00034643
19772 0.000346422
19773 0.000346414
19774 0.000346406
19775 0.000346399
19776 0.000346391
19777 0.000346383
19778 0.000346375
19779 0.000346367
19780 0.000346359
19781 0.000346351
19782 0.000346343
19783 0.000346335
19784 0.000346327
19785 0.000346319
19786 0.000346311
19787 0.000346303
19788 0.000346296
19789 0.000346288
19790 0.00034628
19791 0.000346272
19792 0.000346264
19793 0.000346256
19794 0.000346248
19795 0.00034624
19796 0.000346232
19797 0.000346224
19798 0.000346216
19799 0.000346208
19800 0.0003462
19801 0.000346193
19802 0.000346185
19803 0.000346177
19804 0.000346169
19805 0.000346161
19806 0.000346153
19807 0.000346145
19808 0.000346137
19809 0.000346129
19810 0.000346121
19811 0.000346113
19812 0.000346105
19813 0.000346098
19814 0.00034609
19815 0.000346082
19816 0.000346074
19817 0.000346066
19818 0.000346058
19819 0.00034605
19820 0.000346042
19821 0.000346034
19822 0.000346026
19823 0.000346018
19824 0.00034601
19825 0.000346003
19826 0.000345995
19827 0.000345987
19828 0.000345979
19829 0.000345971
19830 0.000345963
19831 0.000345955
19832 0.000345947
19833 0.000345939
19834 0.000345931
19835 0.000345923
19836 0.000345916
19837 0.000345908
19838 0.0003459
19839 0.000345892
19840 0.000345884
19841 0.000345876
19842 0.000345868
19843 0.00034586
19844 0.000345852
19845 0.000345844
19846 0.000345837
19847 0.000345829
19848 0.000345821
19849 0.000345813
19850 0.000345805
19851 0.000345797
19852 0.000345789
19853 0.000345781
19854 0.000345773
19855 0.000345765
19856 0.000345758
19857 0.00034575
19858 0.000345742
19859 0.000345734
19860 0.000345726
19861 0.000345718
19862 0.00034571
19863 0.000345702
19864 0.000345694
19865 0.000345686
19866 0.000345679
19867 0.000345671
19868 0.000345663
19869 0.000345655
19870 0.000345647
19871 0.000345639
19872 0.000345631
19873 0.000345623
19874 0.000345615
19875 0.000345608
19876 0.0003456
19877 0.000345592
19878 0.000345584
19879 0.000345576
19880 0.000345568
19881 0.00034556
19882 0.000345552
19883 0.000345544
19884 0.000345537
19885 0.000345529
19886 0.000345521
19887 0.000345513
19888 0.000345505
19889 0.000345497
19890 0.000345489
19891 0.000345481
19892 0.000345474
19893 0.000345466
19894 0.000345458
19895 0.00034545
19896 0.000345442
19897 0.000345434
19898 0.000345426
19899 0.000345418
19900 0.00034541
19901 0.000345403
19902 0.000345395
19903 0.000345387
19904 0.000345379
19905 0.000345371
19906 0.000345363
19907 0.000345355
19908 0.000345347
19909 0.00034534
19910 0.000345332
19911 0.000345324
19912 0.000345316
19913 0.000345308
19914 0.0003453
19915 0.000345292
19916 0.000345284
19917 0.000345277
19918 0.000345269
19919 0.000345261
19920 0.000345253
19921 0.000345245
19922 0.000345237
19923 0.000345229
19924 0.000345221
19925 0.000345214
19926 0.000345206
19927 0.000345198
19928 0.00034519
19929 0.000345182
19930 0.000345174
19931 0.000345166
19932 0.000345159
19933 0.000345151
19934 0.000345143
19935 0.000345135
19936 0.000345127
19937 0.000345119
19938 0.000345111
19939 0.000345104
19940 0.000345096
19941 0.000345088
19942 0.00034508
19943 0.000345072
19944 0.000345064
19945 0.000345056
19946 0.000345048
19947 0.000345041
19948 0.000345033
19949 0.000345025
19950 0.000345017
19951 0.000345009
19952 0.000345001
19953 0.000344993
19954 0.000344986
19955 0.000344978
19956 0.00034497
19957 0.000344962
19958 0.000344954
19959 0.000344946
19960 0.000344938
19961 0.000344931
19962 0.000344923
19963 0.000344915
19964 0.000344907
19965 0.000344899
19966 0.000344891
19967 0.000344884
19968 0.000344876
19969 0.000344868
19970 0.00034486
19971 0.000344852
19972 0.000344844
19973 0.000344836
19974 0.000344829
19975 0.000344821
19976 0.000344813
19977 0.000344805
19978 0.000344797
19979 0.000344789
19980 0.000344781
19981 0.000344774
19982 0.000344766
19983 0.000344758
19984 0.00034475
19985 0.000344742
19986 0.000344734
19987 0.000344727
19988 0.000344719
19989 0.000344711
19990 0.000344703
19991 0.000344695
19992 0.000344687
19993 0.000344679
19994 0.000344672
19995 0.000344664
19996 0.000344656
19997 0.000344648
19998 0.00034464
19999 0.000344632
