TITLE = "Residual History"
VARIABLES = "Iteration" "ContinuityResidual"
ZONE F=POINT
0 0.0158203
1 0.0273828
2 0.0359471
3 0.0423512
4 0.047182
5 0.0508636
6 0.0537076
7 0.0559455
8 0.05775
9 0.0592496
10 0.0605398
11 0.0616909
12 0.0627535
13 0.0637635
14 0.0647449
15 0.0657132
16 0.0666768
17 0.0676395
18 0.0686012
19 0.0695599
20 0.070512
21 0.0714532
22 0.0723794
23 0.0732867
24 0.0741715
25 0.0750314
26 0.0758642
27 0.0766685
28 0.0774434
29 0.078189
30 0.0789055
31 0.0795933
32 0.0802534
33 0.0808865
34 0.0814934
35 0.0820751
36 0.0826319
37 0.0831625
38 0.0836682
39 0.0841502
40 0.0846094
41 0.0850467
42 0.085463
43 0.0858591
44 0.0862357
45 0.0865936
46 0.0869333
47 0.0872558
48 0.0875615
49 0.0878512
50 0.0881257
51 0.0883856
52 0.0886315
53 0.0888642
54 0.0890841
55 0.089292
56 0.0894883
57 0.0896737
58 0.0898487
59 0.0900137
60 0.0901694
61 0.0903162
62 0.0904544
63 0.0905847
64 0.0907074
65 0.0908228
66 0.0909315
67 0.0910337
68 0.0911298
69 0.0912201
70 0.091305
71 0.0913848
72 0.0914598
73 0.0915302
74 0.0915964
75 0.0916586
76 0.0917169
77 0.0917718
78 0.0918234
79 0.0918719
80 0.0919176
81 0.0919606
82 0.0920012
83 0.0920396
84 0.0920759
85 0.0921105
86 0.0921434
87 0.092175
88 0.0922053
89 0.0922346
90 0.092263
91 0.0922907
92 0.0923179
93 0.0923448
94 0.0923714
95 0.092398
96 0.0924247
97 0.0924516
98 0.0924787
99 0.0925052
100 0.0925315
101 0.0925578
102 0.0925846
103 0.0926121
104 0.0926404
105 0.0926698
106 0.0927003
107 0.092732
108 0.0927651
109 0.0927996
110 0.0928355
111 0.0928728
112 0.0929116
113 0.0929518
114 0.0929935
115 0.0930366
116 0.0930812
117 0.0931271
118 0.0931745
119 0.0932232
120 0.0932732
121 0.0933244
122 0.093377
123 0.0934306
124 0.0934854
125 0.0935412
126 0.093598
127 0.0936556
128 0.093714
129 0.093773
130 0.0938325
131 0.0938923
132 0.0939524
133 0.0940124
134 0.0940722
135 0.0941316
136 0.0941902
137 0.0942479
138 0.0943044
139 0.0943593
140 0.0944122
141 0.0944629
142 0.0945109
143 0.0945559
144 0.0945973
145 0.0946348
146 0.0946678
147 0.094696
148 0.0947187
149 0.0947355
150 0.0947458
151 0.0947492
152 0.0947451
153 0.0947329
154 0.0947122
155 0.0946823
156 0.094643
157 0.0945935
158 0.0945336
159 0.0944626
160 0.0943803
161 0.0942862
162 0.09418
163 0.0940614
164 0.09393
165 0.0937858
166 0.0936283
167 0.0934577
168 0.0932736
169 0.0930761
170 0.0928651
171 0.0926406
172 0.0924029
173 0.0921518
174 0.0918877
175 0.0916106
176 0.0913209
177 0.0910188
178 0.0907045
179 0.0903785
180 0.090041
181 0.0896925
182 0.0893333
183 0.0889639
184 0.0885847
185 0.0881961
186 0.0877987
187 0.0873927
188 0.0869788
189 0.0865574
190 0.086129
191 0.085694
192 0.0852528
193 0.0848059
194 0.0843537
195 0.0838966
196 0.083435
197 0.0829692
198 0.0824998
199 0.0820269
200 0.081551
201 0.0810724
202 0.0805915
203 0.0801084
204 0.0796237
205 0.0791374
206 0.07865
207 0.0781616
208 0.0776724
209 0.0771826
210 0.0766924
211 0.0762019
212 0.0757112
213 0.0752206
214 0.07473
215 0.0742397
216 0.0737498
217 0.0732603
218 0.0727713
219 0.072283
220 0.0717953
221 0.0713084
222 0.0708223
223 0.0703371
224 0.0698529
225 0.0693696
226 0.0688873
227 0.0684061
228 0.0679261
229 0.0674472
230 0.0669694
231 0.0664929
232 0.0660177
233 0.0655437
234 0.065071
235 0.0645996
236 0.0641296
237 0.063661
238 0.0631938
239 0.062728
240 0.0622636
241 0.0618008
242 0.0613394
243 0.0608796
244 0.0604213
245 0.0599646
246 0.0595095
247 0.0590559
248 0.058604
249 0.0581538
250 0.0577052
251 0.0572583
252 0.056813
253 0.0563693
254 0.0559274
255 0.0554871
256 0.0550486
257 0.0546119
258 0.0541769
259 0.0537436
260 0.0533122
261 0.0528825
262 0.0524546
263 0.0520284
264 0.0516041
265 0.0511815
266 0.0507606
267 0.0503415
268 0.0499241
269 0.0495085
270 0.0490945
271 0.0486823
272 0.0482718
273 0.0478629
274 0.0474557
275 0.0470501
276 0.0466459
277 0.0462431
278 0.0458419
279 0.0454421
280 0.0450439
281 0.0446472
282 0.0442521
283 0.0438584
284 0.0434663
285 0.0430757
286 0.0426865
287 0.0422988
288 0.0419126
289 0.0415278
290 0.0411445
291 0.0407626
292 0.0403822
293 0.0400033
294 0.0396259
295 0.03925
296 0.0388757
297 0.038503
298 0.038132
299 0.0377627
300 0.0373952
301 0.0370297
302 0.0366661
303 0.0363047
304 0.0359456
305 0.0355889
306 0.0352348
307 0.0348835
308 0.0345352
309 0.0341902
310 0.0338486
311 0.0335109
312 0.0331773
313 0.0328481
314 0.0325237
315 0.0322045
316 0.0318909
317 0.0315833
318 0.0312823
319 0.0309883
320 0.0307019
321 0.0304237
322 0.0301543
323 0.0298942
324 0.0296442
325 0.0294049
326 0.0291771
327 0.0289614
328 0.0287586
329 0.0285695
330 0.0283948
331 0.0282353
332 0.0280917
333 0.0279649
334 0.0278554
335 0.0277642
336 0.0276917
337 0.0276387
338 0.0276058
339 0.0275935
340 0.0276024
341 0.0276327
342 0.027685
343 0.0277593
344 0.0278559
345 0.027975
346 0.0281167
347 0.0282809
348 0.0284674
349 0.0286763
350 0.028907
351 0.0291594
352 0.0294329
353 0.0297272
354 0.0300416
355 0.0303756
356 0.0307285
357 0.0310996
358 0.0314883
359 0.0318937
360 0.0323151
361 0.0327518
362 0.0332029
363 0.0336676
364 0.0341452
365 0.0346348
366 0.0351355
367 0.0356467
368 0.0361675
369 0.0366972
370 0.037235
371 0.0377801
372 0.0383319
373 0.0388895
374 0.0394524
375 0.04002
376 0.0405915
377 0.0411665
378 0.0417442
379 0.0423241
380 0.0429057
381 0.0434884
382 0.0440717
383 0.0446552
384 0.0452384
385 0.0458208
386 0.0464021
387 0.0469818
388 0.0475595
389 0.048135
390 0.0487078
391 0.0492777
392 0.0498444
393 0.0504077
394 0.0509672
395 0.0515227
396 0.052074
397 0.052621
398 0.0531633
399 0.053701
400 0.0542337
401 0.0547614
402 0.0552839
403 0.0558011
404 0.0563129
405 0.0568192
406 0.0573199
407 0.057815
408 0.0583044
409 0.058788
410 0.0592658
411 0.0597377
412 0.0602037
413 0.0606638
414 0.061118
415 0.0615662
416 0.0620086
417 0.0624451
418 0.0628756
419 0.0633003
420 0.0637192
421 0.0641322
422 0.0645395
423 0.064941
424 0.0653367
425 0.0657268
426 0.0661112
427 0.0664901
428 0.0668633
429 0.0672311
430 0.0675934
431 0.0679503
432 0.0683019
433 0.0686481
434 0.0689891
435 0.069325
436 0.0696557
437 0.0699813
438 0.070302
439 0.0706177
440 0.0709285
441 0.0712345
442 0.0715357
443 0.0718321
444 0.0721239
445 0.0724111
446 0.0726938
447 0.0729719
448 0.0732455
449 0.0735148
450 0.0737797
451 0.0740404
452 0.0742968
453 0.074549
454 0.074797
455 0.075041
456 0.0752809
457 0.0755167
458 0.0757485
459 0.0759764
460 0.0762003
461 0.0764202
462 0.0766363
463 0.0768486
464 0.0770569
465 0.0772615
466 0.0774622
467 0.0776591
468 0.0778522
469 0.0780415
470 0.078227
471 0.0784087
472 0.0785866
473 0.0787607
474 0.078931
475 0.0790974
476 0.07926
477 0.0794186
478 0.0795734
479 0.0797242
480 0.079871
481 0.0800138
482 0.0801526
483 0.0802872
484 0.0804177
485 0.080544
486 0.0806661
487 0.0807838
488 0.0808972
489 0.0810062
490 0.0811107
491 0.0812106
492 0.0813059
493 0.0813966
494 0.0814824
495 0.0815635
496 0.0816397
497 0.0817108
498 0.0817769
499 0.0818378
500 0.0818935
501 0.0819439
502 0.081989
503 0.0820286
504 0.0820627
505 0.0820912
506 0.082114
507 0.0821311
508 0.0821424
509 0.0821478
510 0.0821473
511 0.0821407
512 0.0821281
513 0.0821093
514 0.0820843
515 0.082053
516 0.0820154
517 0.0819714
518 0.081921
519 0.0818641
520 0.0818008
521 0.0817309
522 0.0816544
523 0.0815713
524 0.0814815
525 0.0813852
526 0.0812822
527 0.0811725
528 0.0810561
529 0.080933
530 0.0808033
531 0.0806669
532 0.0805239
533 0.0803742
534 0.080218
535 0.0800551
536 0.0798857
537 0.0797098
538 0.0795274
539 0.0793386
540 0.0791434
541 0.0789419
542 0.0787342
543 0.0785203
544 0.0783002
545 0.0780741
546 0.0778421
547 0.0776041
548 0.0773603
549 0.0771108
550 0.0768556
551 0.0765949
552 0.0763286
553 0.076057
554 0.0757802
555 0.0754981
556 0.0752109
557 0.0749188
558 0.0746217
559 0.0743199
560 0.0740135
561 0.0737024
562 0.0733869
563 0.073067
564 0.0727429
565 0.0724147
566 0.0720824
567 0.0717462
568 0.0714061
569 0.0710623
570 0.0707148
571 0.0703639
572 0.0700095
573 0.0696519
574 0.069291
575 0.0689271
576 0.0685602
577 0.0681904
578 0.0678177
579 0.0674424
580 0.0670645
581 0.066684
582 0.0663011
583 0.0659158
584 0.0655282
585 0.0651384
586 0.0647465
587 0.0643526
588 0.0639566
589 0.0635588
590 0.0631591
591 0.0627576
592 0.0623544
593 0.0619496
594 0.0615431
595 0.0611351
596 0.0607256
597 0.0603146
598 0.0599023
599 0.0594885
600 0.0590735
601 0.0586572
602 0.0582396
603 0.0578208
604 0.0574009
605 0.0569798
606 0.0565575
607 0.0561342
608 0.0557098
609 0.0552843
610 0.0548578
611 0.0544302
612 0.0540016
613 0.053572
614 0.0531415
615 0.0527099
616 0.0522773
617 0.0518438
618 0.0514093
619 0.0509739
620 0.0505375
621 0.0501001
622 0.0496618
623 0.0492224
624 0.0487821
625 0.0483408
626 0.0478985
627 0.0474551
628 0.0470107
629 0.0465653
630 0.0461188
631 0.0456712
632 0.0452226
633 0.0447728
634 0.044322
635 0.04387
636 0.0434168
637 0.0429625
638 0.042507
639 0.0420504
640 0.0415925
641 0.0411335
642 0.0406732
643 0.0402117
644 0.0397489
645 0.0392849
646 0.0388197
647 0.0383532
648 0.0378854
649 0.0374162
650 0.0369458
651 0.0364741
652 0.0360012
653 0.035527
654 0.0350517
655 0.0345751
656 0.0340974
657 0.0336186
658 0.0331386
659 0.0326577
660 0.0321757
661 0.0316927
662 0.0312088
663 0.0307241
664 0.0302386
665 0.0297524
666 0.0292656
667 0.0287782
668 0.0282904
669 0.0278023
670 0.0273141
671 0.0268258
672 0.0263376
673 0.0258497
674 0.0253622
675 0.0248754
676 0.0243895
677 0.0239047
678 0.0234213
679 0.0229395
680 0.0224597
681 0.0219822
682 0.0215074
683 0.0210356
684 0.0205673
685 0.020103
686 0.0196431
687 0.0191881
688 0.0187388
689 0.0182956
690 0.0178594
691 0.0174308
692 0.0170107
693 0.0166
694 0.0161995
695 0.0158104
696 0.0154336
697 0.0150703
698 0.0147218
699 0.0143893
700 0.0140742
701 0.0137778
702 0.0135015
703 0.0132469
704 0.0130153
705 0.0128081
706 0.0126268
707 0.0124724
708 0.0123462
709 0.012249
710 0.0121817
711 0.0121448
712 0.0121385
713 0.0121628
714 0.0122177
715 0.0123025
716 0.0124165
717 0.0125589
718 0.0127285
719 0.0129244
720 0.0131451
721 0.0133894
722 0.0136557
723 0.0139426
724 0.0142488
725 0.0145727
726 0.0149129
727 0.0152682
728 0.0156373
729 0.0160189
730 0.0164119
731 0.0168153
732 0.0172279
733 0.017649
734 0.0180775
735 0.0185127
736 0.0189539
737 0.0194003
738 0.0198512
739 0.0203061
740 0.0207644
741 0.0212256
742 0.0216892
743 0.0221547
744 0.0226217
745 0.0230898
746 0.0235587
747 0.0240281
748 0.0244975
749 0.0249668
750 0.0254356
751 0.0259037
752 0.0263708
753 0.0268368
754 0.0273014
755 0.0277644
756 0.0282256
757 0.0286849
758 0.0291421
759 0.0295971
760 0.0300496
761 0.0304996
762 0.030947
763 0.0313917
764 0.0318334
765 0.0322722
766 0.032708
767 0.0331406
768 0.0335699
769 0.033996
770 0.0344187
771 0.034838
772 0.0352539
773 0.0356661
774 0.0360748
775 0.0364799
776 0.0368813
777 0.037279
778 0.037673
779 0.0380632
780 0.0384496
781 0.0388322
782 0.039211
783 0.039586
784 0.0399571
785 0.0403244
786 0.0406877
787 0.0410472
788 0.0414028
789 0.0417545
790 0.0421023
791 0.0424462
792 0.0427861
793 0.0431221
794 0.0434542
795 0.0437825
796 0.0441069
797 0.0444274
798 0.0447441
799 0.0450569
800 0.0453659
801 0.045671
802 0.0459723
803 0.0462698
804 0.0465635
805 0.0468534
806 0.0471396
807 0.0474219
808 0.0477005
809 0.0479753
810 0.0482464
811 0.0485138
812 0.0487774
813 0.0490373
814 0.0492935
815 0.0495459
816 0.0497947
817 0.0500398
818 0.0502811
819 0.0505188
820 0.0507528
821 0.0509831
822 0.0512097
823 0.0514326
824 0.0516518
825 0.0518673
826 0.0520792
827 0.0522873
828 0.0524917
829 0.0526924
830 0.0528894
831 0.0530827
832 0.0532722
833 0.0534579
834 0.0536399
835 0.0538182
836 0.0539926
837 0.0541632
838 0.05433
839 0.054493
840 0.0546521
841 0.0548073
842 0.0549586
843 0.0551061
844 0.0552496
845 0.0553891
846 0.0555247
847 0.0556562
848 0.0557837
849 0.0559072
850 0.0560266
851 0.0561419
852 0.0562531
853 0.0563601
854 0.0564629
855 0.0565615
856 0.0566559
857 0.056746
858 0.0568318
859 0.0569133
860 0.0569905
861 0.0570633
862 0.0571318
863 0.0571958
864 0.0572555
865 0.0573106
866 0.0573613
867 0.0574075
868 0.0574492
869 0.0574863
870 0.0575188
871 0.0575467
872 0.0575701
873 0.0575888
874 0.0576028
875 0.0576123
876 0.057617
877 0.057617
878 0.0576124
879 0.057603
880 0.0575889
881 0.05757
882 0.0575465
883 0.0575182
884 0.0574851
885 0.0574473
886 0.0574047
887 0.0573573
888 0.0573053
889 0.0572484
890 0.0571868
891 0.0571205
892 0.0570495
893 0.0569737
894 0.0568932
895 0.056808
896 0.0567181
897 0.0566236
898 0.0565244
899 0.0564206
900 0.0563122
901 0.0561992
902 0.0560817
903 0.0559596
904 0.055833
905 0.0557019
906 0.0555664
907 0.0554264
908 0.0552821
909 0.0551334
910 0.0549805
911 0.0548232
912 0.0546617
913 0.054496
914 0.0543262
915 0.0541522
916 0.0539742
917 0.0537921
918 0.0536061
919 0.0534161
920 0.0532222
921 0.0530245
922 0.0528229
923 0.0526176
924 0.0524087
925 0.0521961
926 0.0519799
927 0.0517601
928 0.0515369
929 0.0513102
930 0.0510802
931 0.0508468
932 0.0506102
933 0.0503703
934 0.0501273
935 0.0498811
936 0.0496319
937 0.0493796
938 0.0491244
939 0.0488663
940 0.0486053
941 0.0483415
942 0.048075
943 0.0478058
944 0.047534
945 0.0472595
946 0.0469825
947 0.046703
948 0.046421
949 0.0461367
950 0.04585
951 0.045561
952 0.0452697
953 0.0449763
954 0.0446806
955 0.0443829
956 0.044083
957 0.0437811
958 0.0434773
959 0.0431714
960 0.0428637
961 0.042554
962 0.0422426
963 0.0419293
964 0.0416142
965 0.0412974
966 0.040979
967 0.0406588
968 0.040337
969 0.0400137
970 0.0396887
971 0.0393622
972 0.0390342
973 0.0387047
974 0.0383738
975 0.0380414
976 0.0377076
977 0.0373723
978 0.0370358
979 0.0366978
980 0.0363586
981 0.0360181
982 0.0356763
983 0.0353333
984 0.034989
985 0.0346436
986 0.0342969
987 0.0339491
988 0.0336002
989 0.0332501
990 0.0328989
991 0.0325466
992 0.0321932
993 0.0318388
994 0.0314834
995 0.0311269
996 0.0307695
997 0.0304111
998 0.0300517
999 0.0296914
1000 0.0293302
1001 0.0289681
1002 0.0286051
1003 0.0282413
1004 0.0278767
1005 0.0275113
1006 0.0271452
1007 0.0267784
1008 0.0264109
1009 0.0260427
1010 0.0256739
1011 0.0253046
1012 0.0249347
1013 0.0245644
1014 0.0241936
1015 0.0238225
1016 0.023451
1017 0.0230793
1018 0.0227074
1019 0.0223354
1020 0.0219633
1021 0.0215913
1022 0.0212194
1023 0.0208478
1024 0.0204765
1025 0.0201056
1026 0.0197353
1027 0.0193657
1028 0.0189969
1029 0.018629
1030 0.0182623
1031 0.0178969
1032 0.0175329
1033 0.0171705
1034 0.0168101
1035 0.0164518
1036 0.0160959
1037 0.0157426
1038 0.0153923
1039 0.0150454
1040 0.0147021
1041 0.0143628
1042 0.0140279
1043 0.013698
1044 0.0133734
1045 0.0130547
1046 0.0127425
1047 0.0124373
1048 0.0121399
1049 0.0118508
1050 0.011571
1051 0.0113011
1052 0.011042
1053 0.0107946
1054 0.0105599
1055 0.0103387
1056 0.0101322
1057 0.00994119
1058 0.00976683
1059 0.00961006
1060 0.00947182
1061 0.00935302
1062 0.00925445
1063 0.00917684
1064 0.00912076
1065 0.00908665
1066 0.00907478
1067 0.00908526
1068 0.00911803
1069 0.00917284
1070 0.00924929
1071 0.00934683
1072 0.00946478
1073 0.00960234
1074 0.00975863
1075 0.0099327
1076 0.0101235
1077 0.0103301
1078 0.0105515
1079 0.0107866
1080 0.0110345
1081 0.0112943
1082 0.0115651
1083 0.0118461
1084 0.0121363
1085 0.012435
1086 0.0127416
1087 0.0130552
1088 0.0133753
1089 0.0137014
1090 0.0140327
1091 0.0143689
1092 0.0147094
1093 0.0150538
1094 0.0154017
1095 0.0157527
1096 0.0161065
1097 0.0164626
1098 0.0168209
1099 0.017181
1100 0.0175426
1101 0.0179055
1102 0.0182695
1103 0.0186343
1104 0.0189997
1105 0.0193656
1106 0.0197317
1107 0.0200979
1108 0.0204639
1109 0.0208298
1110 0.0211953
1111 0.0215602
1112 0.0219245
1113 0.022288
1114 0.0226507
1115 0.0230124
1116 0.0233729
1117 0.0237323
1118 0.0240904
1119 0.0244471
1120 0.0248024
1121 0.0251561
1122 0.0255081
1123 0.0258585
1124 0.0262071
1125 0.0265539
1126 0.0268988
1127 0.0272417
1128 0.0275827
1129 0.0279215
1130 0.0282583
1131 0.0285929
1132 0.0289253
1133 0.0292554
1134 0.0295832
1135 0.0299087
1136 0.0302318
1137 0.0305525
1138 0.0308708
1139 0.0311866
1140 0.0314998
1141 0.0318105
1142 0.0321186
1143 0.0324241
1144 0.032727
1145 0.0330272
1146 0.0333247
1147 0.0336195
1148 0.0339116
1149 0.0342009
1150 0.0344875
1151 0.0347713
1152 0.0350522
1153 0.0353304
1154 0.0356057
1155 0.0358781
1156 0.0361477
1157 0.0364144
1158 0.0366782
1159 0.0369391
1160 0.0371971
1161 0.0374521
1162 0.0377041
1163 0.0379532
1164 0.0381994
1165 0.0384425
1166 0.0386827
1167 0.0389199
1168 0.0391541
1169 0.0393852
1170 0.0396134
1171 0.0398385
1172 0.0400606
1173 0.0402796
1174 0.0404956
1175 0.0407085
1176 0.0409183
1177 0.0411251
1178 0.0413287
1179 0.0415293
1180 0.0417268
1181 0.0419211
1182 0.0421124
1183 0.0423005
1184 0.0424854
1185 0.0426673
1186 0.0428459
1187 0.0430215
1188 0.0431938
1189 0.043363
1190 0.043529
1191 0.0436917
1192 0.0438513
1193 0.0440077
1194 0.0441609
1195 0.0443108
1196 0.0444574
1197 0.0446009
1198 0.044741
1199 0.0448779
1200 0.0450115
1201 0.0451418
1202 0.0452689
1203 0.0453926
1204 0.045513
1205 0.0456301
1206 0.0457438
1207 0.0458542
1208 0.0459612
1209 0.0460649
1210 0.0461652
1211 0.0462621
1212 0.0463556
1213 0.0464457
1214 0.0465324
1215 0.0466157
1216 0.0466955
1217 0.0467719
1218 0.0468448
1219 0.0469143
1220 0.0469803
1221 0.0470428
1222 0.0471019
1223 0.0471574
1224 0.0472095
1225 0.047258
1226 0.047303
1227 0.0473445
1228 0.0473824
1229 0.0474168
1230 0.0474477
1231 0.047475
1232 0.0474988
1233 0.047519
1234 0.0475356
1235 0.0475487
1236 0.0475582
1237 0.0475641
1238 0.0475665
1239 0.0475653
1240 0.0475605
1241 0.0475521
1242 0.0475401
1243 0.0475246
1244 0.0475055
1245 0.0474828
1246 0.0474566
1247 0.0474268
1248 0.0473934
1249 0.0473564
1250 0.0473159
1251 0.0472719
1252 0.0472243
1253 0.0471732
1254 0.0471185
1255 0.0470603
1256 0.0469986
1257 0.0469334
1258 0.0468648
1259 0.0467926
1260 0.046717
1261 0.0466379
1262 0.0465553
1263 0.0464694
1264 0.04638
1265 0.0462872
1266 0.046191
1267 0.0460915
1268 0.0459886
1269 0.0458824
1270 0.0457728
1271 0.04566
1272 0.0455439
1273 0.0454245
1274 0.0453019
1275 0.045176
1276 0.045047
1277 0.0449148
1278 0.0447794
1279 0.0446409
1280 0.0444993
1281 0.0443546
1282 0.0442068
1283 0.044056
1284 0.0439022
1285 0.0437454
1286 0.0435857
1287 0.043423
1288 0.0432574
1289 0.0430889
1290 0.0429176
1291 0.0427435
1292 0.0425665
1293 0.0423868
1294 0.0422043
1295 0.0420191
1296 0.0418313
1297 0.0416407
1298 0.0414476
1299 0.0412518
1300 0.0410535
1301 0.0408526
1302 0.0406492
1303 0.0404433
1304 0.040235
1305 0.0400243
1306 0.0398111
1307 0.0395956
1308 0.0393778
1309 0.0391576
1310 0.0389351
1311 0.0387104
1312 0.0384835
1313 0.0382543
1314 0.038023
1315 0.0377896
1316 0.037554
1317 0.0373164
1318 0.0370767
1319 0.0368349
1320 0.0365912
1321 0.0363455
1322 0.0360979
1323 0.0358483
1324 0.0355968
1325 0.0353435
1326 0.0350883
1327 0.0348314
1328 0.0345726
1329 0.0343121
1330 0.0340498
1331 0.0337859
1332 0.0335202
1333 0.0332529
1334 0.032984
1335 0.0327135
1336 0.0324413
1337 0.0321677
1338 0.0318925
1339 0.0316157
1340 0.0313375
1341 0.0310579
1342 0.0307768
1343 0.0304943
1344 0.0302104
1345 0.0299251
1346 0.0296386
1347 0.0293507
1348 0.0290615
1349 0.028771
1350 0.0284793
1351 0.0281863
1352 0.0278922
1353 0.0275969
1354 0.0273005
1355 0.0270029
1356 0.0267043
1357 0.0264046
1358 0.0261038
1359 0.025802
1360 0.0254993
1361 0.0251956
1362 0.0248909
1363 0.0245854
1364 0.0242789
1365 0.0239717
1366 0.0236636
1367 0.0233548
1368 0.0230452
1369 0.0227349
1370 0.0224239
1371 0.0221123
1372 0.0218001
1373 0.0214873
1374 0.021174
1375 0.0208602
1376 0.020546
1377 0.0202315
1378 0.0199166
1379 0.0196014
1380 0.0192859
1381 0.0189704
1382 0.0186547
1383 0.0183389
1384 0.0180232
1385 0.0177075
1386 0.0173921
1387 0.0170768
1388 0.0167619
1389 0.0164474
1390 0.0161335
1391 0.0158201
1392 0.0155074
1393 0.0151956
1394 0.0148848
1395 0.014575
1396 0.0142665
1397 0.0139593
1398 0.0136537
1399 0.0133499
1400 0.0130479
1401 0.0127481
1402 0.0124506
1403 0.0121557
1404 0.0118636
1405 0.0115747
1406 0.0112892
1407 0.0110074
1408 0.0107298
1409 0.0104567
1410 0.0101885
1411 0.0099257
1412 0.0096688
1413 0.00941832
1414 0.00917485
1415 0.00893899
1416 0.00871142
1417 0.00849285
1418 0.00828402
1419 0.00808572
1420 0.00789878
1421 0.00772405
1422 0.00756239
1423 0.00741468
1424 0.00728177
1425 0.00716449
1426 0.00706362
1427 0.00697986
1428 0.00691381
1429 0.00686598
1430 0.0068367
1431 0.00682619
1432 0.00683449
1433 0.00686148
1434 0.00690689
1435 0.0069703
1436 0.00705116
1437 0.0071488
1438 0.00726248
1439 0.00739136
1440 0.00753458
1441 0.00769125
1442 0.00786047
1443 0.00804136
1444 0.00823303
1445 0.00843466
1446 0.00864543
1447 0.00886459
1448 0.00909142
1449 0.00932525
1450 0.00956545
1451 0.00981144
1452 0.0100627
1453 0.0103187
1454 0.0105789
1455 0.010843
1456 0.0111106
1457 0.0113812
1458 0.0116546
1459 0.0119304
1460 0.0122084
1461 0.0124883
1462 0.0127698
1463 0.0130528
1464 0.0133369
1465 0.0136221
1466 0.0139081
1467 0.0141947
1468 0.0144819
1469 0.0147694
1470 0.0150571
1471 0.0153448
1472 0.0156325
1473 0.0159201
1474 0.0162074
1475 0.0164943
1476 0.0167807
1477 0.0170666
1478 0.0173518
1479 0.0176364
1480 0.0179201
1481 0.0182029
1482 0.0184848
1483 0.0187657
1484 0.0190455
1485 0.0193242
1486 0.0196016
1487 0.0198779
1488 0.0201528
1489 0.0204264
1490 0.0206986
1491 0.0209694
1492 0.0212386
1493 0.0215064
1494 0.0217726
1495 0.0220371
1496 0.0223
1497 0.0225613
1498 0.0228208
1499 0.0230786
1500 0.0233346
1501 0.0235888
1502 0.0238411
1503 0.0240916
1504 0.0243402
1505 0.0245868
1506 0.0248315
1507 0.0250742
1508 0.025315
1509 0.0255537
1510 0.0257903
1511 0.0260249
1512 0.0262574
1513 0.0264878
1514 0.0267161
1515 0.0269422
1516 0.0271661
1517 0.0273879
1518 0.0276075
1519 0.0278248
1520 0.0280399
1521 0.0282527
1522 0.0284633
1523 0.0286716
1524 0.0288776
1525 0.0290813
1526 0.0292827
1527 0.0294817
1528 0.0296784
1529 0.0298727
1530 0.0300646
1531 0.0302542
1532 0.0304413
1533 0.030626
1534 0.0308084
1535 0.0309882
1536 0.0311656
1537 0.0313406
1538 0.0315131
1539 0.0316831
1540 0.0318506
1541 0.0320157
1542 0.0321782
1543 0.0323382
1544 0.0324957
1545 0.0326506
1546 0.032803
1547 0.0329529
1548 0.0331002
1549 0.0332449
1550 0.033387
1551 0.0335266
1552 0.0336635
1553 0.0337979
1554 0.0339297
1555 0.0340588
1556 0.0341853
1557 0.0343092
1558 0.0344304
1559 0.034549
1560 0.034665
1561 0.0347782
1562 0.0348889
1563 0.0349968
1564 0.0351021
1565 0.0352047
1566 0.0353046
1567 0.0354018
1568 0.0354963
1569 0.0355881
1570 0.0356771
1571 0.0357635
1572 0.0358471
1573 0.035928
1574 0.0360062
1575 0.0360816
1576 0.0361543
1577 0.0362243
1578 0.0362915
1579 0.0363559
1580 0.0364176
1581 0.0364766
1582 0.0365327
1583 0.0365861
1584 0.0366368
1585 0.0366846
1586 0.0367297
1587 0.036772
1588 0.0368115
1589 0.0368483
1590 0.0368822
1591 0.0369134
1592 0.0369418
1593 0.0369674
1594 0.0369903
1595 0.0370103
1596 0.0370276
1597 0.0370421
1598 0.0370538
1599 0.0370627
1600 0.0370688
1601 0.0370722
1602 0.0370728
1603 0.0370706
1604 0.0370656
1605 0.0370579
1606 0.0370474
1607 0.0370342
1608 0.0370182
1609 0.0369994
1610 0.0369779
1611 0.0369537
1612 0.0369267
1613 0.0368969
1614 0.0368645
1615 0.0368293
1616 0.0367915
1617 0.0367509
1618 0.0367076
1619 0.0366616
1620 0.036613
1621 0.0365616
1622 0.0365076
1623 0.036451
1624 0.0363917
1625 0.0363297
1626 0.0362651
1627 0.036198
1628 0.0361282
1629 0.0360558
1630 0.0359808
1631 0.0359032
1632 0.0358231
1633 0.0357405
1634 0.0356553
1635 0.0355675
1636 0.0354773
1637 0.0353846
1638 0.0352894
1639 0.0351917
1640 0.0350915
1641 0.0349889
1642 0.0348839
1643 0.0347765
1644 0.0346667
1645 0.0345545
1646 0.0344399
1647 0.034323
1648 0.0342037
1649 0.0340822
1650 0.0339583
1651 0.0338321
1652 0.0337037
1653 0.033573
1654 0.0334401
1655 0.033305
1656 0.0331677
1657 0.0330282
1658 0.0328865
1659 0.0327427
1660 0.0325967
1661 0.0324487
1662 0.0322985
1663 0.0321463
1664 0.0319921
1665 0.0318358
1666 0.0316774
1667 0.0315171
1668 0.0313548
1669 0.0311906
1670 0.0310244
1671 0.0308563
1672 0.0306863
1673 0.0305144
1674 0.0303406
1675 0.0301651
1676 0.0299876
1677 0.0298084
1678 0.0296274
1679 0.0294446
1680 0.0292601
1681 0.0290739
1682 0.0288859
1683 0.0286963
1684 0.028505
1685 0.0283121
1686 0.0281175
1687 0.0279213
1688 0.0277236
1689 0.0275243
1690 0.0273234
1691 0.027121
1692 0.0269171
1693 0.0267117
1694 0.0265048
1695 0.0262965
1696 0.0260868
1697 0.0258757
1698 0.0256631
1699 0.0254493
1700 0.025234
1701 0.0250175
1702 0.0247996
1703 0.0245805
1704 0.0243601
1705 0.0241384
1706 0.0239156
1707 0.0236915
1708 0.0234663
1709 0.0232399
1710 0.0230124
1711 0.0227837
1712 0.022554
1713 0.0223232
1714 0.0220913
1715 0.0218584
1716 0.0216246
1717 0.0213897
1718 0.0211539
1719 0.0209172
1720 0.0206795
1721 0.020441
1722 0.0202016
1723 0.0199614
1724 0.0197204
1725 0.0194787
1726 0.0192361
1727 0.0189929
1728 0.0187489
1729 0.0185043
1730 0.0182591
1731 0.0180132
1732 0.0177668
1733 0.0175199
1734 0.0172724
1735 0.0170245
1736 0.0167761
1737 0.0165274
1738 0.0162783
1739 0.0160289
1740 0.0157792
1741 0.0155293
1742 0.0152792
1743 0.015029
1744 0.0147787
1745 0.0145283
1746 0.014278
1747 0.0140277
1748 0.0137776
1749 0.0135278
1750 0.0132781
1751 0.0130289
1752 0.01278
1753 0.0125317
1754 0.0122839
1755 0.0120368
1756 0.0117905
1757 0.0115451
1758 0.0113007
1759 0.0110573
1760 0.0108153
1761 0.0105745
1762 0.0103354
1763 0.0100979
1764 0.0098622
1765 0.00962858
1766 0.0093972
1767 0.00916828
1768 0.00894204
1769 0.00871874
1770 0.00849866
1771 0.0082821
1772 0.00806937
1773 0.00786083
1774 0.00765686
1775 0.00745786
1776 0.00726428
1777 0.00707658
1778 0.00689529
1779 0.00672094
1780 0.0065541
1781 0.00639539
1782 0.00624543
1783 0.00610489
1784 0.00597443
1785 0.00585473
1786 0.00574647
1787 0.0056503
1788 0.00556683
1789 0.00549662
1790 0.00544018
1791 0.00539791
1792 0.00537012
1793 0.005357
1794 0.00535862
1795 0.00537492
1796 0.00540572
1797 0.00545073
1798 0.00550954
1799 0.00558167
1800 0.00566653
1801 0.0057635
1802 0.00587191
1803 0.00599107
1804 0.00612028
1805 0.00625884
1806 0.00640606
1807 0.00656129
1808 0.00672388
1809 0.00689323
1810 0.00706877
1811 0.00724997
1812 0.00743633
1813 0.00762737
1814 0.00782268
1815 0.00802185
1816 0.0082245
1817 0.00843031
1818 0.00863895
1819 0.00885014
1820 0.00906361
1821 0.0092791
1822 0.0094964
1823 0.00971528
1824 0.00993556
1825 0.0101571
1826 0.0103796
1827 0.010603
1828 0.0108272
1829 0.011052
1830 0.0112773
1831 0.0115029
1832 0.0117288
1833 0.0119549
1834 0.012181
1835 0.0124071
1836 0.0126331
1837 0.0128589
1838 0.0130844
1839 0.0133096
1840 0.0135344
1841 0.0137587
1842 0.0139824
1843 0.0142056
1844 0.0144281
1845 0.0146499
1846 0.014871
1847 0.0150913
1848 0.0153108
1849 0.0155293
1850 0.0157469
1851 0.0159636
1852 0.0161793
1853 0.0163939
1854 0.0166074
1855 0.0168198
1856 0.0170311
1857 0.0172412
1858 0.0174501
1859 0.0176578
1860 0.0178642
1861 0.0180693
1862 0.018273
1863 0.0184754
1864 0.0186765
1865 0.0188762
1866 0.0190744
1867 0.0192712
1868 0.0194665
1869 0.0196603
1870 0.0198527
1871 0.0200434
1872 0.0202327
1873 0.0204204
1874 0.0206064
1875 0.0207909
1876 0.0209738
1877 0.021155
1878 0.0213345
1879 0.0215124
1880 0.0216886
1881 0.021863
1882 0.0220358
1883 0.0222068
1884 0.022376
1885 0.0225435
1886 0.0227092
1887 0.0228731
1888 0.0230352
1889 0.0231954
1890 0.0233539
1891 0.0235105
1892 0.0236652
1893 0.023818
1894 0.023969
1895 0.024118
1896 0.0242652
1897 0.0244104
1898 0.0245537
1899 0.0246951
1900 0.0248345
1901 0.0249719
1902 0.0251074
1903 0.0252409
1904 0.0253724
1905 0.0255019
1906 0.0256294
1907 0.0257549
1908 0.0258784
1909 0.0259998
1910 0.0261192
1911 0.0262366
1912 0.0263518
1913 0.0264651
1914 0.0265762
1915 0.0266853
1916 0.0267922
1917 0.0268971
1918 0.0269999
1919 0.0271006
1920 0.0271992
1921 0.0272956
1922 0.0273899
1923 0.0274821
1924 0.0275722
1925 0.0276601
1926 0.0277459
1927 0.0278295
1928 0.0279109
1929 0.0279902
1930 0.0280674
1931 0.0281423
1932 0.0282151
1933 0.0282857
1934 0.0283541
1935 0.0284204
1936 0.0284844
1937 0.0285463
1938 0.0286059
1939 0.0286634
1940 0.0287186
1941 0.0287717
1942 0.0288225
1943 0.0288712
1944 0.0289176
1945 0.0289618
1946 0.0290038
1947 0.0290436
1948 0.0290811
1949 0.0291165
1950 0.0291496
1951 0.0291805
1952 0.0292092
1953 0.0292357
1954 0.0292599
1955 0.0292819
1956 0.0293017
1957 0.0293193
1958 0.0293347
1959 0.0293478
1960 0.0293588
1961 0.0293675
1962 0.029374
1963 0.0293783
1964 0.0293804
1965 0.0293803
1966 0.0293779
1967 0.0293734
1968 0.0293667
1969 0.0293578
1970 0.0293466
1971 0.0293333
1972 0.0293178
1973 0.0293002
1974 0.0292803
1975 0.0292583
1976 0.0292341
1977 0.0292077
1978 0.0291792
1979 0.0291486
1980 0.0291157
1981 0.0290808
1982 0.0290437
1983 0.0290045
1984 0.0289631
1985 0.0289197
1986 0.0288741
1987 0.0288264
1988 0.0287766
1989 0.0287248
1990 0.0286708
1991 0.0286148
1992 0.0285567
1993 0.0284966
1994 0.0284344
1995 0.0283702
1996 0.0283039
1997 0.0282356
1998 0.0281653
1999 0.028093
2000 0.0280187
2001 0.0279424
2002 0.0278642
2003 0.027784
2004 0.0277018
2005 0.0276177
2006 0.0275316
2007 0.0274436
2008 0.0273537
2009 0.0272619
2010 0.0271682
2011 0.0270727
2012 0.0269752
2013 0.026876
2014 0.0267748
2015 0.0266719
2016 0.0265671
2017 0.0264605
2018 0.0263521
2019 0.0262419
2020 0.02613
2021 0.0260163
2022 0.0259009
2023 0.0257837
2024 0.0256648
2025 0.0255442
2026 0.025422
2027 0.025298
2028 0.0251724
2029 0.0250451
2030 0.0249162
2031 0.0247857
2032 0.0246535
2033 0.0245198
2034 0.0243845
2035 0.0242476
2036 0.0241092
2037 0.0239692
2038 0.0238278
2039 0.0236848
2040 0.0235403
2041 0.0233944
2042 0.023247
2043 0.0230981
2044 0.0229478
2045 0.0227961
2046 0.022643
2047 0.0224885
2048 0.0223327
2049 0.0221755
2050 0.022017
2051 0.0218571
2052 0.0216959
2053 0.0215335
2054 0.0213698
2055 0.0212048
2056 0.0210386
2057 0.0208712
2058 0.0207025
2059 0.0205327
2060 0.0203617
2061 0.0201896
2062 0.0200163
2063 0.0198419
2064 0.0196664
2065 0.0194898
2066 0.0193122
2067 0.0191335
2068 0.0189538
2069 0.0187731
2070 0.0185913
2071 0.0184086
2072 0.018225
2073 0.0180404
2074 0.0178549
2075 0.0176685
2076 0.0174813
2077 0.0172931
2078 0.0171042
2079 0.0169144
2080 0.0167239
2081 0.0165326
2082 0.0163405
2083 0.0161477
2084 0.0159542
2085 0.01576
2086 0.0155652
2087 0.0153698
2088 0.0151737
2089 0.0149771
2090 0.0147799
2091 0.0145822
2092 0.0143839
2093 0.0141852
2094 0.0139861
2095 0.0137866
2096 0.0135867
2097 0.0133864
2098 0.0131858
2099 0.012985
2100 0.0127839
2101 0.0125826
2102 0.0123811
2103 0.0121795
2104 0.0119778
2105 0.011776
2106 0.0115743
2107 0.0113726
2108 0.011171
2109 0.0109696
2110 0.0107684
2111 0.0105675
2112 0.0103668
2113 0.0101666
2114 0.00996686
2115 0.00976764
2116 0.00956905
2117 0.00937115
2118 0.00917405
2119 0.00897783
2120 0.00878261
2121 0.00858848
2122 0.00839558
2123 0.00820401
2124 0.00801393
2125 0.00782548
2126 0.00763882
2127 0.00745411
2128 0.00727155
2129 0.00709133
2130 0.00691368
2131 0.00673883
2132 0.00656703
2133 0.00639857
2134 0.00623373
2135 0.00607284
2136 0.00591625
2137 0.00576434
2138 0.00561749
2139 0.00547614
2140 0.00534075
2141 0.00521178
2142 0.00508974
2143 0.00497515
2144 0.00486853
2145 0.00477043
2146 0.00468137
2147 0.00460189
2148 0.00453247
2149 0.00447358
2150 0.00442561
2151 0.00438891
2152 0.00436373
2153 0.00435026
2154 0.00434857
2155 0.00435865
2156 0.00438037
2157 0.00441352
2158 0.00445781
2159 0.00451287
2160 0.00457825
2161 0.00465347
2162 0.00473801
2163 0.00483133
2164 0.00493287
2165 0.00504207
2166 0.0051584
2167 0.00528131
2168 0.0054103
2169 0.00554487
2170 0.00568458
2171 0.00582898
2172 0.00597766
2173 0.00613025
2174 0.0062864
2175 0.00644578
2176 0.00660808
2177 0.00677304
2178 0.0069404
2179 0.00710991
2180 0.00728136
2181 0.00745455
2182 0.00762928
2183 0.00780539
2184 0.00798271
2185 0.00816111
2186 0.00834043
2187 0.00852055
2188 0.00870136
2189 0.00888275
2190 0.00906461
2191 0.00924685
2192 0.00942937
2193 0.0096121
2194 0.00979496
2195 0.00997787
2196 0.0101608
2197 0.0103436
2198 0.0105262
2199 0.0107087
2200 0.0108909
2201 0.0110728
2202 0.0112544
2203 0.0114355
2204 0.0116162
2205 0.0117964
2206 0.0119761
2207 0.0121552
2208 0.0123337
2209 0.0125116
2210 0.0126887
2211 0.0128652
2212 0.0130409
2213 0.0132159
2214 0.0133901
2215 0.0135634
2216 0.0137359
2217 0.0139075
2218 0.0140782
2219 0.0142479
2220 0.0144168
2221 0.0145846
2222 0.0147514
2223 0.0149172
2224 0.015082
2225 0.0152457
2226 0.0154084
2227 0.0155699
2228 0.0157303
2229 0.0158896
2230 0.0160477
2231 0.0162047
2232 0.0163604
2233 0.016515
2234 0.0166683
2235 0.0168204
2236 0.0169713
2237 0.0171209
2238 0.0172692
2239 0.0174162
2240 0.0175619
2241 0.0177063
2242 0.0178493
2243 0.017991
2244 0.0181313
2245 0.0182703
2246 0.0184079
2247 0.0185441
2248 0.0186788
2249 0.0188122
2250 0.0189441
2251 0.0190746
2252 0.0192036
2253 0.0193312
2254 0.0194573
2255 0.0195819
2256 0.019705
2257 0.0198266
2258 0.0199467
2259 0.0200653
2260 0.0201824
2261 0.0202979
2262 0.0204119
2263 0.0205243
2264 0.0206352
2265 0.0207445
2266 0.0208522
2267 0.0209583
2268 0.0210629
2269 0.0211658
2270 0.0212672
2271 0.0213669
2272 0.021465
2273 0.0215614
2274 0.0216563
2275 0.0217495
2276 0.021841
2277 0.021931
2278 0.0220192
2279 0.0221058
2280 0.0221907
2281 0.022274
2282 0.0223555
2283 0.0224354
2284 0.0225136
2285 0.0225901
2286 0.022665
2287 0.0227381
2288 0.0228095
2289 0.0228792
2290 0.0229472
2291 0.0230135
2292 0.023078
2293 0.0231409
2294 0.023202
2295 0.0232614
2296 0.023319
2297 0.0233749
2298 0.0234291
2299 0.0234816
2300 0.0235323
2301 0.0235812
2302 0.0236284
2303 0.0236739
2304 0.0237176
2305 0.0237596
2306 0.0237998
2307 0.0238383
2308 0.023875
2309 0.02391
2310 0.0239432
2311 0.0239746
2312 0.0240043
2313 0.0240322
2314 0.0240584
2315 0.0240828
2316 0.0241055
2317 0.0241264
2318 0.0241456
2319 0.024163
2320 0.0241786
2321 0.0241925
2322 0.0242047
2323 0.0242151
2324 0.0242237
2325 0.0242306
2326 0.0242357
2327 0.0242391
2328 0.0242408
2329 0.0242407
2330 0.0242389
2331 0.0242354
2332 0.0242301
2333 0.0242231
2334 0.0242144
2335 0.0242039
2336 0.0241917
2337 0.0241778
2338 0.0241622
2339 0.0241449
2340 0.0241259
2341 0.0241051
2342 0.0240827
2343 0.0240586
2344 0.0240328
2345 0.0240053
2346 0.0239761
2347 0.0239453
2348 0.0239127
2349 0.0238786
2350 0.0238427
2351 0.0238052
2352 0.0237661
2353 0.0237253
2354 0.0236829
2355 0.0236388
2356 0.0235931
2357 0.0235458
2358 0.0234969
2359 0.0234464
2360 0.0233943
2361 0.0233405
2362 0.0232852
2363 0.0232284
2364 0.0231699
2365 0.0231099
2366 0.0230483
2367 0.0229852
2368 0.0229205
2369 0.0228543
2370 0.0227866
2371 0.0227174
2372 0.0226466
2373 0.0225744
2374 0.0225006
2375 0.0224254
2376 0.0223487
2377 0.0222705
2378 0.0221909
2379 0.0221098
2380 0.0220273
2381 0.0219434
2382 0.021858
2383 0.0217712
2384 0.021683
2385 0.0215934
2386 0.0215025
2387 0.0214101
2388 0.0213164
2389 0.0212214
2390 0.021125
2391 0.0210273
2392 0.0209282
2393 0.0208278
2394 0.0207262
2395 0.0206232
2396 0.020519
2397 0.0204135
2398 0.0203067
2399 0.0201987
2400 0.0200894
2401 0.0199789
2402 0.0198672
2403 0.0197543
2404 0.0196403
2405 0.019525
2406 0.0194086
2407 0.019291
2408 0.0191722
2409 0.0190524
2410 0.0189314
2411 0.0188093
2412 0.0186861
2413 0.0185618
2414 0.0184365
2415 0.0183101
2416 0.0181827
2417 0.0180542
2418 0.0179247
2419 0.0177942
2420 0.0176627
2421 0.0175302
2422 0.0173968
2423 0.0172624
2424 0.0171271
2425 0.0169908
2426 0.0168536
2427 0.0167156
2428 0.0165766
2429 0.0164368
2430 0.0162961
2431 0.0161546
2432 0.0160123
2433 0.0158691
2434 0.0157252
2435 0.0155805
2436 0.015435
2437 0.0152888
2438 0.0151418
2439 0.0149941
2440 0.0148457
2441 0.0146967
2442 0.0145469
2443 0.0143966
2444 0.0142456
2445 0.0140939
2446 0.0139417
2447 0.0137889
2448 0.0136356
2449 0.0134817
2450 0.0133272
2451 0.0131723
2452 0.0130169
2453 0.012861
2454 0.0127047
2455 0.012548
2456 0.0123909
2457 0.0122334
2458 0.0120756
2459 0.0119174
2460 0.0117589
2461 0.0116001
2462 0.0114411
2463 0.0112819
2464 0.0111225
2465 0.0109628
2466 0.0108031
2467 0.0106432
2468 0.0104833
2469 0.0103233
2470 0.0101633
2471 0.0100033
2472 0.00984339
2473 0.00968356
2474 0.00952387
2475 0.00936435
2476 0.00920505
2477 0.00904602
2478 0.0088873
2479 0.00872894
2480 0.008571
2481 0.00841354
2482 0.00825661
2483 0.00810027
2484 0.00794459
2485 0.00778965
2486 0.00763551
2487 0.00748225
2488 0.00732997
2489 0.00717874
2490 0.00702866
2491 0.00687985
2492 0.00673239
2493 0.00658642
2494 0.00644205
2495 0.00629942
2496 0.00615867
2497 0.00601996
2498 0.00588344
2499 0.0057493
2500 0.00561771
2501 0.00548889
2502 0.00536304
2503 0.00524039
2504 0.00512118
2505 0.00500566
2506 0.00489411
2507 0.00478681
2508 0.00468406
2509 0.00458616
2510 0.00449342
2511 0.00440618
2512 0.00432476
2513 0.00424949
2514 0.00418069
2515 0.00411868
2516 0.00406374
2517 0.00401615
2518 0.00397617
2519 0.00394398
2520 0.00391978
2521 0.00390366
2522 0.00389571
2523 0.00389594
2524 0.00390432
2525 0.00392076
2526 0.00394511
2527 0.0039772
2528 0.00401679
2529 0.00406361
2530 0.00411739
2531 0.00417779
2532 0.0042445
2533 0.00431716
2534 0.00439543
2535 0.00447897
2536 0.00456742
2537 0.00466047
2538 0.00475778
2539 0.00485904
2540 0.00496396
2541 0.00507225
2542 0.00518365
2543 0.0052979
2544 0.00541477
2545 0.00553403
2546 0.00565548
2547 0.00577892
2548 0.00590417
2549 0.00603105
2550 0.00615942
2551 0.00628912
2552 0.00642001
2553 0.00655198
2554 0.00668489
2555 0.00681864
2556 0.00695312
2557 0.00708824
2558 0.00722389
2559 0.00736001
2560 0.0074965
2561 0.0076333
2562 0.00777033
2563 0.00790753
2564 0.00804482
2565 0.00818217
2566 0.0083195
2567 0.00845677
2568 0.00859392
2569 0.00873092
2570 0.00886771
2571 0.00900425
2572 0.0091405
2573 0.00927643
2574 0.009412
2575 0.00954717
2576 0.00968191
2577 0.00981618
2578 0.00994997
2579 0.0100832
2580 0.0102159
2581 0.0103481
2582 0.0104796
2583 0.0106105
2584 0.0107408
2585 0.0108704
2586 0.0109992
2587 0.0111274
2588 0.0112548
2589 0.0113815
2590 0.0115074
2591 0.0116325
2592 0.0117568
2593 0.0118802
2594 0.0120028
2595 0.0121246
2596 0.0122454
2597 0.0123654
2598 0.0124844
2599 0.0126025
2600 0.0127197
2601 0.0128359
2602 0.0129512
2603 0.0130655
2604 0.0131787
2605 0.013291
2606 0.0134023
2607 0.0135125
2608 0.0136216
2609 0.0137298
2610 0.0138368
2611 0.0139428
2612 0.0140477
2613 0.0141515
2614 0.0142542
2615 0.0143557
2616 0.0144562
2617 0.0145555
2618 0.0146536
2619 0.0147506
2620 0.0148465
2621 0.0149411
2622 0.0150346
2623 0.0151269
2624 0.0152181
2625 0.015308
2626 0.0153966
2627 0.0154841
2628 0.0155704
2629 0.0156554
2630 0.0157392
2631 0.0158217
2632 0.015903
2633 0.015983
2634 0.0160618
2635 0.0161392
2636 0.0162154
2637 0.0162904
2638 0.016364
2639 0.0164363
2640 0.0165074
2641 0.0165771
2642 0.0166456
2643 0.0167127
2644 0.0167785
2645 0.0168429
2646 0.0169061
2647 0.0169679
2648 0.0170284
2649 0.0170875
2650 0.0171453
2651 0.0172018
2652 0.0172569
2653 0.0173106
2654 0.017363
2655 0.0174141
2656 0.0174637
2657 0.017512
2658 0.017559
2659 0.0176045
2660 0.0176487
2661 0.0176915
2662 0.017733
2663 0.017773
2664 0.0178117
2665 0.017849
2666 0.0178849
2667 0.0179194
2668 0.0179525
2669 0.0179843
2670 0.0180146
2671 0.0180436
2672 0.0180711
2673 0.0180973
2674 0.0181221
2675 0.0181455
2676 0.0181675
2677 0.0181881
2678 0.0182073
2679 0.0182251
2680 0.0182415
2681 0.0182565
2682 0.0182701
2683 0.0182823
2684 0.0182932
2685 0.0183026
2686 0.0183107
2687 0.0183173
2688 0.0183226
2689 0.0183265
2690 0.018329
2691 0.0183301
2692 0.0183298
2693 0.0183281
2694 0.0183251
2695 0.0183207
2696 0.0183149
2697 0.0183078
2698 0.0182992
2699 0.0182893
2700 0.018278
2701 0.0182654
2702 0.0182514
2703 0.0182361
2704 0.0182193
2705 0.0182013
2706 0.0181819
2707 0.0181611
2708 0.018139
2709 0.0181156
2710 0.0180908
2711 0.0180647
2712 0.0180373
2713 0.0180085
2714 0.0179785
2715 0.0179471
2716 0.0179144
2717 0.0178804
2718 0.0178451
2719 0.0178085
2720 0.0177706
2721 0.0177314
2722 0.017691
2723 0.0176492
2724 0.0176062
2725 0.017562
2726 0.0175164
2727 0.0174697
2728 0.0174216
2729 0.0173724
2730 0.0173219
2731 0.0172701
2732 0.0172171
2733 0.017163
2734 0.0171076
2735 0.017051
2736 0.0169932
2737 0.0169342
2738 0.016874
2739 0.0168126
2740 0.0167501
2741 0.0166864
2742 0.0166216
2743 0.0165555
2744 0.0164884
2745 0.0164201
2746 0.0163507
2747 0.0162802
2748 0.0162085
2749 0.0161357
2750 0.0160619
2751 0.0159869
2752 0.0159109
2753 0.0158338
2754 0.0157556
2755 0.0156764
2756 0.0155961
2757 0.0155148
2758 0.0154325
2759 0.0153491
2760 0.0152647
2761 0.0151793
2762 0.0150929
2763 0.0150055
2764 0.0149172
2765 0.0148279
2766 0.0147376
2767 0.0146463
2768 0.0145542
2769 0.0144611
2770 0.014367
2771 0.0142721
2772 0.0141763
2773 0.0140795
2774 0.0139819
2775 0.0138834
2776 0.0137841
2777 0.0136839
2778 0.0135829
2779 0.013481
2780 0.0133783
2781 0.0132748
2782 0.0131706
2783 0.0130655
2784 0.0129597
2785 0.0128531
2786 0.0127458
2787 0.0126377
2788 0.0125289
2789 0.0124194
2790 0.0123092
2791 0.0121983
2792 0.0120867
2793 0.0119745
2794 0.0118616
2795 0.0117481
2796 0.0116339
2797 0.0115192
2798 0.0114038
2799 0.0112879
2800 0.0111714
2801 0.0110544
2802 0.0109368
2803 0.0108187
2804 0.0107001
2805 0.010581
2806 0.0104614
2807 0.0103414
2808 0.010221
2809 0.0101001
2810 0.0099788
2811 0.00985712
2812 0.00973508
2813 0.00961269
2814 0.00948997
2815 0.00936694
2816 0.00924362
2817 0.00912004
2818 0.00899621
2819 0.00887215
2820 0.0087479
2821 0.00862347
2822 0.00849889
2823 0.00837419
2824 0.00824939
2825 0.00812452
2826 0.00799962
2827 0.0078747
2828 0.00774981
2829 0.00762497
2830 0.00750022
2831 0.0073756
2832 0.00725115
2833 0.00712689
2834 0.00700289
2835 0.00687918
2836 0.00675581
2837 0.00663282
2838 0.00651028
2839 0.00638822
2840 0.00626673
2841 0.00614585
2842 0.00602564
2843 0.00590619
2844 0.00578757
2845 0.00566985
2846 0.00555312
2847 0.00543746
2848 0.00532298
2849 0.00520978
2850 0.00509797
2851 0.00498766
2852 0.00487899
2853 0.00477207
2854 0.00466707
2855 0.00456412
2856 0.0044634
2857 0.00436507
2858 0.00426932
2859 0.00417634
2860 0.00408634
2861 0.00399953
2862 0.00391615
2863 0.00383641
2864 0.00376057
2865 0.00368888
2866 0.00362159
2867 0.00355895
2868 0.00350121
2869 0.00344864
2870 0.00340146
2871 0.0033599
2872 0.00332418
2873 0.00329447
2874 0.00327092
2875 0.00325368
2876 0.00324282
2877 0.00323839
2878 0.00324041
2879 0.00324885
2880 0.00326365
2881 0.00328468
2882 0.00331182
2883 0.00334489
2884 0.0033837
2885 0.00342801
2886 0.0034776
2887 0.00353221
2888 0.00359158
2889 0.00365545
2890 0.00372356
2891 0.00379564
2892 0.00387144
2893 0.00395071
2894 0.00403322
2895 0.00411872
2896 0.004207
2897 0.00429785
2898 0.00439108
2899 0.0044865
2900 0.00458393
2901 0.00468322
2902 0.0047842
2903 0.00488673
2904 0.00499068
2905 0.00509592
2906 0.00520234
2907 0.00530982
2908 0.00541826
2909 0.00552757
2910 0.00563765
2911 0.00574842
2912 0.0058598
2913 0.00597173
2914 0.00608412
2915 0.00619691
2916 0.00631005
2917 0.00642347
2918 0.00653713
2919 0.00665096
2920 0.00676492
2921 0.00687897
2922 0.00699307
2923 0.00710716
2924 0.00722122
2925 0.00733521
2926 0.00744909
2927 0.00756282
2928 0.00767639
2929 0.00778975
2930 0.00790288
2931 0.00801574
2932 0.00812833
2933 0.0082406
2934 0.00835253
2935 0.00846411
2936 0.00857531
2937 0.0086861
2938 0.00879647
2939 0.00890639
2940 0.00901586
2941 0.00912484
2942 0.00923332
2943 0.00934129
2944 0.00944872
2945 0.0095556
2946 0.00966192
2947 0.00976766
2948 0.0098728
2949 0.00997733
2950 0.0100812
2951 0.0101845
2952 0.0102871
2953 0.0103891
2954 0.0104904
2955 0.010591
2956 0.0106908
2957 0.01079
2958 0.0108885
2959 0.0109862
2960 0.0110832
2961 0.0111794
2962 0.0112748
2963 0.0113695
2964 0.0114634
2965 0.0115565
2966 0.0116488
2967 0.0117403
2968 0.0118309
2969 0.0119207
2970 0.0120097
2971 0.0120979
2972 0.0121851
2973 0.0122715
2974 0.0123571
2975 0.0124417
2976 0.0125255
2977 0.0126084
2978 0.0126903
2979 0.0127714
2980 0.0128515
2981 0.0129307
2982 0.013009
2983 0.0130864
2984 0.0131628
2985 0.0132383
2986 0.0133128
2987 0.0133863
2988 0.0134589
2989 0.0135305
2990 0.0136011
2991 0.0136707
2992 0.0137394
2993 0.013807
2994 0.0138737
2995 0.0139393
2996 0.014004
2997 0.0140676
2998 0.0141302
2999 0.0141918
3000 0.0142524
3001 0.0143119
3002 0.0143704
3003 0.0144279
3004 0.0144843
3005 0.0145396
3006 0.014594
3007 0.0146472
3008 0.0146994
3009 0.0147506
3010 0.0148007
3011 0.0148497
3012 0.0148976
3013 0.0149445
3014 0.0149903
3015 0.015035
3016 0.0150786
3017 0.0151212
3018 0.0151626
3019 0.015203
3020 0.0152423
3021 0.0152805
3022 0.0153176
3023 0.0153536
3024 0.0153885
3025 0.0154223
3026 0.015455
3027 0.0154866
3028 0.0155171
3029 0.0155465
3030 0.0155748
3031 0.015602
3032 0.015628
3033 0.015653
3034 0.0156769
3035 0.0156996
3036 0.0157212
3037 0.0157418
3038 0.0157612
3039 0.0157795
3040 0.0157966
3041 0.0158127
3042 0.0158277
3043 0.0158415
3044 0.0158543
3045 0.0158659
3046 0.0158764
3047 0.0158858
3048 0.0158941
3049 0.0159013
3050 0.0159073
3051 0.0159123
3052 0.0159162
3053 0.0159189
3054 0.0159206
3055 0.0159211
3056 0.0159205
3057 0.0159189
3058 0.0159161
3059 0.0159123
3060 0.0159073
3061 0.0159013
3062 0.0158941
3063 0.0158859
3064 0.0158766
3065 0.0158662
3066 0.0158547
3067 0.0158422
3068 0.0158285
3069 0.0158138
3070 0.015798
3071 0.0157811
3072 0.0157632
3073 0.0157442
3074 0.0157241
3075 0.015703
3076 0.0156808
3077 0.0156576
3078 0.0156333
3079 0.015608
3080 0.0155816
3081 0.0155542
3082 0.0155258
3083 0.0154963
3084 0.0154658
3085 0.0154342
3086 0.0154017
3087 0.0153681
3088 0.0153335
3089 0.015298
3090 0.0152614
3091 0.0152238
3092 0.0151852
3093 0.0151456
3094 0.015105
3095 0.0150635
3096 0.015021
3097 0.0149775
3098 0.014933
3099 0.0148876
3100 0.0148412
3101 0.0147939
3102 0.0147456
3103 0.0146964
3104 0.0146462
3105 0.0145951
3106 0.0145431
3107 0.0144902
3108 0.0144364
3109 0.0143816
3110 0.0143259
3111 0.0142694
3112 0.0142119
3113 0.0141536
3114 0.0140944
3115 0.0140343
3116 0.0139734
3117 0.0139116
3118 0.0138489
3119 0.0137854
3120 0.0137211
3121 0.0136559
3122 0.0135899
3123 0.0135231
3124 0.0134555
3125 0.013387
3126 0.0133178
3127 0.0132477
3128 0.0131769
3129 0.0131053
3130 0.013033
3131 0.0129598
3132 0.0128859
3133 0.0128113
3134 0.0127359
3135 0.0126598
3136 0.012583
3137 0.0125054
3138 0.0124272
3139 0.0123482
3140 0.0122686
3141 0.0121882
3142 0.0121072
3143 0.0120255
3144 0.0119432
3145 0.0118602
3146 0.0117765
3147 0.0116922
3148 0.0116073
3149 0.0115218
3150 0.0114357
3151 0.0113489
3152 0.0112616
3153 0.0111737
3154 0.0110852
3155 0.0109962
3156 0.0109066
3157 0.0108164
3158 0.0107258
3159 0.0106346
3160 0.0105429
3161 0.0104506
3162 0.0103579
3163 0.0102647
3164 0.0101711
3165 0.010077
3166 0.00998238
3167 0.00988736
3168 0.00979191
3169 0.00969604
3170 0.00959977
3171 0.0095031
3172 0.00940605
3173 0.00930863
3174 0.00921084
3175 0.00911271
3176 0.00901425
3177 0.00891547
3178 0.00881637
3179 0.00871698
3180 0.00861732
3181 0.00851738
3182 0.00841719
3183 0.00831676
3184 0.00821611
3185 0.00811525
3186 0.0080142
3187 0.00791297
3188 0.00781158
3189 0.00771005
3190 0.0076084
3191 0.00750663
3192 0.00740478
3193 0.00730285
3194 0.00720087
3195 0.00709887
3196 0.00699685
3197 0.00689485
3198 0.00679288
3199 0.00669097
3200 0.00658914
3201 0.00648742
3202 0.00638583
3203 0.0062844
3204 0.00618317
3205 0.00608215
3206 0.00598138
3207 0.0058809
3208 0.00578073
3209 0.00568092
3210 0.0055815
3211 0.00548251
3212 0.005384
3213 0.005286
3214 0.00518857
3215 0.00509174
3216 0.00499559
3217 0.00490015
3218 0.00480549
3219 0.00471167
3220 0.00461876
3221 0.00452682
3222 0.00443593
3223 0.00434617
3224 0.00425762
3225 0.00417036
3226 0.00408449
3227 0.00400012
3228 0.00391734
3229 0.00383627
3230 0.00375701
3231 0.00367971
3232 0.00360448
3233 0.00353147
3234 0.00346081
3235 0.00339266
3236 0.00332717
3237 0.00326449
3238 0.0032048
3239 0.00314826
3240 0.00309503
3241 0.00304529
3242 0.00299919
3243 0.00295691
3244 0.0029186
3245 0.0028844
3246 0.00285445
3247 0.00282887
3248 0.00280775
3249 0.0027912
3250 0.00277926
3251 0.00277198
3252 0.00276937
3253 0.00277142
3254 0.0027781
3255 0.00278935
3256 0.00280508
3257 0.0028252
3258 0.00284958
3259 0.00287808
3260 0.00291056
3261 0.00294684
3262 0.00298676
3263 0.00303014
3264 0.0030768
3265 0.00312657
3266 0.00317925
3267 0.00323468
3268 0.00329267
3269 0.00335307
3270 0.00341571
3271 0.00348042
3272 0.00354707
3273 0.0036155
3274 0.00368558
3275 0.00375719
3276 0.0038302
3277 0.00390449
3278 0.00397997
3279 0.00405651
3280 0.00413404
3281 0.00421246
3282 0.00429168
3283 0.00437162
3284 0.00445222
3285 0.00453339
3286 0.00461507
3287 0.00469721
3288 0.00477973
3289 0.0048626
3290 0.00494574
3291 0.00502913
3292 0.0051127
3293 0.00519642
3294 0.00528024
3295 0.00536413
3296 0.00544805
3297 0.00553196
3298 0.00561583
3299 0.00569963
3300 0.00578333
3301 0.0058669
3302 0.00595032
3303 0.00603355
3304 0.00611658
3305 0.00619938
3306 0.00628193
3307 0.0063642
3308 0.00644618
3309 0.00652784
3310 0.00660917
3311 0.00669015
3312 0.00677076
3313 0.00685099
3314 0.00693082
3315 0.00701023
3316 0.00708921
3317 0.00716774
3318 0.00724582
3319 0.00732342
3320 0.00740053
3321 0.00747715
3322 0.00755326
3323 0.00762884
3324 0.00770389
3325 0.0077784
3326 0.00785235
3327 0.00792573
3328 0.00799854
3329 0.00807077
3330 0.00814239
3331 0.00821342
3332 0.00828383
3333 0.00835362
3334 0.00842278
3335 0.0084913
3336 0.00855917
3337 0.00862639
3338 0.00869294
3339 0.00875883
3340 0.00882404
3341 0.00888857
3342 0.0089524
3343 0.00901554
3344 0.00907797
3345 0.00913969
3346 0.0092007
3347 0.00926099
3348 0.00932054
3349 0.00937936
3350 0.00943744
3351 0.00949478
3352 0.00955137
3353 0.0096072
3354 0.00966226
3355 0.00971657
3356 0.0097701
3357 0.00982286
3358 0.00987483
3359 0.00992603
3360 0.00997643
3361 0.010026
3362 0.0100749
3363 0.0101229
3364 0.0101701
3365 0.0102165
3366 0.0102621
3367 0.0103068
3368 0.0103508
3369 0.0103939
3370 0.0104362
3371 0.0104777
3372 0.0105184
3373 0.0105582
3374 0.0105971
3375 0.0106353
3376 0.0106726
3377 0.010709
3378 0.0107446
3379 0.0107794
3380 0.0108133
3381 0.0108463
3382 0.0108785
3383 0.0109098
3384 0.0109403
3385 0.0109699
3386 0.0109986
3387 0.0110265
3388 0.0110535
3389 0.0110796
3390 0.0111049
3391 0.0111293
3392 0.0111528
3393 0.0111754
3394 0.0111972
3395 0.0112181
3396 0.0112381
3397 0.0112573
3398 0.0112755
3399 0.0112929
3400 0.0113094
3401 0.0113251
3402 0.0113398
3403 0.0113537
3404 0.0113667
3405 0.0113788
3406 0.01139
3407 0.0114004
3408 0.0114098
3409 0.0114184
3410 0.0114261
3411 0.0114329
3412 0.0114389
3413 0.011444
3414 0.0114482
3415 0.0114515
3416 0.0114539
3417 0.0114555
3418 0.0114562
3419 0.011456
3420 0.0114549
3421 0.011453
3422 0.0114502
3423 0.0114465
3424 0.011442
3425 0.0114366
3426 0.0114303
3427 0.0114232
3428 0.0114152
3429 0.0114064
3430 0.0113966
3431 0.0113861
3432 0.0113747
3433 0.0113624
3434 0.0113493
3435 0.0113353
3436 0.0113205
3437 0.0113048
3438 0.0112883
3439 0.011271
3440 0.0112528
3441 0.0112338
3442 0.011214
3443 0.0111933
3444 0.0111718
3445 0.0111495
3446 0.0111264
3447 0.0111025
3448 0.0110777
3449 0.0110521
3450 0.0110258
3451 0.0109986
3452 0.0109706
3453 0.0109418
3454 0.0109123
3455 0.0108819
3456 0.0108508
3457 0.0108188
3458 0.0107861
3459 0.0107527
3460 0.0107184
3461 0.0106834
3462 0.0106476
3463 0.0106111
3464 0.0105738
3465 0.0105358
3466 0.010497
3467 0.0104574
3468 0.0104172
3469 0.0103762
3470 0.0103345
3471 0.010292
3472 0.0102488
3473 0.010205
3474 0.0101604
3475 0.0101151
3476 0.0100691
3477 0.0100224
3478 0.00997503
3479 0.00992697
3480 0.00987824
3481 0.00982883
3482 0.00977875
3483 0.00972801
3484 0.00967661
3485 0.00962457
3486 0.00957187
3487 0.00951854
3488 0.00946458
3489 0.00940998
3490 0.00935477
3491 0.00929893
3492 0.00924249
3493 0.00918545
3494 0.00912781
3495 0.00906957
3496 0.00901076
3497 0.00895136
3498 0.00889139
3499 0.00883086
3500 0.00876977
3501 0.00870813
3502 0.00864595
3503 0.00858323
3504 0.00851998
3505 0.0084562
3506 0.00839192
3507 0.00832712
3508 0.00826182
3509 0.00819603
3510 0.00812976
3511 0.00806301
3512 0.00799579
3513 0.00792811
3514 0.00785997
3515 0.0077914
3516 0.00772238
3517 0.00765294
3518 0.00758308
3519 0.00751281
3520 0.00744214
3521 0.00737108
3522 0.00729964
3523 0.00722783
3524 0.00715565
3525 0.00708312
3526 0.00701025
3527 0.00693705
3528 0.00686353
3529 0.00678969
3530 0.00671556
3531 0.00664114
3532 0.00656644
3533 0.00649148
3534 0.00641626
3535 0.00634081
3536 0.00626512
3537 0.00618923
3538 0.00611313
3539 0.00603685
3540 0.0059604
3541 0.00588379
3542 0.00580703
3543 0.00573016
3544 0.00565317
3545 0.00557609
3546 0.00549893
3547 0.00542172
3548 0.00534447
3549 0.0052672
3550 0.00518993
3551 0.00511268
3552 0.00503548
3553 0.00495835
3554 0.00488131
3555 0.00480439
3556 0.00472761
3557 0.00465101
3558 0.0045746
3559 0.00449843
3560 0.00442252
3561 0.0043469
3562 0.00427162
3563 0.00419671
3564 0.00412221
3565 0.00404816
3566 0.0039746
3567 0.00390159
3568 0.00382917
3569 0.00375739
3570 0.00368631
3571 0.00361599
3572 0.00354649
3573 0.00347788
3574 0.00341022
3575 0.00334359
3576 0.00327807
3577 0.00321374
3578 0.00315069
3579 0.00308901
3580 0.0030288
3581 0.00297015
3582 0.00291319
3583 0.00285801
3584 0.00280474
3585 0.0027535
3586 0.00270441
3587 0.00265759
3588 0.00261319
3589 0.00257132
3590 0.00253213
3591 0.00249574
3592 0.00246229
3593 0.00243189
3594 0.00240466
3595 0.00238072
3596 0.00236016
3597 0.00234308
3598 0.00232954
3599 0.0023196
3600 0.00231331
3601 0.0023107
3602 0.00231175
3603 0.00231648
3604 0.00232483
3605 0.00233677
3606 0.00235222
3607 0.00237112
3608 0.00239335
3609 0.00241883
3610 0.00244743
3611 0.00247902
3612 0.00251349
3613 0.00255069
3614 0.0025905
3615 0.00263277
3616 0.00267737
3617 0.00272417
3618 0.00277303
3619 0.00282383
3620 0.00287645
3621 0.00293077
3622 0.00298667
3623 0.00304405
3624 0.00310279
3625 0.00316281
3626 0.00322401
3627 0.00328631
3628 0.0033496
3629 0.00341383
3630 0.00347892
3631 0.00354478
3632 0.00361137
3633 0.00367861
3634 0.00374645
3635 0.00381483
3636 0.0038837
3637 0.00395301
3638 0.00402272
3639 0.00409277
3640 0.00416314
3641 0.00423377
3642 0.00430464
3643 0.00437571
3644 0.00444694
3645 0.00451831
3646 0.00458978
3647 0.00466133
3648 0.00473292
3649 0.00480454
3650 0.00487616
3651 0.00494775
3652 0.0050193
3653 0.00509078
3654 0.00516218
3655 0.00523347
3656 0.00530463
3657 0.00537565
3658 0.00544651
3659 0.00551719
3660 0.00558768
3661 0.00565797
3662 0.00572803
3663 0.00579786
3664 0.00586743
3665 0.00593675
3666 0.00600579
3667 0.00607454
3668 0.006143
3669 0.00621114
3670 0.00627897
3671 0.00634646
3672 0.00641361
3673 0.00648041
3674 0.00654684
3675 0.0066129
3676 0.00667859
3677 0.00674388
3678 0.00680877
3679 0.00687326
3680 0.00693733
3681 0.00700098
3682 0.0070642
3683 0.00712697
3684 0.0071893
3685 0.00725118
3686 0.0073126
3687 0.00737354
3688 0.00743402
3689 0.00749401
3690 0.00755351
3691 0.00761252
3692 0.00767103
3693 0.00772903
3694 0.00778652
3695 0.00784349
3696 0.00789994
3697 0.00795585
3698 0.00801123
3699 0.00806607
3700 0.00812037
3701 0.00817411
3702 0.0082273
3703 0.00827993
3704 0.00833199
3705 0.00838348
3706 0.0084344
3707 0.00848474
3708 0.00853449
3709 0.00858366
3710 0.00863223
3711 0.00868021
3712 0.00872759
3713 0.00877436
3714 0.00882052
3715 0.00886608
3716 0.00891101
3717 0.00895533
3718 0.00899903
3719 0.0090421
3720 0.00908454
3721 0.00912634
3722 0.00916752
3723 0.00920805
3724 0.00924794
3725 0.00928718
3726 0.00932578
3727 0.00936373
3728 0.00940102
3729 0.00943766
3730 0.00947364
3731 0.00950895
3732 0.00954361
3733 0.0095776
3734 0.00961091
3735 0.00964356
3736 0.00967554
3737 0.00970684
3738 0.00973747
3739 0.00976741
3740 0.00979668
3741 0.00982526
3742 0.00985316
3743 0.00988037
3744 0.0099069
3745 0.00993274
3746 0.00995788
3747 0.00998234
3748 0.0100061
3749 0.0100292
3750 0.0100515
3751 0.0100732
3752 0.0100942
3753 0.0101145
3754 0.010134
3755 0.0101529
3756 0.0101711
3757 0.0101886
3758 0.0102053
3759 0.0102214
3760 0.0102368
3761 0.0102514
3762 0.0102654
3763 0.0102786
3764 0.0102912
3765 0.010303
3766 0.0103141
3767 0.0103246
3768 0.0103343
3769 0.0103433
3770 0.0103516
3771 0.0103592
3772 0.0103661
3773 0.0103723
3774 0.0103777
3775 0.0103825
3776 0.0103866
3777 0.0103899
3778 0.0103926
3779 0.0103946
3780 0.0103958
3781 0.0103964
3782 0.0103962
3783 0.0103954
3784 0.0103938
3785 0.0103916
3786 0.0103886
3787 0.010385
3788 0.0103807
3789 0.0103756
3790 0.0103699
3791 0.0103635
3792 0.0103564
3793 0.0103486
3794 0.0103401
3795 0.0103309
3796 0.0103211
3797 0.0103106
3798 0.0102993
3799 0.0102874
3800 0.0102749
3801 0.0102616
3802 0.0102477
3803 0.0102331
3804 0.0102178
3805 0.0102019
3806 0.0101853
3807 0.0101681
3808 0.0101501
3809 0.0101316
3810 0.0101123
3811 0.0100924
3812 0.0100719
3813 0.0100507
3814 0.0100288
3815 0.0100064
3816 0.00998324
3817 0.00995947
3818 0.00993507
3819 0.00991004
3820 0.00988437
3821 0.00985808
3822 0.00983116
3823 0.00980362
3824 0.00977546
3825 0.00974669
3826 0.0097173
3827 0.00968731
3828 0.00965671
3829 0.0096255
3830 0.0095937
3831 0.0095613
3832 0.00952831
3833 0.00949473
3834 0.00946056
3835 0.00942581
3836 0.00939048
3837 0.00935458
3838 0.00931811
3839 0.00928107
3840 0.00924347
3841 0.00920531
3842 0.00916659
3843 0.00912732
3844 0.00908751
3845 0.00904715
3846 0.00900625
3847 0.00896482
3848 0.00892286
3849 0.00888037
3850 0.00883736
3851 0.00879383
3852 0.00874979
3853 0.00870523
3854 0.00866018
3855 0.00861462
3856 0.00856857
3857 0.00852203
3858 0.00847501
3859 0.0084275
3860 0.00837951
3861 0.00833106
3862 0.00828214
3863 0.00823276
3864 0.00818292
3865 0.00813263
3866 0.00808189
3867 0.00803072
3868 0.0079791
3869 0.00792706
3870 0.00787459
3871 0.00782171
3872 0.0077684
3873 0.00771469
3874 0.00766058
3875 0.00760607
3876 0.00755117
3877 0.00749588
3878 0.00744021
3879 0.00738417
3880 0.00732776
3881 0.00727099
3882 0.00721386
3883 0.00715638
3884 0.00709856
3885 0.0070404
3886 0.00698191
3887 0.0069231
3888 0.00686397
3889 0.00680453
3890 0.00674478
3891 0.00668473
3892 0.0066244
3893 0.00656378
3894 0.00650288
3895 0.00644172
3896 0.00638029
3897 0.00631861
3898 0.00625668
3899 0.00619451
3900 0.00613211
3901 0.00606948
3902 0.00600664
3903 0.00594359
3904 0.00588035
3905 0.00581691
3906 0.00575329
3907 0.0056895
3908 0.00562554
3909 0.00556143
3910 0.00549718
3911 0.00543278
3912 0.00536826
3913 0.00530363
3914 0.00523889
3915 0.00517406
3916 0.00510914
3917 0.00504415
3918 0.00497909
3919 0.00491399
3920 0.00484885
3921 0.00478368
3922 0.00471851
3923 0.00465333
3924 0.00458817
3925 0.00452304
3926 0.00445795
3927 0.00439292
3928 0.00432797
3929 0.00426311
3930 0.00419836
3931 0.00413373
3932 0.00406925
3933 0.00400494
3934 0.00394081
3935 0.00387689
3936 0.00381319
3937 0.00374975
3938 0.00368658
3939 0.00362371
3940 0.00356117
3941 0.00349899
3942 0.00343719
3943 0.0033758
3944 0.00331487
3945 0.00325442
3946 0.00319449
3947 0.00313512
3948 0.00307634
3949 0.00301821
3950 0.00296077
3951 0.00290406
3952 0.00284814
3953 0.00279305
3954 0.00273886
3955 0.00268562
3956 0.0026334
3957 0.00258226
3958 0.00253228
3959 0.00248351
3960 0.00243605
3961 0.00238996
3962 0.00234533
3963 0.00230225
3964 0.0022608
3965 0.00222108
3966 0.00218317
3967 0.00214717
3968 0.00211317
3969 0.00208126
3970 0.00205155
3971 0.00202411
3972 0.00199904
3973 0.00197642
3974 0.00195632
3975 0.00193881
3976 0.00192395
3977 0.0019118
3978 0.00190239
3979 0.00189575
3980 0.0018919
3981 0.00189083
3982 0.00189254
3983 0.001897
3984 0.00190418
3985 0.00191403
3986 0.00192649
3987 0.00194148
3988 0.00195894
3989 0.00197878
3990 0.0020009
3991 0.00202521
3992 0.00205162
3993 0.00208001
3994 0.00211029
3995 0.00214236
3996 0.00217611
3997 0.00221145
3998 0.00224828
3999 0.00228649
4000 0.00232601
4001 0.00236674
4002 0.0024086
4003 0.00245151
4004 0.00249538
4005 0.00254016
4006 0.00258576
4007 0.00263211
4008 0.00267917
4009 0.00272687
4010 0.00277514
4011 0.00282395
4012 0.00287323
4013 0.00292295
4014 0.00297305
4015 0.0030235
4016 0.00307426
4017 0.00312528
4018 0.00317654
4019 0.00322799
4020 0.00327962
4021 0.00333138
4022 0.00338325
4023 0.00343521
4024 0.00348722
4025 0.00353926
4026 0.00359132
4027 0.00364336
4028 0.00369538
4029 0.00374734
4030 0.00379923
4031 0.00385103
4032 0.00390273
4033 0.00395431
4034 0.00400575
4035 0.00405704
4036 0.00410817
4037 0.00415912
4038 0.00420987
4039 0.00426042
4040 0.00431075
4041 0.00436086
4042 0.00441073
4043 0.00446034
4044 0.0045097
4045 0.00455879
4046 0.0046076
4047 0.00465612
4048 0.00470434
4049 0.00475226
4050 0.00479986
4051 0.00484714
4052 0.00489409
4053 0.00494071
4054 0.00498698
4055 0.0050329
4056 0.00507846
4057 0.00512366
4058 0.00516848
4059 0.00521293
4060 0.00525699
4061 0.00530067
4062 0.00534395
4063 0.00538683
4064 0.0054293
4065 0.00547136
4066 0.00551301
4067 0.00555424
4068 0.00559503
4069 0.0056354
4070 0.00567534
4071 0.00571483
4072 0.00575388
4073 0.00579248
4074 0.00583063
4075 0.00586832
4076 0.00590556
4077 0.00594233
4078 0.00597863
4079 0.00601446
4080 0.00604981
4081 0.00608469
4082 0.00611909
4083 0.006153
4084 0.00618642
4085 0.00621935
4086 0.00625179
4087 0.00628373
4088 0.00631518
4089 0.00634612
4090 0.00637655
4091 0.00640648
4092 0.0064359
4093 0.0064648
4094 0.00649319
4095 0.00652107
4096 0.00654842
4097 0.00657525
4098 0.00660156
4099 0.00662735
4100 0.0066526
4101 0.00667733
4102 0.00670152
4103 0.00672519
4104 0.00674831
4105 0.00677091
4106 0.00679296
4107 0.00681447
4108 0.00683545
4109 0.00685588
4110 0.00687576
4111 0.00689511
4112 0.0069139
4113 0.00693215
4114 0.00694986
4115 0.00696701
4116 0.00698361
4117 0.00699966
4118 0.00701516
4119 0.00703011
4120 0.0070445
4121 0.00705834
4122 0.00707162
4123 0.00708435
4124 0.00709652
4125 0.00710814
4126 0.0071192
4127 0.0071297
4128 0.00713964
4129 0.00714903
4130 0.00715786
4131 0.00716613
4132 0.00717384
4133 0.007181
4134 0.00718759
4135 0.00719363
4136 0.00719911
4137 0.00720403
4138 0.0072084
4139 0.0072122
4140 0.00721545
4141 0.00721815
4142 0.00722028
4143 0.00722186
4144 0.00722289
4145 0.00722336
4146 0.00722327
4147 0.00722264
4148 0.00722145
4149 0.0072197
4150 0.00721741
4151 0.00721456
4152 0.00721117
4153 0.00720723
4154 0.00720274
4155 0.0071977
4156 0.00719212
4157 0.00718599
4158 0.00717932
4159 0.00717211
4160 0.00716436
4161 0.00715607
4162 0.00714724
4163 0.00713787
4164 0.00712797
4165 0.00711753
4166 0.00710657
4167 0.00709507
4168 0.00708305
4169 0.00707049
4170 0.00705741
4171 0.00704381
4172 0.00702969
4173 0.00701505
4174 0.00699988
4175 0.00698421
4176 0.00696802
4177 0.00695131
4178 0.0069341
4179 0.00691638
4180 0.00689816
4181 0.00687943
4182 0.0068602
4183 0.00684047
4184 0.00682025
4185 0.00679953
4186 0.00677832
4187 0.00675662
4188 0.00673444
4189 0.00671177
4190 0.00668862
4191 0.00666499
4192 0.00664089
4193 0.00661631
4194 0.00659127
4195 0.00656576
4196 0.00653978
4197 0.00651334
4198 0.00648644
4199 0.00645909
4200 0.00643129
4201 0.00640304
4202 0.00637434
4203 0.0063452
4204 0.00631561
4205 0.0062856
4206 0.00625515
4207 0.00622427
4208 0.00619297
4209 0.00616124
4210 0.0061291
4211 0.00609654
4212 0.00606356
4213 0.00603018
4214 0.0059964
4215 0.00596222
4216 0.00592764
4217 0.00589267
4218 0.00585731
4219 0.00582156
4220 0.00578544
4221 0.00574894
4222 0.00571206
4223 0.00567482
4224 0.00563722
4225 0.00559925
4226 0.00556094
4227 0.00552227
4228 0.00548325
4229 0.0054439
4230 0.00540421
4231 0.00536418
4232 0.00532383
4233 0.00528316
4234 0.00524217
4235 0.00520087
4236 0.00515926
4237 0.00511736
4238 0.00507515
4239 0.00503265
4240 0.00498987
4241 0.00494681
4242 0.00490347
4243 0.00485987
4244 0.004816
4245 0.00477187
4246 0.0047275
4247 0.00468288
4248 0.00463802
4249 0.00459293
4250 0.00454761
4251 0.00450208
4252 0.00445633
4253 0.00441038
4254 0.00436423
4255 0.00431789
4256 0.00427137
4257 0.00422467
4258 0.0041778
4259 0.00413077
4260 0.0040836
4261 0.00403628
4262 0.00398882
4263 0.00394124
4264 0.00389355
4265 0.00384574
4266 0.00379785
4267 0.00374986
4268 0.0037018
4269 0.00365367
4270 0.00360549
4271 0.00355726
4272 0.00350901
4273 0.00346074
4274 0.00341246
4275 0.00336419
4276 0.00331594
4277 0.00326772
4278 0.00321956
4279 0.00317147
4280 0.00312346
4281 0.00307555
4282 0.00302776
4283 0.00298011
4284 0.00293261
4285 0.0028853
4286 0.00283818
4287 0.00279129
4288 0.00274464
4289 0.00269827
4290 0.00265219
4291 0.00260645
4292 0.00256106
4293 0.00251606
4294 0.00247148
4295 0.00242735
4296 0.00238372
4297 0.00234062
4298 0.00229809
4299 0.00225617
4300 0.00221492
4301 0.00217437
4302 0.00213458
4303 0.00209561
4304 0.00205749
4305 0.0020203
4306 0.0019841
4307 0.00194894
4308 0.0019149
4309 0.00188204
4310 0.00185042
4311 0.00182013
4312 0.00179123
4313 0.0017638
4314 0.00173792
4315 0.00171365
4316 0.00169107
4317 0.00167026
4318 0.00165128
4319 0.00163419
4320 0.00161907
4321 0.00160596
4322 0.00159491
4323 0.00158598
4324 0.00157918
4325 0.00157456
4326 0.00157212
4327 0.00157187
4328 0.00157381
4329 0.00157793
4330 0.0015842
4331 0.0015926
4332 0.00160308
4333 0.00161559
4334 0.00163009
4335 0.00164651
4336 0.00166478
4337 0.00168484
4338 0.00170662
4339 0.00173004
4340 0.00175502
4341 0.00178149
4342 0.00180936
4343 0.00183858
4344 0.00186906
4345 0.00190072
4346 0.00193351
4347 0.00196734
4348 0.00200216
4349 0.0020379
4350 0.00207449
4351 0.00211189
4352 0.00215004
4353 0.00218888
4354 0.00222836
4355 0.00226845
4356 0.00230908
4357 0.00235022
4358 0.00239183
4359 0.00243387
4360 0.0024763
4361 0.00251909
4362 0.00256221
4363 0.00260563
4364 0.00264932
4365 0.00269324
4366 0.00273738
4367 0.0027817
4368 0.0028262
4369 0.00287083
4370 0.00291559
4371 0.00296045
4372 0.00300539
4373 0.0030504
4374 0.00309546
4375 0.00314054
4376 0.00318564
4377 0.00323075
4378 0.00327583
4379 0.00332089
4380 0.00336591
4381 0.00341088
4382 0.00345578
4383 0.0035006
4384 0.00354533
4385 0.00358996
4386 0.00363449
4387 0.00367889
4388 0.00372317
4389 0.00376731
4390 0.0038113
4391 0.00385513
4392 0.0038988
4393 0.0039423
4394 0.00398562
4395 0.00402875
4396 0.00407169
4397 0.00411442
4398 0.00415695
4399 0.00419926
4400 0.00424135
4401 0.00428321
4402 0.00432484
4403 0.00436622
4404 0.00440737
4405 0.00444826
4406 0.00448889
4407 0.00452926
4408 0.00456936
4409 0.0046092
4410 0.00464875
4411 0.00468802
4412 0.00472701
4413 0.0047657
4414 0.0048041
4415 0.0048422
4416 0.00487999
4417 0.00491747
4418 0.00495464
4419 0.0049915
4420 0.00502803
4421 0.00506424
4422 0.00510012
4423 0.00513566
4424 0.00517088
4425 0.00520575
4426 0.00524028
4427 0.00527446
4428 0.0053083
4429 0.00534178
4430 0.00537491
4431 0.00540767
4432 0.00544008
4433 0.00547212
4434 0.00550379
4435 0.0055351
4436 0.00556603
4437 0.00559658
4438 0.00562676
4439 0.00565655
4440 0.00568596
4441 0.00571499
4442 0.00574362
4443 0.00577187
4444 0.00579972
4445 0.00582717
4446 0.00585423
4447 0.00588089
4448 0.00590715
4449 0.005933
4450 0.00595845
4451 0.00598349
4452 0.00600811
4453 0.00603233
4454 0.00605613
4455 0.00607952
4456 0.00610249
4457 0.00612505
4458 0.00614718
4459 0.00616889
4460 0.00619018
4461 0.00621104
4462 0.00623147
4463 0.00625148
4464 0.00627106
4465 0.00629021
4466 0.00630893
4467 0.00632721
4468 0.00634506
4469 0.00636248
4470 0.00637946
4471 0.006396
4472 0.0064121
4473 0.00642777
4474 0.00644299
4475 0.00645778
4476 0.00647212
4477 0.00648602
4478 0.00649948
4479 0.00651249
4480 0.00652506
4481 0.00653719
4482 0.00654886
4483 0.0065601
4484 0.00657088
4485 0.00658122
4486 0.00659111
4487 0.00660055
4488 0.00660955
4489 0.00661809
4490 0.00662619
4491 0.00663384
4492 0.00664104
4493 0.00664779
4494 0.00665409
4495 0.00665994
4496 0.00666534
4497 0.00667029
4498 0.00667479
4499 0.00667885
4500 0.00668245
4501 0.0066856
4502 0.00668831
4503 0.00669057
4504 0.00669238
4505 0.00669374
4506 0.00669466
4507 0.00669512
4508 0.00669514
4509 0.00669472
4510 0.00669385
4511 0.00669253
4512 0.00669077
4513 0.00668857
4514 0.00668592
4515 0.00668283
4516 0.0066793
4517 0.00667533
4518 0.00667092
4519 0.00666606
4520 0.00666077
4521 0.00665505
4522 0.00664888
4523 0.00664228
4524 0.00663525
4525 0.00662778
4526 0.00661988
4527 0.00661155
4528 0.00660279
4529 0.0065936
4530 0.00658399
4531 0.00657395
4532 0.00656348
4533 0.00655259
4534 0.00654127
4535 0.00652954
4536 0.00651739
4537 0.00650481
4538 0.00649183
4539 0.00647842
4540 0.00646461
4541 0.00645038
4542 0.00643574
4543 0.0064207
4544 0.00640525
4545 0.00638939
4546 0.00637313
4547 0.00635647
4548 0.00633941
4549 0.00632195
4550 0.0063041
4551 0.00628585
4552 0.00626722
4553 0.00624819
4554 0.00622877
4555 0.00620897
4556 0.00618879
4557 0.00616822
4558 0.00614728
4559 0.00612596
4560 0.00610427
4561 0.0060822
4562 0.00605976
4563 0.00603696
4564 0.00601379
4565 0.00599025
4566 0.00596636
4567 0.00594211
4568 0.0059175
4569 0.00589254
4570 0.00586723
4571 0.00584157
4572 0.00581557
4573 0.00578922
4574 0.00576254
4575 0.00573552
4576 0.00570816
4577 0.00568047
4578 0.00565246
4579 0.00562411
4580 0.00559545
4581 0.00556646
4582 0.00553716
4583 0.00550754
4584 0.00547761
4585 0.00544738
4586 0.00541683
4587 0.00538599
4588 0.00535485
4589 0.00532341
4590 0.00529168
4591 0.00525966
4592 0.00522736
4593 0.00519477
4594 0.0051619
4595 0.00512876
4596 0.00509535
4597 0.00506166
4598 0.00502772
4599 0.0049935
4600 0.00495904
4601 0.00492431
4602 0.00488934
4603 0.00485412
4604 0.00481865
4605 0.00478295
4606 0.00474701
4607 0.00471083
4608 0.00467443
4609 0.00463781
4610 0.00460096
4611 0.0045639
4612 0.00452663
4613 0.00448915
4614 0.00445146
4615 0.00441358
4616 0.0043755
4617 0.00433723
4618 0.00429877
4619 0.00426014
4620 0.00422132
4621 0.00418234
4622 0.00414318
4623 0.00410386
4624 0.00406439
4625 0.00402476
4626 0.00398498
4627 0.00394507
4628 0.00390501
4629 0.00386482
4630 0.0038245
4631 0.00378406
4632 0.00374351
4633 0.00370284
4634 0.00366207
4635 0.0036212
4636 0.00358024
4637 0.0035392
4638 0.00349807
4639 0.00345687
4640 0.0034156
4641 0.00337427
4642 0.00333289
4643 0.00329146
4644 0.00324999
4645 0.0032085
4646 0.00316698
4647 0.00312544
4648 0.0030839
4649 0.00304235
4650 0.00300082
4651 0.00295931
4652 0.00291783
4653 0.00287638
4654 0.00283499
4655 0.00279365
4656 0.00275238
4657 0.00271119
4658 0.0026701
4659 0.00262911
4660 0.00258824
4661 0.0025475
4662 0.00250691
4663 0.00246647
4664 0.00242621
4665 0.00238614
4666 0.00234628
4667 0.00230664
4668 0.00226724
4669 0.00222811
4670 0.00218926
4671 0.00215071
4672 0.00211249
4673 0.00207462
4674 0.00203713
4675 0.00200003
4676 0.00196336
4677 0.00192715
4678 0.00189143
4679 0.00185623
4680 0.00182158
4681 0.00178752
4682 0.00175408
4683 0.00172131
4684 0.00168925
4685 0.00165794
4686 0.00162742
4687 0.00159774
4688 0.00156896
4689 0.00154111
4690 0.00151426
4691 0.00148845
4692 0.00146374
4693 0.00144018
4694 0.00141784
4695 0.00139676
4696 0.001377
4697 0.00135862
4698 0.00134166
4699 0.00132619
4700 0.00131223
4701 0.00129985
4702 0.00128908
4703 0.00127994
4704 0.00127248
4705 0.00126671
4706 0.00126264
4707 0.00126029
4708 0.00125966
4709 0.00126073
4710 0.00126349
4711 0.00126793
4712 0.00127401
4713 0.00128169
4714 0.00129095
4715 0.00130172
4716 0.00131397
4717 0.00132764
4718 0.00134266
4719 0.001359
4720 0.00137657
4721 0.00139534
4722 0.00141522
4723 0.00143616
4724 0.00145811
4725 0.001481
4726 0.00150478
4727 0.00152938
4728 0.00155477
4729 0.00158087
4730 0.00160766
4731 0.00163507
4732 0.00166305
4733 0.00169158
4734 0.00172061
4735 0.00175009
4736 0.00177999
4737 0.00181027
4738 0.00184091
4739 0.00187186
4740 0.0019031
4741 0.00193461
4742 0.00196634
4743 0.00199829
4744 0.00203042
4745 0.00206271
4746 0.00209514
4747 0.00212769
4748 0.00216034
4749 0.00219307
4750 0.00222587
4751 0.00225871
4752 0.00229159
4753 0.00232448
4754 0.00235738
4755 0.00239026
4756 0.00242312
4757 0.00245595
4758 0.00248873
4759 0.00252145
4760 0.0025541
4761 0.00258668
4762 0.00261916
4763 0.00265155
4764 0.00268383
4765 0.00271599
4766 0.00274803
4767 0.00277994
4768 0.00281171
4769 0.00284333
4770 0.0028748
4771 0.00290611
4772 0.00293725
4773 0.00296822
4774 0.00299901
4775 0.00302962
4776 0.00306003
4777 0.00309025
4778 0.00312027
4779 0.00315009
4780 0.00317969
4781 0.00320907
4782 0.00323824
4783 0.00326718
4784 0.00329589
4785 0.00332437
4786 0.00335261
4787 0.00338061
4788 0.00340837
4789 0.00343587
4790 0.00346313
4791 0.00349013
4792 0.00351686
4793 0.00354334
4794 0.00356955
4795 0.00359549
4796 0.00362116
4797 0.00364655
4798 0.00367166
4799 0.0036965
4800 0.00372105
4801 0.00374531
4802 0.00376928
4803 0.00379297
4804 0.00381636
4805 0.00383945
4806 0.00386224
4807 0.00388474
4808 0.00390693
4809 0.00392881
4810 0.00395039
4811 0.00397166
4812 0.00399261
4813 0.00401326
4814 0.00403358
4815 0.00405359
4816 0.00407328
4817 0.00409266
4818 0.0041117
4819 0.00413043
4820 0.00414883
4821 0.0041669
4822 0.00418464
4823 0.00420206
4824 0.00421914
4825 0.00423589
4826 0.00425231
4827 0.00426839
4828 0.00428413
4829 0.00429954
4830 0.0043146
4831 0.00432933
4832 0.00434372
4833 0.00435776
4834 0.00437147
4835 0.00438482
4836 0.00439784
4837 0.0044105
4838 0.00442283
4839 0.0044348
4840 0.00444643
4841 0.0044577
4842 0.00446863
4843 0.00447921
4844 0.00448944
4845 0.00449931
4846 0.00450884
4847 0.00451801
4848 0.00452683
4849 0.0045353
4850 0.00454341
4851 0.00455117
4852 0.00455858
4853 0.00456563
4854 0.00457233
4855 0.00457867
4856 0.00458466
4857 0.00459029
4858 0.00459557
4859 0.00460049
4860 0.00460506
4861 0.00460927
4862 0.00461313
4863 0.00461663
4864 0.00461978
4865 0.00462257
4866 0.00462501
4867 0.00462709
4868 0.00462882
4869 0.0046302
4870 0.00463122
4871 0.00463189
4872 0.0046322
4873 0.00463216
4874 0.00463177
4875 0.00463103
4876 0.00462994
4877 0.00462849
4878 0.0046267
4879 0.00462456
4880 0.00462206
4881 0.00461922
4882 0.00461603
4883 0.0046125
4884 0.00460861
4885 0.00460439
4886 0.00459981
4887 0.0045949
4888 0.00458964
4889 0.00458403
4890 0.00457809
4891 0.00457181
4892 0.00456518
4893 0.00455822
4894 0.00455092
4895 0.00454329
4896 0.00453532
4897 0.00452701
4898 0.00451838
4899 0.00450941
4900 0.00450011
4901 0.00449048
4902 0.00448052
4903 0.00447024
4904 0.00445963
4905 0.0044487
4906 0.00443744
4907 0.00442586
4908 0.00441396
4909 0.00440175
4910 0.00438922
4911 0.00437637
4912 0.00436321
4913 0.00434973
4914 0.00433595
4915 0.00432186
4916 0.00430746
4917 0.00429275
4918 0.00427774
4919 0.00426243
4920 0.00424682
4921 0.0042309
4922 0.0042147
4923 0.0041982
4924 0.0041814
4925 0.00416431
4926 0.00414694
4927 0.00412928
4928 0.00411133
4929 0.0040931
4930 0.00407459
4931 0.0040558
4932 0.00403674
4933 0.0040174
4934 0.00399779
4935 0.00397791
4936 0.00395776
4937 0.00393734
4938 0.00391667
4939 0.00389573
4940 0.00387453
4941 0.00385308
4942 0.00383138
4943 0.00380942
4944 0.00378722
4945 0.00376477
4946 0.00374208
4947 0.00371914
4948 0.00369597
4949 0.00367257
4950 0.00364893
4951 0.00362506
4952 0.00360097
4953 0.00357666
4954 0.00355212
4955 0.00352736
4956 0.00350239
4957 0.00347721
4958 0.00345182
4959 0.00342623
4960 0.00340043
4961 0.00337443
4962 0.00334824
4963 0.00332186
4964 0.00329528
4965 0.00326852
4966 0.00324158
4967 0.00321446
4968 0.00318717
4969 0.0031597
4970 0.00313207
4971 0.00310427
4972 0.00307632
4973 0.00304821
4974 0.00301994
4975 0.00299153
4976 0.00296298
4977 0.00293429
4978 0.00290546
4979 0.0028765
4980 0.00284742
4981 0.00281822
4982 0.0027889
4983 0.00275947
4984 0.00272993
4985 0.0027003
4986 0.00267056
4987 0.00264074
4988 0.00261084
4989 0.00258085
4990 0.00255079
4991 0.00252067
4992 0.00249048
4993 0.00246024
4994 0.00242995
4995 0.00239963
4996 0.00236927
4997 0.00233888
4998 0.00230847
4999 0.00227806
5000 0.00224764
5001 0.00221722
5002 0.00218683
5003 0.00215645
5004 0.00212611
5005 0.00209581
5006 0.00206557
5007 0.00203539
5008 0.00200529
5009 0.00197527
5010 0.00194535
5011 0.00191554
5012 0.00188586
5013 0.00185632
5014 0.00182694
5015 0.00179772
5016 0.00176869
5017 0.00173986
5018 0.00171125
5019 0.00168288
5020 0.00165477
5021 0.00162694
5022 0.00159941
5023 0.00157221
5024 0.00154535
5025 0.00151887
5026 0.00149278
5027 0.00146712
5028 0.00144192
5029 0.00141721
5030 0.00139301
5031 0.00136936
5032 0.0013463
5033 0.00132386
5034 0.00130208
5035 0.001281
5036 0.00126065
5037 0.00124108
5038 0.00122232
5039 0.00120442
5040 0.00118743
5041 0.00117138
5042 0.00115631
5043 0.00114227
5044 0.0011293
5045 0.00111743
5046 0.0011067
5047 0.00109715
5048 0.00108881
5049 0.0010817
5050 0.00107586
5051 0.00107129
5052 0.00106802
5053 0.00106605
5054 0.00106539
5055 0.00106605
5056 0.001068
5057 0.00107126
5058 0.00107579
5059 0.00108158
5060 0.00108861
5061 0.00109685
5062 0.00110626
5063 0.00111681
5064 0.00112847
5065 0.00114118
5066 0.00115492
5067 0.00116964
5068 0.0011853
5069 0.00120185
5070 0.00121925
5071 0.00123746
5072 0.00125643
5073 0.00127613
5074 0.0012965
5075 0.00131752
5076 0.00133915
5077 0.00136134
5078 0.00138406
5079 0.00140728
5080 0.00143097
5081 0.00145509
5082 0.00147961
5083 0.00150451
5084 0.00152976
5085 0.00155533
5086 0.00158119
5087 0.00160734
5088 0.00163373
5089 0.00166035
5090 0.00168719
5091 0.00171422
5092 0.00174142
5093 0.00176878
5094 0.00179628
5095 0.0018239
5096 0.00185164
5097 0.00187947
5098 0.00190738
5099 0.00193536
5100 0.0019634
5101 0.00199149
5102 0.00201961
5103 0.00204776
5104 0.00207592
5105 0.00210408
5106 0.00213225
5107 0.00216039
5108 0.00218852
5109 0.00221661
5110 0.00224467
5111 0.00227269
5112 0.00230064
5113 0.00232855
5114 0.00235638
5115 0.00238414
5116 0.00241182
5117 0.00243942
5118 0.00246693
5119 0.00249434
5120 0.00252165
5121 0.00254885
5122 0.00257594
5123 0.00260291
5124 0.00262976
5125 0.00265649
5126 0.00268308
5127 0.00270954
5128 0.00273586
5129 0.00276204
5130 0.00278806
5131 0.00281394
5132 0.00283967
5133 0.00286523
5134 0.00289063
5135 0.00291587
5136 0.00294094
5137 0.00296583
5138 0.00299055
5139 0.00301509
5140 0.00303945
5141 0.00306362
5142 0.00308761
5143 0.00311141
5144 0.00313501
5145 0.00315842
5146 0.00318162
5147 0.00320463
5148 0.00322743
5149 0.00325003
5150 0.00327242
5151 0.0032946
5152 0.00331656
5153 0.00333831
5154 0.00335984
5155 0.00338115
5156 0.00340224
5157 0.0034231
5158 0.00344374
5159 0.00346415
5160 0.00348432
5161 0.00350427
5162 0.00352398
5163 0.00354346
5164 0.0035627
5165 0.0035817
5166 0.00360046
5167 0.00361898
5168 0.00363725
5169 0.00365528
5170 0.00367306
5171 0.00369059
5172 0.00370787
5173 0.0037249
5174 0.00374167
5175 0.00375819
5176 0.00377446
5177 0.00379046
5178 0.00380621
5179 0.0038217
5180 0.00383693
5181 0.0038519
5182 0.0038666
5183 0.00388104
5184 0.00389521
5185 0.00390912
5186 0.00392276
5187 0.00393613
5188 0.00394923
5189 0.00396206
5190 0.00397462
5191 0.00398691
5192 0.00399892
5193 0.00401066
5194 0.00402213
5195 0.00403332
5196 0.00404423
5197 0.00405487
5198 0.00406523
5199 0.00407531
5200 0.00408512
5201 0.00409464
5202 0.00410388
5203 0.00411285
5204 0.00412153
5205 0.00412993
5206 0.00413805
5207 0.00414589
5208 0.00415344
5209 0.00416072
5210 0.00416771
5211 0.00417441
5212 0.00418083
5213 0.00418697
5214 0.00419282
5215 0.00419839
5216 0.00420367
5217 0.00420867
5218 0.00421338
5219 0.00421781
5220 0.00422195
5221 0.00422581
5222 0.00422938
5223 0.00423267
5224 0.00423567
5225 0.00423838
5226 0.00424081
5227 0.00424296
5228 0.00424482
5229 0.00424639
5230 0.00424768
5231 0.00424869
5232 0.00424941
5233 0.00424984
5234 0.00425
5235 0.00424987
5236 0.00424945
5237 0.00424875
5238 0.00424777
5239 0.00424651
5240 0.00424497
5241 0.00424315
5242 0.00424104
5243 0.00423865
5244 0.00423599
5245 0.00423304
5246 0.00422982
5247 0.00422632
5248 0.00422254
5249 0.00421848
5250 0.00421415
5251 0.00420954
5252 0.00420465
5253 0.0041995
5254 0.00419406
5255 0.00418836
5256 0.00418238
5257 0.00417613
5258 0.00416962
5259 0.00416283
5260 0.00415577
5261 0.00414845
5262 0.00414086
5263 0.004133
5264 0.00412488
5265 0.00411649
5266 0.00410784
5267 0.00409893
5268 0.00408976
5269 0.00408033
5270 0.00407064
5271 0.00406069
5272 0.00405049
5273 0.00404003
5274 0.00402932
5275 0.00401835
5276 0.00400713
5277 0.00399566
5278 0.00398395
5279 0.00397198
5280 0.00395977
5281 0.00394731
5282 0.00393461
5283 0.00392167
5284 0.00390848
5285 0.00389506
5286 0.0038814
5287 0.0038675
5288 0.00385336
5289 0.003839
5290 0.00382439
5291 0.00380956
5292 0.0037945
5293 0.00377922
5294 0.0037637
5295 0.00374796
5296 0.003732
5297 0.00371582
5298 0.00369942
5299 0.0036828
5300 0.00366597
5301 0.00364892
5302 0.00363166
5303 0.00361419
5304 0.00359651
5305 0.00357862
5306 0.00356053
5307 0.00354224
5308 0.00352375
5309 0.00350505
5310 0.00348616
5311 0.00346707
5312 0.00344779
5313 0.00342832
5314 0.00340866
5315 0.00338882
5316 0.00336879
5317 0.00334857
5318 0.00332818
5319 0.0033076
5320 0.00328686
5321 0.00326593
5322 0.00324484
5323 0.00322357
5324 0.00320214
5325 0.00318055
5326 0.00315879
5327 0.00313687
5328 0.00311479
5329 0.00309256
5330 0.00307018
5331 0.00304765
5332 0.00302496
5333 0.00300214
5334 0.00297917
5335 0.00295606
5336 0.00293282
5337 0.00290944
5338 0.00288593
5339 0.00286229
5340 0.00283852
5341 0.00281463
5342 0.00279062
5343 0.0027665
5344 0.00274226
5345 0.00271791
5346 0.00269345
5347 0.00266888
5348 0.00264422
5349 0.00261946
5350 0.0025946
5351 0.00256965
5352 0.00254461
5353 0.00251948
5354 0.00249428
5355 0.002469
5356 0.00244364
5357 0.00241821
5358 0.00239272
5359 0.00236717
5360 0.00234155
5361 0.00231589
5362 0.00229017
5363 0.00226441
5364 0.0022386
5365 0.00221276
5366 0.00218689
5367 0.00216099
5368 0.00213506
5369 0.00210912
5370 0.00208317
5371 0.00205721
5372 0.00203125
5373 0.0020053
5374 0.00197935
5375 0.00195342
5376 0.00192751
5377 0.00190163
5378 0.00187579
5379 0.00184999
5380 0.00182424
5381 0.00179854
5382 0.00177291
5383 0.00174735
5384 0.00172188
5385 0.00169649
5386 0.0016712
5387 0.00164602
5388 0.00162096
5389 0.00159602
5390 0.00157123
5391 0.00154658
5392 0.00152209
5393 0.00149778
5394 0.00147366
5395 0.00144973
5396 0.00142602
5397 0.00140254
5398 0.00137929
5399 0.00135631
5400 0.00133361
5401 0.0013112
5402 0.0012891
5403 0.00126733
5404 0.00124591
5405 0.00122487
5406 0.00120422
5407 0.00118399
5408 0.0011642
5409 0.00114487
5410 0.00112603
5411 0.00110771
5412 0.00108993
5413 0.00107273
5414 0.00105613
5415 0.00104015
5416 0.00102484
5417 0.00101021
5418 0.000996299
5419 0.000983138
5420 0.000970753
5421 0.000959175
5422 0.000948431
5423 0.000938547
5424 0.000929548
5425 0.000921459
5426 0.000914299
5427 0.000908088
5428 0.000902843
5429 0.000898575
5430 0.000895295
5431 0.000893009
5432 0.000891721
5433 0.000891429
5434 0.000892129
5435 0.000893813
5436 0.00089647
5437 0.000900086
5438 0.000904642
5439 0.000910118
5440 0.00091649
5441 0.000923734
5442 0.000931821
5443 0.000940723
5444 0.000950409
5445 0.000960848
5446 0.000972008
5447 0.000983857
5448 0.000996362
5449 0.00100949
5450 0.00102321
5451 0.00103749
5452 0.0010523
5453 0.0010676
5454 0.00108338
5455 0.00109959
5456 0.00111622
5457 0.00113323
5458 0.0011506
5459 0.00116831
5460 0.00118632
5461 0.00120463
5462 0.0012232
5463 0.00124202
5464 0.00126107
5465 0.00128032
5466 0.00129977
5467 0.00131939
5468 0.00133916
5469 0.00135908
5470 0.00137912
5471 0.00139927
5472 0.00141953
5473 0.00143987
5474 0.00146028
5475 0.00148076
5476 0.00150129
5477 0.00152186
5478 0.00154247
5479 0.00156309
5480 0.00158373
5481 0.00160438
5482 0.00162502
5483 0.00164565
5484 0.00166626
5485 0.00168684
5486 0.00170739
5487 0.0017279
5488 0.00174837
5489 0.00176878
5490 0.00178913
5491 0.00180942
5492 0.00182964
5493 0.00184979
5494 0.00186985
5495 0.00188984
5496 0.00190973
5497 0.00192953
5498 0.00194923
5499 0.00196883
5500 0.00198833
5501 0.00200771
5502 0.00202698
5503 0.00204613
5504 0.00206517
5505 0.00208408
5506 0.00210286
5507 0.00212151
5508 0.00214002
5509 0.0021584
5510 0.00217664
5511 0.00219474
5512 0.00221269
5513 0.0022305
5514 0.00224815
5515 0.00226566
5516 0.002283
5517 0.00230019
5518 0.00231722
5519 0.00233408
5520 0.00235078
5521 0.00236732
5522 0.00238369
5523 0.00239988
5524 0.0024159
5525 0.00243175
5526 0.00244742
5527 0.00246292
5528 0.00247823
5529 0.00249336
5530 0.00250831
5531 0.00252307
5532 0.00253765
5533 0.00255204
5534 0.00256624
5535 0.00258025
5536 0.00259406
5537 0.00260769
5538 0.00262111
5539 0.00263434
5540 0.00264738
5541 0.00266021
5542 0.00267284
5543 0.00268528
5544 0.00269751
5545 0.00270953
5546 0.00272135
5547 0.00273297
5548 0.00274438
5549 0.00275558
5550 0.00276658
5551 0.00277736
5552 0.00278793
5553 0.0027983
5554 0.00280845
5555 0.00281838
5556 0.00282811
5557 0.00283762
5558 0.00284691
5559 0.00285599
5560 0.00286485
5561 0.0028735
5562 0.00288192
5563 0.00289013
5564 0.00289812
5565 0.00290589
5566 0.00291345
5567 0.00292078
5568 0.00292789
5569 0.00293477
5570 0.00294144
5571 0.00294789
5572 0.00295411
5573 0.00296011
5574 0.00296588
5575 0.00297144
5576 0.00297677
5577 0.00298187
5578 0.00298676
5579 0.00299141
5580 0.00299585
5581 0.00300005
5582 0.00300404
5583 0.0030078
5584 0.00301133
5585 0.00301464
5586 0.00301772
5587 0.00302058
5588 0.00302321
5589 0.00302562
5590 0.0030278
5591 0.00302976
5592 0.0030315
5593 0.003033
5594 0.00303429
5595 0.00303535
5596 0.00303618
5597 0.00303679
5598 0.00303718
5599 0.00303734
5600 0.00303728
5601 0.003037
5602 0.0030365
5603 0.00303577
5604 0.00303482
5605 0.00303364
5606 0.00303225
5607 0.00303063
5608 0.0030288
5609 0.00302674
5610 0.00302447
5611 0.00302197
5612 0.00301926
5613 0.00301632
5614 0.00301317
5615 0.00300981
5616 0.00300622
5617 0.00300242
5618 0.00299841
5619 0.00299418
5620 0.00298973
5621 0.00298507
5622 0.0029802
5623 0.00297512
5624 0.00296983
5625 0.00296432
5626 0.00295861
5627 0.00295269
5628 0.00294656
5629 0.00294022
5630 0.00293367
5631 0.00292692
5632 0.00291997
5633 0.00291281
5634 0.00290544
5635 0.00289788
5636 0.00289012
5637 0.00288215
5638 0.00287399
5639 0.00286563
5640 0.00285707
5641 0.00284831
5642 0.00283936
5643 0.00283022
5644 0.00282088
5645 0.00281136
5646 0.00280164
5647 0.00279173
5648 0.00278164
5649 0.00277136
5650 0.00276089
5651 0.00275024
5652 0.00273941
5653 0.00272839
5654 0.0027172
5655 0.00270582
5656 0.00269427
5657 0.00268255
5658 0.00267064
5659 0.00265857
5660 0.00264632
5661 0.0026339
5662 0.00262132
5663 0.00260856
5664 0.00259564
5665 0.00258256
5666 0.00256931
5667 0.0025559
5668 0.00254233
5669 0.00252861
5670 0.00251473
5671 0.00250069
5672 0.0024865
5673 0.00247216
5674 0.00245767
5675 0.00244304
5676 0.00242826
5677 0.00241333
5678 0.00239826
5679 0.00238305
5680 0.00236771
5681 0.00235223
5682 0.00233661
5683 0.00232086
5684 0.00230499
5685 0.00228898
5686 0.00227285
5687 0.00225659
5688 0.00224022
5689 0.00222372
5690 0.00220711
5691 0.00219038
5692 0.00217354
5693 0.00215659
5694 0.00213953
5695 0.00212237
5696 0.0021051
5697 0.00208774
5698 0.00207027
5699 0.00205272
5700 0.00203507
5701 0.00201733
5702 0.0019995
5703 0.00198159
5704 0.0019636
5705 0.00194553
5706 0.00192739
5707 0.00190918
5708 0.00189089
5709 0.00187255
5710 0.00185414
5711 0.00183567
5712 0.00181714
5713 0.00179857
5714 0.00177995
5715 0.00176128
5716 0.00174257
5717 0.00172383
5718 0.00170506
5719 0.00168625
5720 0.00166743
5721 0.00164858
5722 0.00162972
5723 0.00161085
5724 0.00159198
5725 0.00157311
5726 0.00155424
5727 0.00153538
5728 0.00151654
5729 0.00149772
5730 0.00147893
5731 0.00146017
5732 0.00144145
5733 0.00142278
5734 0.00140417
5735 0.00138561
5736 0.00136713
5737 0.00134872
5738 0.00133039
5739 0.00131216
5740 0.00129402
5741 0.001276
5742 0.0012581
5743 0.00124032
5744 0.00122269
5745 0.0012052
5746 0.00118788
5747 0.00117072
5748 0.00115376
5749 0.00113698
5750 0.00112042
5751 0.00110408
5752 0.00108798
5753 0.00107212
5754 0.00105653
5755 0.00104123
5756 0.00102622
5757 0.00101152
5758 0.000997159
5759 0.000983143
5760 0.000969494
5761 0.000956229
5762 0.000943369
5763 0.000930931
5764 0.000918936
5765 0.000907403
5766 0.000896353
5767 0.000885804
5768 0.000875777
5769 0.000866291
5770 0.000857367
5771 0.000849021
5772 0.000841273
5773 0.00083414
5774 0.000827638
5775 0.000821783
5776 0.000816588
5777 0.000812066
5778 0.000808229
5779 0.000805084
5780 0.00080264
5781 0.000800901
5782 0.000799873
5783 0.000799554
5784 0.000799946
5785 0.000801044
5786 0.000802844
5787 0.00080534
5788 0.000808521
5789 0.000812378
5790 0.000816898
5791 0.000822067
5792 0.000827869
5793 0.000834289
5794 0.000841308
5795 0.000848908
5796 0.00085707
5797 0.000865774
5798 0.000874999
5799 0.000884725
5800 0.000894932
5801 0.000905598
5802 0.000916704
5803 0.000928228
5804 0.00094015
5805 0.000952451
5806 0.000965111
5807 0.000978112
5808 0.000991434
5809 0.00100506
5810 0.00101897
5811 0.00103316
5812 0.00104759
5813 0.00106226
5814 0.00107716
5815 0.00109226
5816 0.00110756
5817 0.00112304
5818 0.00113869
5819 0.00115449
5820 0.00117043
5821 0.00118651
5822 0.0012027
5823 0.00121901
5824 0.00123542
5825 0.00125192
5826 0.0012685
5827 0.00128515
5828 0.00130187
5829 0.00131865
5830 0.00133547
5831 0.00135233
5832 0.00136923
5833 0.00138616
5834 0.0014031
5835 0.00142006
5836 0.00143703
5837 0.001454
5838 0.00147096
5839 0.00148792
5840 0.00150486
5841 0.00152178
5842 0.00153868
5843 0.00155555
5844 0.00157239
5845 0.00158919
5846 0.00160594
5847 0.00162265
5848 0.00163931
5849 0.00165592
5850 0.00167247
5851 0.00168895
5852 0.00170538
5853 0.00172173
5854 0.00173802
5855 0.00175423
5856 0.00177036
5857 0.00178641
5858 0.00180238
5859 0.00181826
5860 0.00183406
5861 0.00184976
5862 0.00186537
5863 0.00188088
5864 0.0018963
5865 0.00191161
5866 0.00192682
5867 0.00194192
5868 0.00195692
5869 0.0019718
5870 0.00198657
5871 0.00200123
5872 0.00201577
5873 0.0020302
5874 0.0020445
5875 0.00205868
5876 0.00207274
5877 0.00208668
5878 0.00210048
5879 0.00211416
5880 0.0021277
5881 0.00214112
5882 0.0021544
5883 0.00216755
5884 0.00218056
5885 0.00219343
5886 0.00220616
5887 0.00221875
5888 0.0022312
5889 0.00224351
5890 0.00225567
5891 0.00226768
5892 0.00227955
5893 0.00229127
5894 0.00230284
5895 0.00231426
5896 0.00232552
5897 0.00233664
5898 0.0023476
5899 0.0023584
5900 0.00236905
5901 0.00237954
5902 0.00238988
5903 0.00240005
5904 0.00241007
5905 0.00241992
5906 0.00242962
5907 0.00243915
5908 0.00244851
5909 0.00245772
5910 0.00246675
5911 0.00247563
5912 0.00248433
5913 0.00249287
5914 0.00250124
5915 0.00250945
5916 0.00251748
5917 0.00252535
5918 0.00253304
5919 0.00254057
5920 0.00254792
5921 0.0025551
5922 0.00256211
5923 0.00256894
5924 0.0025756
5925 0.00258209
5926 0.0025884
5927 0.00259454
5928 0.00260051
5929 0.00260629
5930 0.00261191
5931 0.00261734
5932 0.0026226
5933 0.00262768
5934 0.00263259
5935 0.00263732
5936 0.00264187
5937 0.00264624
5938 0.00265043
5939 0.00265445
5940 0.00265828
5941 0.00266194
5942 0.00266542
5943 0.00266872
5944 0.00267184
5945 0.00267478
5946 0.00267754
5947 0.00268013
5948 0.00268253
5949 0.00268475
5950 0.0026868
5951 0.00268866
5952 0.00269035
5953 0.00269186
5954 0.00269318
5955 0.00269433
5956 0.0026953
5957 0.00269609
5958 0.0026967
5959 0.00269713
5960 0.00269738
5961 0.00269746
5962 0.00269735
5963 0.00269707
5964 0.00269661
5965 0.00269597
5966 0.00269516
5967 0.00269416
5968 0.00269299
5969 0.00269165
5970 0.00269013
5971 0.00268843
5972 0.00268655
5973 0.0026845
5974 0.00268228
5975 0.00267988
5976 0.00267731
5977 0.00267456
5978 0.00267165
5979 0.00266855
5980 0.00266529
5981 0.00266185
5982 0.00265825
5983 0.00265447
5984 0.00265052
5985 0.00264641
5986 0.00264212
5987 0.00263766
5988 0.00263304
5989 0.00262825
5990 0.00262329
5991 0.00261817
5992 0.00261288
5993 0.00260743
5994 0.00260181
5995 0.00259603
5996 0.00259009
5997 0.00258399
5998 0.00257772
5999 0.0025713
6000 0.00256471
6001 0.00255797
6002 0.00255107
6003 0.00254401
6004 0.00253679
6005 0.00252942
6006 0.00252189
6007 0.00251422
6008 0.00250638
6009 0.0024984
6010 0.00249027
6011 0.00248198
6012 0.00247355
6013 0.00246497
6014 0.00245624
6015 0.00244736
6016 0.00243834
6017 0.00242918
6018 0.00241987
6019 0.00241042
6020 0.00240084
6021 0.00239111
6022 0.00238124
6023 0.00237123
6024 0.00236109
6025 0.00235082
6026 0.00234041
6027 0.00232986
6028 0.00231919
6029 0.00230839
6030 0.00229745
6031 0.00228639
6032 0.0022752
6033 0.00226389
6034 0.00225245
6035 0.00224089
6036 0.00222921
6037 0.00221741
6038 0.00220549
6039 0.00219346
6040 0.00218131
6041 0.00216904
6042 0.00215666
6043 0.00214417
6044 0.00213157
6045 0.00211886
6046 0.00210605
6047 0.00209313
6048 0.00208011
6049 0.00206698
6050 0.00205376
6051 0.00204044
6052 0.00202701
6053 0.0020135
6054 0.00199989
6055 0.00198619
6056 0.0019724
6057 0.00195852
6058 0.00194455
6059 0.0019305
6060 0.00191637
6061 0.00190216
6062 0.00188787
6063 0.0018735
6064 0.00185905
6065 0.00184454
6066 0.00182995
6067 0.00181529
6068 0.00180057
6069 0.00178579
6070 0.00177094
6071 0.00175603
6072 0.00174106
6073 0.00172604
6074 0.00171097
6075 0.00169584
6076 0.00168067
6077 0.00166546
6078 0.0016502
6079 0.0016349
6080 0.00161956
6081 0.00160419
6082 0.00158878
6083 0.00157335
6084 0.00155789
6085 0.00154241
6086 0.0015269
6087 0.00151139
6088 0.00149585
6089 0.00148031
6090 0.00146476
6091 0.00144921
6092 0.00143365
6093 0.0014181
6094 0.00140256
6095 0.00138703
6096 0.00137151
6097 0.00135602
6098 0.00134054
6099 0.0013251
6100 0.00130969
6101 0.00129431
6102 0.00127898
6103 0.00126369
6104 0.00124846
6105 0.00123328
6106 0.00121817
6107 0.00120312
6108 0.00118815
6109 0.00117326
6110 0.00115845
6111 0.00114373
6112 0.00112912
6113 0.00111461
6114 0.00110021
6115 0.00108593
6116 0.00107178
6117 0.00105776
6118 0.00104389
6119 0.00103017
6120 0.00101661
6121 0.00100322
6122 0.000990007
6123 0.000976981
6124 0.000964153
6125 0.000951532
6126 0.000939129
6127 0.000926954
6128 0.000915018
6129 0.000903333
6130 0.000891909
6131 0.000880758
6132 0.000869892
6133 0.000859323
6134 0.000849064
6135 0.000839126
6136 0.000829522
6137 0.000820264
6138 0.000811365
6139 0.000802836
6140 0.000794692
6141 0.000786943
6142 0.000779601
6143 0.000772677
6144 0.000766184
6145 0.000760131
6146 0.000754528
6147 0.000749385
6148 0.000744711
6149 0.000740513
6150 0.000736798
6151 0.000733572
6152 0.000730841
6153 0.000728608
6154 0.000726876
6155 0.000725647
6156 0.000724921
6157 0.000724697
6158 0.000724974
6159 0.000725748
6160 0.000727016
6161 0.000728771
6162 0.000731009
6163 0.00073372
6164 0.000736896
6165 0.00074053
6166 0.000744609
6167 0.000749124
6168 0.000754064
6169 0.000759415
6170 0.000765167
6171 0.000771305
6172 0.000777818
6173 0.000784691
6174 0.000791911
6175 0.000799465
6176 0.000807338
6177 0.000815519
6178 0.000823991
6179 0.000832744
6180 0.000841763
6181 0.000851036
6182 0.000860549
6183 0.00087029
6184 0.000880248
6185 0.00089041
6186 0.000900764
6187 0.0009113
6188 0.000922006
6189 0.000932873
6190 0.000943889
6191 0.000955045
6192 0.00096633
6193 0.000977737
6194 0.000989256
6195 0.00100088
6196 0.0010126
6197 0.0010244
6198 0.00103628
6199 0.00104824
6200 0.00106026
6201 0.00107233
6202 0.00108446
6203 0.00109664
6204 0.00110885
6205 0.00112109
6206 0.00113336
6207 0.00114565
6208 0.00115796
6209 0.00117028
6210 0.00118261
6211 0.00119493
6212 0.00120725
6213 0.00121957
6214 0.00123187
6215 0.00124416
6216 0.00125642
6217 0.00126867
6218 0.00128088
6219 0.00129306
6220 0.00130521
6221 0.00131732
6222 0.00132939
6223 0.00134141
6224 0.00135338
6225 0.00136531
6226 0.00137718
6227 0.001389
6228 0.00140075
6229 0.00141245
6230 0.00142408
6231 0.00143564
6232 0.00144714
6233 0.00145856
6234 0.00146991
6235 0.00148119
6236 0.00149239
6237 0.00150351
6238 0.00151454
6239 0.0015255
6240 0.00153637
6241 0.00154715
6242 0.00155784
6243 0.00156844
6244 0.00157895
6245 0.00158936
6246 0.00159968
6247 0.0016099
6248 0.00162003
6249 0.00163005
6250 0.00163997
6251 0.00164979
6252 0.00165951
6253 0.00166911
6254 0.00167862
6255 0.00168801
6256 0.0016973
6257 0.00170647
6258 0.00171553
6259 0.00172448
6260 0.00173332
6261 0.00174204
6262 0.00175064
6263 0.00175913
6264 0.0017675
6265 0.00177575
6266 0.00178388
6267 0.00179189
6268 0.00179978
6269 0.00180755
6270 0.00181519
6271 0.00182271
6272 0.00183011
6273 0.00183738
6274 0.00184452
6275 0.00185153
6276 0.00185842
6277 0.00186518
6278 0.00187181
6279 0.00187831
6280 0.00188468
6281 0.00189092
6282 0.00189703
6283 0.00190301
6284 0.00190885
6285 0.00191456
6286 0.00192014
6287 0.00192558
6288 0.00193089
6289 0.00193606
6290 0.0019411
6291 0.001946
6292 0.00195077
6293 0.0019554
6294 0.00195989
6295 0.00196425
6296 0.00196847
6297 0.00197255
6298 0.00197649
6299 0.0019803
6300 0.00198396
6301 0.00198749
6302 0.00199088
6303 0.00199413
6304 0.00199724
6305 0.00200021
6306 0.00200304
6307 0.00200573
6308 0.00200828
6309 0.00201069
6310 0.00201296
6311 0.00201509
6312 0.00201708
6313 0.00201894
6314 0.00202065
6315 0.00202222
6316 0.00202365
6317 0.00202493
6318 0.00202608
6319 0.00202709
6320 0.00202796
6321 0.00202869
6322 0.00202928
6323 0.00202973
6324 0.00203004
6325 0.00203021
6326 0.00203024
6327 0.00203013
6328 0.00202988
6329 0.00202949
6330 0.00202897
6331 0.0020283
6332 0.0020275
6333 0.00202656
6334 0.00202548
6335 0.00202426
6336 0.00202291
6337 0.00202142
6338 0.00201979
6339 0.00201803
6340 0.00201613
6341 0.0020141
6342 0.00201193
6343 0.00200962
6344 0.00200719
6345 0.00200461
6346 0.00200191
6347 0.00199907
6348 0.0019961
6349 0.00199299
6350 0.00198976
6351 0.00198639
6352 0.00198289
6353 0.00197926
6354 0.00197551
6355 0.00197162
6356 0.00196761
6357 0.00196346
6358 0.00195919
6359 0.0019548
6360 0.00195027
6361 0.00194562
6362 0.00194085
6363 0.00193595
6364 0.00193093
6365 0.00192579
6366 0.00192052
6367 0.00191513
6368 0.00190963
6369 0.001904
6370 0.00189825
6371 0.00189238
6372 0.0018864
6373 0.0018803
6374 0.00187408
6375 0.00186775
6376 0.0018613
6377 0.00185474
6378 0.00184807
6379 0.00184129
6380 0.00183439
6381 0.00182739
6382 0.00182027
6383 0.00181305
6384 0.00180572
6385 0.00179829
6386 0.00179074
6387 0.0017831
6388 0.00177535
6389 0.0017675
6390 0.00175955
6391 0.0017515
6392 0.00174335
6393 0.0017351
6394 0.00172676
6395 0.00171832
6396 0.00170978
6397 0.00170116
6398 0.00169244
6399 0.00168363
6400 0.00167473
6401 0.00166574
6402 0.00165666
6403 0.0016475
6404 0.00163826
6405 0.00162893
6406 0.00161952
6407 0.00161003
6408 0.00160046
6409 0.00159081
6410 0.00158109
6411 0.00157129
6412 0.00156142
6413 0.00155148
6414 0.00154146
6415 0.00153138
6416 0.00152123
6417 0.00151102
6418 0.00150074
6419 0.0014904
6420 0.00148
6421 0.00146954
6422 0.00145903
6423 0.00144846
6424 0.00143784
6425 0.00142716
6426 0.00141644
6427 0.00140567
6428 0.00139485
6429 0.00138399
6430 0.00137309
6431 0.00136214
6432 0.00135117
6433 0.00134015
6434 0.00132911
6435 0.00131803
6436 0.00130692
6437 0.00129579
6438 0.00128464
6439 0.00127346
6440 0.00126227
6441 0.00125106
6442 0.00123984
6443 0.00122861
6444 0.00121736
6445 0.00120612
6446 0.00119487
6447 0.00118363
6448 0.00117239
6449 0.00116115
6450 0.00114993
6451 0.00113872
6452 0.00112753
6453 0.00111636
6454 0.00110521
6455 0.00109409
6456 0.00108301
6457 0.00107196
6458 0.00106095
6459 0.00104998
6460 0.00103906
6461 0.0010282
6462 0.00101739
6463 0.00100664
6464 0.00099596
6465 0.00098535
6466 0.000974816
6467 0.000964364
6468 0.000953998
6469 0.000943723
6470 0.000933546
6471 0.000923472
6472 0.000913507
6473 0.000903657
6474 0.000893927
6475 0.000884325
6476 0.000874856
6477 0.000865527
6478 0.000856345
6479 0.000847317
6480 0.000838449
6481 0.000829749
6482 0.000821223
6483 0.00081288
6484 0.000804726
6485 0.000796768
6486 0.000789016
6487 0.000781475
6488 0.000774154
6489 0.000767061
6490 0.000760202
6491 0.000753586
6492 0.00074722
6493 0.000741112
6494 0.000735268
6495 0.000729697
6496 0.000724405
6497 0.000719398
6498 0.000714685
6499 0.00071027
6500 0.000706159
6501 0.00070236
6502 0.000698875
6503 0.000695711
6504 0.000692872
6505 0.000690362
6506 0.000688183
6507 0.000686339
6508 0.000684832
6509 0.000683664
6510 0.000682835
6511 0.000682347
6512 0.000682199
6513 0.00068239
6514 0.000682919
6515 0.000683784
6516 0.000684983
6517 0.000686512
6518 0.000688368
6519 0.000690546
6520 0.000693042
6521 0.000695852
6522 0.000698968
6523 0.000702386
6524 0.000706099
6525 0.0007101
6526 0.000714382
6527 0.000718938
6528 0.000723761
6529 0.000728844
6530 0.000734177
6531 0.000739754
6532 0.000745566
6533 0.000751606
6534 0.000757865
6535 0.000764336
6536 0.00077101
6537 0.000777879
6538 0.000784935
6539 0.000792171
6540 0.000799579
6541 0.00080715
6542 0.000814878
6543 0.000822756
6544 0.000830775
6545 0.000838929
6546 0.00084721
6547 0.000855613
6548 0.00086413
6549 0.000872754
6550 0.00088148
6551 0.000890302
6552 0.000899213
6553 0.000908207
6554 0.000917279
6555 0.000926423
6556 0.000935634
6557 0.000944907
6558 0.000954236
6559 0.000963617
6560 0.000973045
6561 0.000982516
6562 0.000992024
6563 0.00100157
6564 0.00101114
6565 0.00102073
6566 0.00103035
6567 0.00103999
6568 0.00104963
6569 0.00105929
6570 0.00106896
6571 0.00107863
6572 0.0010883
6573 0.00109796
6574 0.00110762
6575 0.00111727
6576 0.0011269
6577 0.00113653
6578 0.00114613
6579 0.00115571
6580 0.00116527
6581 0.0011748
6582 0.00118431
6583 0.00119378
6584 0.00120322
6585 0.00121263
6586 0.001222
6587 0.00123133
6588 0.00124061
6589 0.00124986
6590 0.00125905
6591 0.0012682
6592 0.0012773
6593 0.00128635
6594 0.00129535
6595 0.00130429
6596 0.00131318
6597 0.001322
6598 0.00133077
6599 0.00133947
6600 0.00134812
6601 0.00135669
6602 0.00136521
6603 0.00137365
6604 0.00138203
6605 0.00139033
6606 0.00139857
6607 0.00140673
6608 0.00141482
6609 0.00142284
6610 0.00143077
6611 0.00143863
6612 0.00144642
6613 0.00145412
6614 0.00146174
6615 0.00146928
6616 0.00147674
6617 0.00148412
6618 0.0014914
6619 0.00149861
6620 0.00150573
6621 0.00151276
6622 0.0015197
6623 0.00152655
6624 0.00153331
6625 0.00153999
6626 0.00154657
6627 0.00155306
6628 0.00155945
6629 0.00156575
6630 0.00157196
6631 0.00157807
6632 0.00158409
6633 0.00159
6634 0.00159583
6635 0.00160155
6636 0.00160717
6637 0.0016127
6638 0.00161813
6639 0.00162345
6640 0.00162868
6641 0.0016338
6642 0.00163883
6643 0.00164375
6644 0.00164856
6645 0.00165328
6646 0.00165789
6647 0.0016624
6648 0.0016668
6649 0.0016711
6650 0.00167529
6651 0.00167937
6652 0.00168336
6653 0.00168723
6654 0.001691
6655 0.00169466
6656 0.00169821
6657 0.00170166
6658 0.001705
6659 0.00170823
6660 0.00171135
6661 0.00171436
6662 0.00171727
6663 0.00172006
6664 0.00172275
6665 0.00172532
6666 0.00172779
6667 0.00173015
6668 0.0017324
6669 0.00173454
6670 0.00173656
6671 0.00173848
6672 0.00174029
6673 0.00174199
6674 0.00174358
6675 0.00174505
6676 0.00174642
6677 0.00174768
6678 0.00174882
6679 0.00174986
6680 0.00175078
6681 0.0017516
6682 0.0017523
6683 0.00175289
6684 0.00175338
6685 0.00175375
6686 0.00175401
6687 0.00175416
6688 0.00175421
6689 0.00175414
6690 0.00175396
6691 0.00175368
6692 0.00175328
6693 0.00175278
6694 0.00175216
6695 0.00175144
6696 0.00175061
6697 0.00174967
6698 0.00174862
6699 0.00174746
6700 0.0017462
6701 0.00174483
6702 0.00174335
6703 0.00174176
6704 0.00174007
6705 0.00173827
6706 0.00173637
6707 0.00173435
6708 0.00173224
6709 0.00173002
6710 0.00172769
6711 0.00172526
6712 0.00172272
6713 0.00172009
6714 0.00171734
6715 0.0017145
6716 0.00171155
6717 0.0017085
6718 0.00170535
6719 0.0017021
6720 0.00169875
6721 0.0016953
6722 0.00169174
6723 0.00168809
6724 0.00168434
6725 0.00168049
6726 0.00167655
6727 0.00167251
6728 0.00166837
6729 0.00166413
6730 0.0016598
6731 0.00165538
6732 0.00165086
6733 0.00164624
6734 0.00164154
6735 0.00163674
6736 0.00163185
6737 0.00162687
6738 0.00162179
6739 0.00161663
6740 0.00161138
6741 0.00160604
6742 0.00160062
6743 0.00159511
6744 0.00158951
6745 0.00158382
6746 0.00157805
6747 0.0015722
6748 0.00156626
6749 0.00156025
6750 0.00155415
6751 0.00154797
6752 0.00154171
6753 0.00153537
6754 0.00152895
6755 0.00152246
6756 0.00151589
6757 0.00150924
6758 0.00150252
6759 0.00149573
6760 0.00148886
6761 0.00148192
6762 0.00147491
6763 0.00146784
6764 0.00146069
6765 0.00145347
6766 0.00144619
6767 0.00143885
6768 0.00143144
6769 0.00142396
6770 0.00141642
6771 0.00140883
6772 0.00140117
6773 0.00139345
6774 0.00138568
6775 0.00137785
6776 0.00136996
6777 0.00136202
6778 0.00135402
6779 0.00134598
6780 0.00133788
6781 0.00132974
6782 0.00132154
6783 0.00131331
6784 0.00130502
6785 0.00129669
6786 0.00128832
6787 0.00127991
6788 0.00127146
6789 0.00126297
6790 0.00125445
6791 0.00124589
6792 0.0012373
6793 0.00122867
6794 0.00122002
6795 0.00121133
6796 0.00120262
6797 0.00119389
6798 0.00118513
6799 0.00117635
6800 0.00116755
6801 0.00115873
6802 0.0011499
6803 0.00114105
6804 0.00113219
6805 0.00112332
6806 0.00111444
6807 0.00110556
6808 0.00109667
6809 0.00108778
6810 0.00107888
6811 0.00106999
6812 0.00106111
6813 0.00105223
6814 0.00104337
6815 0.00103451
6816 0.00102567
6817 0.00101684
6818 0.00100804
6819 0.000999252
6820 0.000990492
6821 0.00098176
6822 0.000973058
6823 0.00096439
6824 0.000955757
6825 0.000947163
6826 0.000938611
6827 0.000930104
6828 0.000921646
6829 0.000913239
6830 0.000904887
6831 0.000896593
6832 0.000888362
6833 0.000880195
6834 0.000872097
6835 0.000864072
6836 0.000856123
6837 0.000848254
6838 0.000840469
6839 0.000832772
6840 0.000825167
6841 0.000817658
6842 0.00081025
6843 0.000802945
6844 0.00079575
6845 0.000788667
6846 0.000781702
6847 0.000774859
6848 0.000768142
6849 0.000761555
6850 0.000755104
6851 0.000748794
6852 0.000742627
6853 0.00073661
6854 0.000730746
6855 0.000725041
6856 0.000719498
6857 0.000714123
6858 0.000708919
6859 0.000703892
6860 0.000699045
6861 0.000694383
6862 0.000689911
6863 0.000685631
6864 0.000681548
6865 0.000677666
6866 0.000673989
6867 0.000670519
6868 0.000667261
6869 0.000664217
6870 0.00066139
6871 0.000658783
6872 0.000656398
6873 0.000654237
6874 0.000652302
6875 0.000650594
6876 0.000649116
6877 0.000647867
6878 0.000646849
6879 0.000646062
6880 0.000645506
6881 0.00064518
6882 0.000645085
6883 0.000645218
6884 0.00064558
6885 0.000646168
6886 0.00064698
6887 0.000648016
6888 0.000649271
6889 0.000650744
6890 0.000652432
6891 0.000654331
6892 0.000656438
6893 0.00065875
6894 0.000661262
6895 0.000663971
6896 0.000666873
6897 0.000669963
6898 0.000673237
6899 0.00067669
6900 0.000680318
6901 0.000684116
6902 0.000688079
6903 0.000692203
6904 0.000696481
6905 0.00070091
6906 0.000705484
6907 0.000710199
6908 0.000715049
6909 0.000720029
6910 0.000725135
6911 0.000730361
6912 0.000735703
6913 0.000741156
6914 0.000746715
6915 0.000752375
6916 0.000758132
6917 0.000763981
6918 0.000769918
6919 0.000775937
6920 0.000782036
6921 0.000788209
6922 0.000794452
6923 0.000800761
6924 0.000807132
6925 0.000813562
6926 0.000820046
6927 0.00082658
6928 0.000833161
6929 0.000839785
6930 0.000846449
6931 0.000853149
6932 0.000859883
6933 0.000866645
6934 0.000873435
6935 0.000880247
6936 0.00088708
6937 0.00089393
6938 0.000900794
6939 0.000907671
6940 0.000914556
6941 0.000921447
6942 0.000928342
6943 0.000935238
6944 0.000942132
6945 0.000949023
6946 0.000955908
6947 0.000962784
6948 0.00096965
6949 0.000976503
6950 0.000983341
6951 0.000990162
6952 0.000996964
6953 0.00100375
6954 0.0010105
6955 0.00101724
6956 0.00102395
6957 0.00103062
6958 0.00103727
6959 0.00104389
6960 0.00105048
6961 0.00105703
6962 0.00106354
6963 0.00107002
6964 0.00107645
6965 0.00108285
6966 0.0010892
6967 0.00109551
6968 0.00110178
6969 0.001108
6970 0.00111417
6971 0.00112029
6972 0.00112637
6973 0.00113239
6974 0.00113836
6975 0.00114428
6976 0.00115014
6977 0.00115595
6978 0.0011617
6979 0.00116739
6980 0.00117303
6981 0.00117861
6982 0.00118412
6983 0.00118958
6984 0.00119497
6985 0.0012003
6986 0.00120557
6987 0.00121077
6988 0.00121591
6989 0.00122098
6990 0.00122598
6991 0.00123092
6992 0.00123579
6993 0.00124059
6994 0.00124532
6995 0.00124998
6996 0.00125456
6997 0.00125908
6998 0.00126352
6999 0.0012679
7000 0.00127219
7001 0.00127642
7002 0.00128057
7003 0.00128464
7004 0.00128864
7005 0.00129257
7006 0.00129641
7007 0.00130018
7008 0.00130387
7009 0.00130749
7010 0.00131103
7011 0.00131448
7012 0.00131786
7013 0.00132116
7014 0.00132438
7015 0.00132752
7016 0.00133058
7017 0.00133356
7018 0.00133646
7019 0.00133927
7020 0.00134201
7021 0.00134466
7022 0.00134723
7023 0.00134972
7024 0.00135212
7025 0.00135444
7026 0.00135668
7027 0.00135884
7028 0.00136091
7029 0.0013629
7030 0.0013648
7031 0.00136662
7032 0.00136836
7033 0.00137001
7034 0.00137158
7035 0.00137307
7036 0.00137447
7037 0.00137578
7038 0.00137701
7039 0.00137816
7040 0.00137922
7041 0.00138019
7042 0.00138108
7043 0.00138189
7044 0.00138261
7045 0.00138325
7046 0.0013838
7047 0.00138426
7048 0.00138465
7049 0.00138494
7050 0.00138516
7051 0.00138528
7052 0.00138533
7053 0.00138529
7054 0.00138516
7055 0.00138495
7056 0.00138466
7057 0.00138428
7058 0.00138382
7059 0.00138328
7060 0.00138265
7061 0.00138193
7062 0.00138114
7063 0.00138026
7064 0.0013793
7065 0.00137826
7066 0.00137713
7067 0.00137593
7068 0.00137464
7069 0.00137327
7070 0.00137181
7071 0.00137028
7072 0.00136867
7073 0.00136697
7074 0.0013652
7075 0.00136334
7076 0.00136141
7077 0.0013594
7078 0.0013573
7079 0.00135513
7080 0.00135288
7081 0.00135056
7082 0.00134815
7083 0.00134567
7084 0.00134312
7085 0.00134048
7086 0.00133777
7087 0.00133499
7088 0.00133213
7089 0.00132919
7090 0.00132618
7091 0.0013231
7092 0.00131995
7093 0.00131672
7094 0.00131342
7095 0.00131005
7096 0.00130661
7097 0.0013031
7098 0.00129951
7099 0.00129586
7100 0.00129214
7101 0.00128835
7102 0.0012845
7103 0.00128057
7104 0.00127658
7105 0.00127253
7106 0.00126841
7107 0.00126422
7108 0.00125997
7109 0.00125566
7110 0.00125129
7111 0.00124685
7112 0.00124235
7113 0.00123779
7114 0.00123317
7115 0.0012285
7116 0.00122376
7117 0.00121897
7118 0.00121412
7119 0.00120921
7120 0.00120425
7121 0.00119924
7122 0.00119417
7123 0.00118905
7124 0.00118387
7125 0.00117865
7126 0.00117338
7127 0.00116805
7128 0.00116268
7129 0.00115726
7130 0.0011518
7131 0.00114629
7132 0.00114073
7133 0.00113513
7134 0.00112949
7135 0.00112381
7136 0.00111808
7137 0.00111232
7138 0.00110652
7139 0.00110068
7140 0.00109481
7141 0.0010889
7142 0.00108295
7143 0.00107698
7144 0.00107097
7145 0.00106493
7146 0.00105886
7147 0.00105277
7148 0.00104664
7149 0.0010405
7150 0.00103432
7151 0.00102813
7152 0.00102191
7153 0.00101567
7154 0.00100942
7155 0.00100314
7156 0.000996853
7157 0.000990549
7158 0.000984231
7159 0.000977902
7160 0.000971563
7161 0.000965215
7162 0.000958861
7163 0.000952501
7164 0.000946137
7165 0.000939771
7166 0.000933405
7167 0.00092704
7168 0.000920678
7169 0.000914322
7170 0.000907971
7171 0.00090163
7172 0.000895298
7173 0.00088898
7174 0.000882675
7175 0.000876386
7176 0.000870116
7177 0.000863866
7178 0.000857639
7179 0.000851435
7180 0.000845259
7181 0.000839111
7182 0.000832994
7183 0.000826911
7184 0.000820863
7185 0.000814853
7186 0.000808883
7187 0.000802956
7188 0.000797073
7189 0.000791239
7190 0.000785454
7191 0.000779722
7192 0.000774045
7193 0.000768425
7194 0.000762866
7195 0.00075737
7196 0.00075194
7197 0.000746578
7198 0.000741287
7199 0.00073607
7200 0.000730929
7201 0.000725868
7202 0.000720889
7203 0.000715995
7204 0.000711189
7205 0.000706474
7206 0.000701853
7207 0.000697327
7208 0.000692901
7209 0.000688577
7210 0.000684358
7211 0.000680246
7212 0.000676245
7213 0.000672357
7214 0.000668585
7215 0.000664931
7216 0.000661398
7217 0.000657989
7218 0.000654706
7219 0.000651551
7220 0.000648527
7221 0.000645637
7222 0.000642881
7223 0.000640264
7224 0.000637785
7225 0.000635448
7226 0.000633254
7227 0.000631204
7228 0.000629301
7229 0.000627545
7230 0.000625939
7231 0.000624482
7232 0.000623176
7233 0.000622022
7234 0.000621021
7235 0.000620173
7236 0.000619478
7237 0.000618937
7238 0.00061855
7239 0.000618316
7240 0.000618236
7241 0.000618308
7242 0.000618533
7243 0.00061891
7244 0.000619437
7245 0.000620115
7246 0.00062094
7247 0.000621913
7248 0.000623031
7249 0.000624294
7250 0.000625699
7251 0.000627245
7252 0.000628929
7253 0.000630749
7254 0.000632704
7255 0.000634791
7256 0.000637007
7257 0.000639351
7258 0.000641819
7259 0.000644409
7260 0.000647118
7261 0.000649944
7262 0.000652884
7263 0.000655934
7264 0.000659093
7265 0.000662357
7266 0.000665723
7267 0.000669188
7268 0.00067275
7269 0.000676405
7270 0.00068015
7271 0.000683982
7272 0.000687899
7273 0.000691898
7274 0.000695975
7275 0.000700127
7276 0.000704352
7277 0.000708646
7278 0.000713007
7279 0.000717433
7280 0.000721919
7281 0.000726464
7282 0.000731064
7283 0.000735717
7284 0.00074042
7285 0.000745171
7286 0.000749966
7287 0.000754804
7288 0.000759681
7289 0.000764596
7290 0.000769546
7291 0.000774528
7292 0.00077954
7293 0.00078458
7294 0.000789646
7295 0.000794734
7296 0.000799844
7297 0.000804972
7298 0.000810117
7299 0.000815277
7300 0.00082045
7301 0.000825633
7302 0.000830825
7303 0.000836024
7304 0.000841228
7305 0.000846435
7306 0.000851643
7307 0.000856851
7308 0.000862057
7309 0.000867259
7310 0.000872455
7311 0.000877644
7312 0.000882825
7313 0.000887996
7314 0.000893155
7315 0.0008983
7316 0.000903431
7317 0.000908546
7318 0.000913644
7319 0.000918723
7320 0.000923782
7321 0.000928819
7322 0.000933834
7323 0.000938825
7324 0.000943791
7325 0.000948731
7326 0.000953643
7327 0.000958527
7328 0.000963381
7329 0.000968205
7330 0.000972997
7331 0.000977755
7332 0.00098248
7333 0.000987171
7334 0.000991825
7335 0.000996443
7336 0.00100102
7337 0.00100556
7338 0.00101007
7339 0.00101453
7340 0.00101895
7341 0.00102333
7342 0.00102766
7343 0.00103196
7344 0.00103621
7345 0.00104041
7346 0.00104457
7347 0.00104868
7348 0.00105274
7349 0.00105676
7350 0.00106072
7351 0.00106464
7352 0.00106851
7353 0.00107233
7354 0.0010761
7355 0.00107981
7356 0.00108348
7357 0.00108709
7358 0.00109064
7359 0.00109415
7360 0.0010976
7361 0.00110099
7362 0.00110433
7363 0.00110761
7364 0.00111084
7365 0.00111401
7366 0.00111712
7367 0.00112018
7368 0.00112317
7369 0.00112611
7370 0.00112899
7371 0.00113182
7372 0.00113458
7373 0.00113728
7374 0.00113992
7375 0.0011425
7376 0.00114502
7377 0.00114748
7378 0.00114988
7379 0.00115222
7380 0.00115449
7381 0.0011567
7382 0.00115885
7383 0.00116094
7384 0.00116296
7385 0.00116492
7386 0.00116682
7387 0.00116865
7388 0.00117042
7389 0.00117213
7390 0.00117377
7391 0.00117535
7392 0.00117686
7393 0.00117831
7394 0.00117969
7395 0.00118101
7396 0.00118226
7397 0.00118345
7398 0.00118458
7399 0.00118563
7400 0.00118663
7401 0.00118755
7402 0.00118842
7403 0.00118921
7404 0.00118995
7405 0.00119061
7406 0.00119121
7407 0.00119175
7408 0.00119221
7409 0.00119262
7410 0.00119296
7411 0.00119323
7412 0.00119344
7413 0.00119358
7414 0.00119365
7415 0.00119366
7416 0.00119361
7417 0.00119349
7418 0.00119331
7419 0.00119306
7420 0.00119274
7421 0.00119236
7422 0.00119192
7423 0.00119141
7424 0.00119084
7425 0.0011902
7426 0.0011895
7427 0.00118873
7428 0.0011879
7429 0.00118701
7430 0.00118606
7431 0.00118504
7432 0.00118395
7433 0.00118281
7434 0.0011816
7435 0.00118033
7436 0.001179
7437 0.0011776
7438 0.00117615
7439 0.00117463
7440 0.00117305
7441 0.00117141
7442 0.00116971
7443 0.00116795
7444 0.00116613
7445 0.00116425
7446 0.00116232
7447 0.00116032
7448 0.00115826
7449 0.00115615
7450 0.00115397
7451 0.00115174
7452 0.00114945
7453 0.00114711
7454 0.00114471
7455 0.00114225
7456 0.00113974
7457 0.00113717
7458 0.00113455
7459 0.00113187
7460 0.00112914
7461 0.00112635
7462 0.00112351
7463 0.00112062
7464 0.00111768
7465 0.00111468
7466 0.00111164
7467 0.00110854
7468 0.00110539
7469 0.0011022
7470 0.00109895
7471 0.00109566
7472 0.00109231
7473 0.00108892
7474 0.00108548
7475 0.001082
7476 0.00107847
7477 0.00107489
7478 0.00107127
7479 0.00106761
7480 0.0010639
7481 0.00106015
7482 0.00105636
7483 0.00105253
7484 0.00104865
7485 0.00104474
7486 0.00104078
7487 0.00103679
7488 0.00103276
7489 0.00102869
7490 0.00102458
7491 0.00102044
7492 0.00101626
7493 0.00101205
7494 0.0010078
7495 0.00100352
7496 0.000999212
7497 0.000994869
7498 0.000990496
7499 0.000986093
7500 0.000981661
7501 0.000977201
7502 0.000972713
7503 0.000968199
7504 0.00096366
7505 0.000959096
7506 0.000954508
7507 0.000949897
7508 0.000945265
7509 0.000940611
7510 0.000935938
7511 0.000931245
7512 0.000926534
7513 0.000921807
7514 0.000917063
7515 0.000912305
7516 0.000907532
7517 0.000902746
7518 0.000897949
7519 0.000893141
7520 0.000888323
7521 0.000883497
7522 0.000878664
7523 0.000873824
7524 0.000868979
7525 0.000864131
7526 0.000859279
7527 0.000854427
7528 0.000849574
7529 0.000844722
7530 0.000839872
7531 0.000835026
7532 0.000830185
7533 0.00082535
7534 0.000820523
7535 0.000815704
7536 0.000810896
7537 0.0008061
7538 0.000801316
7539 0.000796547
7540 0.000791794
7541 0.000787059
7542 0.000782342
7543 0.000777646
7544 0.000772971
7545 0.00076832
7546 0.000763694
7547 0.000759095
7548 0.000754524
7549 0.000749982
7550 0.000745472
7551 0.000740994
7552 0.000736552
7553 0.000732145
7554 0.000727776
7555 0.000723447
7556 0.00071916
7557 0.000714915
7558 0.000710715
7559 0.000706561
7560 0.000702456
7561 0.0006984
7562 0.000694396
7563 0.000690445
7564 0.00068655
7565 0.000682711
7566 0.000678931
7567 0.000675211
7568 0.000671554
7569 0.00066796
7570 0.000664432
7571 0.000660971
7572 0.000657579
7573 0.000654258
7574 0.00065101
7575 0.000647835
7576 0.000644736
7577 0.000641715
7578 0.000638772
7579 0.00063591
7580 0.00063313
7581 0.000630433
7582 0.000627821
7583 0.000625296
7584 0.000622859
7585 0.00062051
7586 0.000618252
7587 0.000616086
7588 0.000614013
7589 0.000612033
7590 0.000610149
7591 0.00060836
7592 0.000606668
7593 0.000605075
7594 0.00060358
7595 0.000602184
7596 0.000600888
7597 0.000599693
7598 0.000598599
7599 0.000597607
7600 0.000596716
7601 0.000595928
7602 0.000595242
7603 0.000594658
7604 0.000594177
7605 0.000593799
7606 0.000593523
7607 0.000593348
7608 0.000593276
7609 0.000593305
7610 0.000593435
7611 0.000593665
7612 0.000593995
7613 0.000594424
7614 0.000594952
7615 0.000595577
7616 0.000596298
7617 0.000597114
7618 0.000598026
7619 0.00059903
7620 0.000600126
7621 0.000601314
7622 0.000602591
7623 0.000603956
7624 0.000605407
7625 0.000606945
7626 0.000608565
7627 0.000610269
7628 0.000612052
7629 0.000613915
7630 0.000615855
7631 0.000617871
7632 0.00061996
7633 0.000622122
7634 0.000624355
7635 0.000626655
7636 0.000629023
7637 0.000631456
7638 0.000633952
7639 0.000636509
7640 0.000639126
7641 0.0006418
7642 0.00064453
7643 0.000647315
7644 0.000650151
7645 0.000653037
7646 0.000655972
7647 0.000658954
7648 0.00066198
7649 0.000665049
7650 0.000668159
7651 0.000671309
7652 0.000674496
7653 0.000677719
7654 0.000680975
7655 0.000684265
7656 0.000687584
7657 0.000690933
7658 0.000694309
7659 0.00069771
7660 0.000701136
7661 0.000704583
7662 0.000708052
7663 0.000711539
7664 0.000715044
7665 0.000718565
7666 0.000722101
7667 0.000725649
7668 0.00072921
7669 0.00073278
7670 0.000736359
7671 0.000739946
7672 0.000743538
7673 0.000747135
7674 0.000750735
7675 0.000754338
7676 0.000757941
7677 0.000761543
7678 0.000765144
7679 0.000768742
7680 0.000772335
7681 0.000775923
7682 0.000779505
7683 0.000783079
7684 0.000786644
7685 0.0007902
7686 0.000793744
7687 0.000797277
7688 0.000800796
7689 0.000804302
7690 0.000807792
7691 0.000811267
7692 0.000814725
7693 0.000818165
7694 0.000821586
7695 0.000824988
7696 0.000828369
7697 0.000831729
7698 0.000835066
7699 0.000838381
7700 0.000841672
7701 0.000844938
7702 0.000848179
7703 0.000851394
7704 0.000854582
7705 0.000857742
7706 0.000860874
7707 0.000863977
7708 0.000867051
7709 0.000870094
7710 0.000873106
7711 0.000876087
7712 0.000879035
7713 0.000881951
7714 0.000884833
7715 0.000887681
7716 0.000890494
7717 0.000893273
7718 0.000896016
7719 0.000898722
7720 0.000901392
7721 0.000904025
7722 0.000906621
7723 0.000909178
7724 0.000911696
7725 0.000914176
7726 0.000916616
7727 0.000919016
7728 0.000921375
7729 0.000923694
7730 0.000925972
7731 0.000928209
7732 0.000930403
7733 0.000932555
7734 0.000934665
7735 0.000936732
7736 0.000938756
7737 0.000940736
7738 0.000942672
7739 0.000944564
7740 0.000946411
7741 0.000948214
7742 0.000949972
7743 0.000951684
7744 0.000953351
7745 0.000954972
7746 0.000956548
7747 0.000958077
7748 0.000959559
7749 0.000960995
7750 0.000962384
7751 0.000963727
7752 0.000965022
7753 0.000966269
7754 0.00096747
7755 0.000968622
7756 0.000969727
7757 0.000970784
7758 0.000971793
7759 0.000972754
7760 0.000973666
7761 0.00097453
7762 0.000975346
7763 0.000976113
7764 0.000976832
7765 0.000977502
7766 0.000978123
7767 0.000978696
7768 0.000979219
7769 0.000979694
7770 0.00098012
7771 0.000980497
7772 0.000980825
7773 0.000981105
7774 0.000981335
7775 0.000981517
7776 0.000981649
7777 0.000981733
7778 0.000981768
7779 0.000981755
7780 0.000981693
7781 0.000981582
7782 0.000981422
7783 0.000981214
7784 0.000980958
7785 0.000980654
7786 0.000980301
7787 0.0009799
7788 0.000979451
7789 0.000978954
7790 0.00097841
7791 0.000977818
7792 0.000977178
7793 0.000976491
7794 0.000975757
7795 0.000974976
7796 0.000974148
7797 0.000973273
7798 0.000972352
7799 0.000971385
7800 0.000970372
7801 0.000969313
7802 0.000968208
7803 0.000967057
7804 0.000965862
7805 0.000964621
7806 0.000963336
7807 0.000962007
7808 0.000960633
7809 0.000959215
7810 0.000957753
7811 0.000956249
7812 0.000954701
7813 0.00095311
7814 0.000951476
7815 0.000949801
7816 0.000948084
7817 0.000946325
7818 0.000944524
7819 0.000942683
7820 0.000940802
7821 0.00093888
7822 0.000936918
7823 0.000934917
7824 0.000932877
7825 0.000930798
7826 0.000928681
7827 0.000926525
7828 0.000924333
7829 0.000922103
7830 0.000919836
7831 0.000917534
7832 0.000915195
7833 0.000912821
7834 0.000910413
7835 0.000907969
7836 0.000905492
7837 0.000902981
7838 0.000900437
7839 0.000897861
7840 0.000895253
7841 0.000892613
7842 0.000889942
7843 0.00088724
7844 0.000884509
7845 0.000881748
7846 0.000878959
7847 0.000876141
7848 0.000873295
7849 0.000870422
7850 0.000867522
7851 0.000864597
7852 0.000861646
7853 0.00085867
7854 0.00085567
7855 0.000852647
7856 0.000849601
7857 0.000846532
7858 0.000843442
7859 0.000840331
7860 0.0008372
7861 0.000834048
7862 0.000830879
7863 0.00082769
7864 0.000824485
7865 0.000821262
7866 0.000818024
7867 0.00081477
7868 0.000811502
7869 0.00080822
7870 0.000804925
7871 0.000801617
7872 0.000798298
7873 0.000794968
7874 0.000791629
7875 0.00078828
7876 0.000784924
7877 0.000781559
7878 0.000778188
7879 0.000774812
7880 0.000771431
7881 0.000768045
7882 0.000764657
7883 0.000761266
7884 0.000757874
7885 0.000754482
7886 0.00075109
7887 0.0007477
7888 0.000744312
7889 0.000740928
7890 0.000737548
7891 0.000734173
7892 0.000730805
7893 0.000727444
7894 0.000724091
7895 0.000720748
7896 0.000717414
7897 0.000714093
7898 0.000710783
7899 0.000707487
7900 0.000704206
7901 0.00070094
7902 0.000697691
7903 0.00069446
7904 0.000691247
7905 0.000688054
7906 0.000684882
7907 0.000681733
7908 0.000678606
7909 0.000675504
7910 0.000672427
7911 0.000669377
7912 0.000666355
7913 0.000663361
7914 0.000660397
7915 0.000657465
7916 0.000654564
7917 0.000651697
7918 0.000648864
7919 0.000646067
7920 0.000643307
7921 0.000640584
7922 0.000637901
7923 0.000635257
7924 0.000632655
7925 0.000630095
7926 0.000627579
7927 0.000625107
7928 0.00062268
7929 0.0006203
7930 0.000617968
7931 0.000615685
7932 0.000613451
7933 0.000611269
7934 0.000609138
7935 0.000607059
7936 0.000605035
7937 0.000603065
7938 0.000601151
7939 0.000599293
7940 0.000597492
7941 0.00059575
7942 0.000594067
7943 0.000592443
7944 0.00059088
7945 0.000589379
7946 0.000587939
7947 0.000586562
7948 0.000585248
7949 0.000583998
7950 0.000582813
7951 0.000581692
7952 0.000580637
7953 0.000579647
7954 0.000578724
7955 0.000577868
7956 0.000577078
7957 0.000576356
7958 0.000575701
7959 0.000575114
7960 0.000574595
7961 0.000574144
7962 0.00057376
7963 0.000573445
7964 0.000573198
7965 0.000573018
7966 0.000572907
7967 0.000572863
7968 0.000572886
7969 0.000572977
7970 0.000573134
7971 0.000573358
7972 0.000573649
7973 0.000574005
7974 0.000574426
7975 0.000574913
7976 0.000575463
7977 0.000576078
7978 0.000576755
7979 0.000577495
7980 0.000578297
7981 0.000579159
7982 0.000580083
7983 0.000581065
7984 0.000582107
7985 0.000583206
7986 0.000584363
7987 0.000585575
7988 0.000586843
7989 0.000588165
7990 0.000589541
7991 0.000590968
7992 0.000592448
7993 0.000593977
7994 0.000595556
7995 0.000597183
7996 0.000598857
7997 0.000600577
7998 0.000602343
7999 0.000604152
8000 0.000606004
8001 0.000607897
8002 0.000609831
8003 0.000611805
8004 0.000613817
8005 0.000615865
8006 0.00061795
8007 0.00062007
8008 0.000622223
8009 0.000624408
8010 0.000626626
8011 0.000628873
8012 0.000631149
8013 0.000633453
8014 0.000635784
8015 0.000638141
8016 0.000640522
8017 0.000642926
8018 0.000645353
8019 0.000647801
8020 0.000650269
8021 0.000652756
8022 0.000655261
8023 0.000657783
8024 0.00066032
8025 0.000662872
8026 0.000665438
8027 0.000668016
8028 0.000670606
8029 0.000673207
8030 0.000675817
8031 0.000678435
8032 0.000681062
8033 0.000683694
8034 0.000686333
8035 0.000688976
8036 0.000691623
8037 0.000694273
8038 0.000696924
8039 0.000699577
8040 0.00070223
8041 0.000704882
8042 0.000707533
8043 0.000710181
8044 0.000712826
8045 0.000715467
8046 0.000718103
8047 0.000720733
8048 0.000723357
8049 0.000725973
8050 0.000728582
8051 0.000731182
8052 0.000733772
8053 0.000736352
8054 0.000738921
8055 0.000741478
8056 0.000744023
8057 0.000746555
8058 0.000749074
8059 0.000751578
8060 0.000754067
8061 0.00075654
8062 0.000758997
8063 0.000761437
8064 0.00076386
8065 0.000766265
8066 0.000768651
8067 0.000771018
8068 0.000773366
8069 0.000775693
8070 0.000777999
8071 0.000780284
8072 0.000782547
8073 0.000784788
8074 0.000787006
8075 0.0007892
8076 0.000791371
8077 0.000793518
8078 0.000795639
8079 0.000797736
8080 0.000799807
8081 0.000801852
8082 0.000803871
8083 0.000805863
8084 0.000807827
8085 0.000809764
8086 0.000811673
8087 0.000813554
8088 0.000815406
8089 0.000817229
8090 0.000819022
8091 0.000820786
8092 0.00082252
8093 0.000824223
8094 0.000825896
8095 0.000827537
8096 0.000829147
8097 0.000830726
8098 0.000832273
8099 0.000833788
8100 0.00083527
8101 0.00083672
8102 0.000838137
8103 0.000839521
8104 0.000840871
8105 0.000842188
8106 0.000843471
8107 0.000844721
8108 0.000845936
8109 0.000847116
8110 0.000848263
8111 0.000849374
8112 0.000850451
8113 0.000851492
8114 0.000852499
8115 0.00085347
8116 0.000854405
8117 0.000855305
8118 0.000856169
8119 0.000856998
8120 0.00085779
8121 0.000858546
8122 0.000859266
8123 0.00085995
8124 0.000860598
8125 0.000861209
8126 0.000861783
8127 0.000862321
8128 0.000862823
8129 0.000863288
8130 0.000863716
8131 0.000864107
8132 0.000864461
8133 0.000864779
8134 0.00086506
8135 0.000865304
8136 0.000865511
8137 0.000865682
8138 0.000865815
8139 0.000865912
8140 0.000865971
8141 0.000865995
8142 0.000865981
8143 0.00086593
8144 0.000865843
8145 0.00086572
8146 0.000865559
8147 0.000865363
8148 0.000865129
8149 0.00086486
8150 0.000864554
8151 0.000864212
8152 0.000863834
8153 0.00086342
8154 0.00086297
8155 0.000862484
8156 0.000861962
8157 0.000861405
8158 0.000860813
8159 0.000860185
8160 0.000859522
8161 0.000858824
8162 0.000858091
8163 0.000857323
8164 0.000856521
8165 0.000855685
8166 0.000854814
8167 0.00085391
8168 0.000852971
8169 0.000851999
8170 0.000850993
8171 0.000849955
8172 0.000848883
8173 0.000847778
8174 0.000846641
8175 0.000845471
8176 0.00084427
8177 0.000843036
8178 0.000841771
8179 0.000840474
8180 0.000839146
8181 0.000837787
8182 0.000836398
8183 0.000834979
8184 0.000833529
8185 0.000832049
8186 0.00083054
8187 0.000829002
8188 0.000827435
8189 0.00082584
8190 0.000824216
8191 0.000822564
8192 0.000820885
8193 0.000819178
8194 0.000817444
8195 0.000815684
8196 0.000813897
8197 0.000812085
8198 0.000810247
8199 0.000808384
8200 0.000806496
8201 0.000804583
8202 0.000802647
8203 0.000800687
8204 0.000798704
8205 0.000796698
8206 0.000794669
8207 0.000792618
8208 0.000790546
8209 0.000788453
8210 0.000786339
8211 0.000784204
8212 0.00078205
8213 0.000779876
8214 0.000777683
8215 0.000775472
8216 0.000773243
8217 0.000770996
8218 0.000768732
8219 0.000766452
8220 0.000764155
8221 0.000761843
8222 0.000759516
8223 0.000757174
8224 0.000754818
8225 0.000752449
8226 0.000750066
8227 0.000747671
8228 0.000745264
8229 0.000742846
8230 0.000740417
8231 0.000737978
8232 0.000735529
8233 0.00073307
8234 0.000730604
8235 0.000728129
8236 0.000725647
8237 0.000723158
8238 0.000720662
8239 0.000718161
8240 0.000715656
8241 0.000713145
8242 0.000710632
8243 0.000708114
8244 0.000705595
8245 0.000703073
8246 0.000700551
8247 0.000698028
8248 0.000695505
8249 0.000692982
8250 0.000690461
8251 0.000687943
8252 0.000685426
8253 0.000682914
8254 0.000680405
8255 0.000677902
8256 0.000675403
8257 0.000672911
8258 0.000670426
8259 0.000667949
8260 0.00066548
8261 0.00066302
8262 0.000660569
8263 0.000658129
8264 0.0006557
8265 0.000653283
8266 0.000650879
8267 0.000648488
8268 0.000646111
8269 0.000643749
8270 0.000641403
8271 0.000639072
8272 0.000636759
8273 0.000634464
8274 0.000632186
8275 0.000629929
8276 0.000627691
8277 0.000625473
8278 0.000623277
8279 0.000621104
8280 0.000618953
8281 0.000616825
8282 0.000614722
8283 0.000612644
8284 0.000610592
8285 0.000608566
8286 0.000606567
8287 0.000604596
8288 0.000602653
8289 0.00060074
8290 0.000598856
8291 0.000597003
8292 0.000595181
8293 0.000593391
8294 0.000591634
8295 0.000589909
8296 0.000588219
8297 0.000586562
8298 0.000584941
8299 0.000583355
8300 0.000581805
8301 0.000580292
8302 0.000578817
8303 0.000577378
8304 0.000575979
8305 0.000574618
8306 0.000573296
8307 0.000572014
8308 0.000570772
8309 0.000569571
8310 0.00056841
8311 0.000567291
8312 0.000566214
8313 0.000565179
8314 0.000564187
8315 0.000563237
8316 0.000562331
8317 0.000561468
8318 0.000560648
8319 0.000559873
8320 0.000559141
8321 0.000558454
8322 0.000557811
8323 0.000557213
8324 0.000556659
8325 0.00055615
8326 0.000555686
8327 0.000555267
8328 0.000554892
8329 0.000554563
8330 0.000554278
8331 0.000554038
8332 0.000553843
8333 0.000553693
8334 0.000553587
8335 0.000553525
8336 0.000553507
8337 0.000553534
8338 0.000553604
8339 0.000553718
8340 0.000553875
8341 0.000554075
8342 0.000554317
8343 0.000554602
8344 0.000554929
8345 0.000555297
8346 0.000555707
8347 0.000556157
8348 0.000556648
8349 0.000557179
8350 0.000557749
8351 0.000558358
8352 0.000559006
8353 0.000559692
8354 0.000560415
8355 0.000561175
8356 0.000561971
8357 0.000562803
8358 0.00056367
8359 0.000564571
8360 0.000565507
8361 0.000566476
8362 0.000567477
8363 0.000568511
8364 0.000569576
8365 0.000570671
8366 0.000571797
8367 0.000572952
8368 0.000574135
8369 0.000575347
8370 0.000576585
8371 0.000577851
8372 0.000579142
8373 0.000580458
8374 0.000581799
8375 0.000583163
8376 0.000584551
8377 0.00058596
8378 0.000587391
8379 0.000588843
8380 0.000590315
8381 0.000591806
8382 0.000593316
8383 0.000594843
8384 0.000596388
8385 0.000597949
8386 0.000599526
8387 0.000601118
8388 0.000602723
8389 0.000604343
8390 0.000605975
8391 0.000607619
8392 0.000609275
8393 0.000610941
8394 0.000612617
8395 0.000614303
8396 0.000615997
8397 0.000617699
8398 0.000619408
8399 0.000621124
8400 0.000622845
8401 0.000624572
8402 0.000626303
8403 0.000628038
8404 0.000629777
8405 0.000631518
8406 0.000633261
8407 0.000635005
8408 0.00063675
8409 0.000638495
8410 0.00064024
8411 0.000641983
8412 0.000643725
8413 0.000645464
8414 0.000647201
8415 0.000648934
8416 0.000650664
8417 0.000652388
8418 0.000654108
8419 0.000655822
8420 0.00065753
8421 0.000659231
8422 0.000660925
8423 0.000662611
8424 0.000664289
8425 0.000665959
8426 0.000667619
8427 0.000669269
8428 0.000670909
8429 0.000672539
8430 0.000674158
8431 0.000675765
8432 0.00067736
8433 0.000678942
8434 0.000680512
8435 0.000682069
8436 0.000683612
8437 0.00068514
8438 0.000686655
8439 0.000688154
8440 0.000689638
8441 0.000691107
8442 0.00069256
8443 0.000693996
8444 0.000695415
8445 0.000696818
8446 0.000698203
8447 0.00069957
8448 0.00070092
8449 0.000702251
8450 0.000703563
8451 0.000704856
8452 0.00070613
8453 0.000707384
8454 0.000708619
8455 0.000709833
8456 0.000711027
8457 0.000712201
8458 0.000713353
8459 0.000714484
8460 0.000715594
8461 0.000716682
8462 0.000717748
8463 0.000718792
8464 0.000719814
8465 0.000720813
8466 0.000721789
8467 0.000722743
8468 0.000723673
8469 0.00072458
8470 0.000725463
8471 0.000726323
8472 0.000727159
8473 0.000727971
8474 0.000728758
8475 0.000729521
8476 0.00073026
8477 0.000730974
8478 0.000731664
8479 0.000732328
8480 0.000732968
8481 0.000733583
8482 0.000734172
8483 0.000734736
8484 0.000735274
8485 0.000735787
8486 0.000736275
8487 0.000736736
8488 0.000737172
8489 0.000737583
8490 0.000737967
8491 0.000738325
8492 0.000738658
8493 0.000738964
8494 0.000739244
8495 0.000739499
8496 0.000739727
8497 0.000739929
8498 0.000740104
8499 0.000740254
8500 0.000740377
8501 0.000740474
8502 0.000740545
8503 0.00074059
8504 0.000740608
8505 0.000740601
8506 0.000740567
8507 0.000740507
8508 0.000740421
8509 0.000740309
8510 0.000740171
8511 0.000740007
8512 0.000739817
8513 0.000739601
8514 0.00073936
8515 0.000739093
8516 0.0007388
8517 0.000738482
8518 0.000738138
8519 0.000737769
8520 0.000737374
8521 0.000736955
8522 0.00073651
8523 0.000736041
8524 0.000735546
8525 0.000735027
8526 0.000734483
8527 0.000733915
8528 0.000733323
8529 0.000732706
8530 0.000732065
8531 0.0007314
8532 0.000730712
8533 0.00073
8534 0.000729265
8535 0.000728506
8536 0.000727724
8537 0.000726919
8538 0.000726092
8539 0.000725242
8540 0.00072437
8541 0.000723476
8542 0.000722559
8543 0.000721621
8544 0.000720662
8545 0.000719681
8546 0.000718679
8547 0.000717656
8548 0.000716613
8549 0.000715549
8550 0.000714465
8551 0.000713361
8552 0.000712238
8553 0.000711095
8554 0.000709933
8555 0.000708752
8556 0.000707553
8557 0.000706335
8558 0.000705099
8559 0.000703846
8560 0.000702575
8561 0.000701286
8562 0.000699981
8563 0.000698659
8564 0.000697321
8565 0.000695967
8566 0.000694597
8567 0.000693212
8568 0.000691812
8569 0.000690397
8570 0.000688968
8571 0.000687525
8572 0.000686068
8573 0.000684598
8574 0.000683115
8575 0.000681619
8576 0.000680111
8577 0.000678591
8578 0.000677059
8579 0.000675516
8580 0.000673963
8581 0.000672398
8582 0.000670824
8583 0.000669241
8584 0.000667648
8585 0.000666046
8586 0.000664435
8587 0.000662817
8588 0.000661191
8589 0.000659557
8590 0.000657917
8591 0.00065627
8592 0.000654618
8593 0.00065296
8594 0.000651296
8595 0.000649628
8596 0.000647956
8597 0.00064628
8598 0.0006446
8599 0.000642918
8600 0.000641233
8601 0.000639546
8602 0.000637857
8603 0.000636168
8604 0.000634477
8605 0.000632787
8606 0.000631096
8607 0.000629407
8608 0.000627719
8609 0.000626032
8610 0.000624347
8611 0.000622666
8612 0.000620987
8613 0.000619312
8614 0.000617641
8615 0.000615974
8616 0.000614313
8617 0.000612657
8618 0.000611008
8619 0.000609364
8620 0.000607728
8621 0.0006061
8622 0.000604479
8623 0.000602867
8624 0.000601264
8625 0.00059967
8626 0.000598086
8627 0.000596513
8628 0.000594951
8629 0.0005934
8630 0.000591862
8631 0.000590335
8632 0.000588822
8633 0.000587322
8634 0.000585836
8635 0.000584364
8636 0.000582907
8637 0.000581466
8638 0.00058004
8639 0.000578631
8640 0.000577238
8641 0.000575863
8642 0.000574505
8643 0.000573165
8644 0.000571844
8645 0.000570542
8646 0.00056926
8647 0.000567997
8648 0.000566754
8649 0.000565533
8650 0.000564332
8651 0.000563153
8652 0.000561996
8653 0.000560862
8654 0.00055975
8655 0.000558661
8656 0.000557596
8657 0.000556555
8658 0.000555538
8659 0.000554546
8660 0.000553578
8661 0.000552636
8662 0.000551719
8663 0.000550828
8664 0.000549963
8665 0.000549125
8666 0.000548314
8667 0.000547529
8668 0.000546772
8669 0.000546042
8670 0.00054534
8671 0.000544666
8672 0.00054402
8673 0.000543403
8674 0.000542814
8675 0.000542254
8676 0.000541722
8677 0.00054122
8678 0.000540747
8679 0.000540303
8680 0.000539888
8681 0.000539503
8682 0.000539148
8683 0.000538822
8684 0.000538525
8685 0.000538259
8686 0.000538022
8687 0.000537815
8688 0.000537637
8689 0.000537489
8690 0.000537371
8691 0.000537283
8692 0.000537224
8693 0.000537194
8694 0.000537194
8695 0.000537224
8696 0.000537282
8697 0.00053737
8698 0.000537486
8699 0.000537632
8700 0.000537806
8701 0.000538008
8702 0.000538239
8703 0.000538497
8704 0.000538784
8705 0.000539098
8706 0.000539439
8707 0.000539808
8708 0.000540203
8709 0.000540625
8710 0.000541074
8711 0.000541548
8712 0.000542048
8713 0.000542574
8714 0.000543124
8715 0.000543699
8716 0.000544299
8717 0.000544923
8718 0.00054557
8719 0.000546241
8720 0.000546935
8721 0.000547651
8722 0.00054839
8723 0.00054915
8724 0.000549932
8725 0.000550734
8726 0.000551558
8727 0.000552401
8728 0.000553264
8729 0.000554147
8730 0.000555048
8731 0.000555968
8732 0.000556906
8733 0.000557861
8734 0.000558834
8735 0.000559823
8736 0.000560828
8737 0.000561849
8738 0.000562886
8739 0.000563937
8740 0.000565002
8741 0.000566082
8742 0.000567174
8743 0.00056828
8744 0.000569398
8745 0.000570529
8746 0.00057167
8747 0.000572823
8748 0.000573986
8749 0.00057516
8750 0.000576343
8751 0.000577535
8752 0.000578736
8753 0.000579945
8754 0.000581162
8755 0.000582387
8756 0.000583618
8757 0.000584855
8758 0.000586099
8759 0.000587348
8760 0.000588602
8761 0.00058986
8762 0.000591123
8763 0.000592389
8764 0.000593659
8765 0.000594931
8766 0.000596206
8767 0.000597482
8768 0.00059876
8769 0.000600039
8770 0.000601319
8771 0.000602598
8772 0.000603878
8773 0.000605157
8774 0.000606435
8775 0.000607711
8776 0.000608986
8777 0.000610258
8778 0.000611528
8779 0.000612795
8780 0.000614058
8781 0.000615317
8782 0.000616572
8783 0.000617823
8784 0.000619069
8785 0.000620309
8786 0.000621544
8787 0.000622773
8788 0.000623995
8789 0.000625211
8790 0.000626419
8791 0.00062762
8792 0.000628814
8793 0.000629999
8794 0.000631176
8795 0.000632345
8796 0.000633504
8797 0.000634654
8798 0.000635795
8799 0.000636925
8800 0.000638045
8801 0.000639155
8802 0.000640254
8803 0.000641342
8804 0.000642419
8805 0.000643484
8806 0.000644537
8807 0.000645578
8808 0.000646607
8809 0.000647623
8810 0.000648626
8811 0.000649616
8812 0.000650592
8813 0.000651555
8814 0.000652504
8815 0.000653439
8816 0.00065436
8817 0.000655267
8818 0.000656158
8819 0.000657035
8820 0.000657897
8821 0.000658743
8822 0.000659574
8823 0.000660389
8824 0.000661189
8825 0.000661972
8826 0.000662739
8827 0.00066349
8828 0.000664225
8829 0.000664942
8830 0.000665643
8831 0.000666327
8832 0.000666994
8833 0.000667643
8834 0.000668276
8835 0.00066889
8836 0.000669487
8837 0.000670066
8838 0.000670628
8839 0.000671171
8840 0.000671697
8841 0.000672204
8842 0.000672693
8843 0.000673163
8844 0.000673615
8845 0.000674048
8846 0.000674463
8847 0.000674859
8848 0.000675237
8849 0.000675595
8850 0.000675935
8851 0.000676255
8852 0.000676557
8853 0.000676839
8854 0.000677102
8855 0.000677346
8856 0.000677571
8857 0.000677777
8858 0.000677963
8859 0.000678131
8860 0.000678278
8861 0.000678407
8862 0.000678516
8863 0.000678606
8864 0.000678676
8865 0.000678727
8866 0.000678759
8867 0.000678771
8868 0.000678764
8869 0.000678738
8870 0.000678692
8871 0.000678627
8872 0.000678543
8873 0.00067844
8874 0.000678317
8875 0.000678175
8876 0.000678015
8877 0.000677835
8878 0.000677636
8879 0.000677418
8880 0.000677181
8881 0.000676926
8882 0.000676652
8883 0.000676359
8884 0.000676047
8885 0.000675717
8886 0.000675368
8887 0.000675001
8888 0.000674616
8889 0.000674213
8890 0.000673791
8891 0.000673352
8892 0.000672894
8893 0.000672419
8894 0.000671926
8895 0.000671416
8896 0.000670888
8897 0.000670343
8898 0.000669781
8899 0.000669201
8900 0.000668605
8901 0.000667992
8902 0.000667362
8903 0.000666716
8904 0.000666054
8905 0.000665375
8906 0.00066468
8907 0.000663969
8908 0.000663243
8909 0.000662501
8910 0.000661744
8911 0.000660971
8912 0.000660183
8913 0.000659381
8914 0.000658564
8915 0.000657732
8916 0.000656886
8917 0.000656026
8918 0.000655152
8919 0.000654264
8920 0.000653363
8921 0.000652449
8922 0.000651521
8923 0.00065058
8924 0.000649627
8925 0.000648661
8926 0.000647683
8927 0.000646693
8928 0.000645692
8929 0.000644678
8930 0.000643654
8931 0.000642618
8932 0.000641571
8933 0.000640514
8934 0.000639446
8935 0.000638369
8936 0.000637281
8937 0.000636184
8938 0.000635077
8939 0.000633962
8940 0.000632837
8941 0.000631704
8942 0.000630563
8943 0.000629414
8944 0.000628257
8945 0.000627092
8946 0.00062592
8947 0.000624742
8948 0.000623556
8949 0.000622365
8950 0.000621167
8951 0.000619963
8952 0.000618754
8953 0.00061754
8954 0.000616321
8955 0.000615097
8956 0.000613869
8957 0.000612637
8958 0.000611401
8959 0.000610162
8960 0.00060892
8961 0.000607675
8962 0.000606428
8963 0.000605178
8964 0.000603927
8965 0.000602674
8966 0.00060142
8967 0.000600165
8968 0.00059891
8969 0.000597654
8970 0.000596399
8971 0.000595143
8972 0.000593889
8973 0.000592636
8974 0.000591384
8975 0.000590134
8976 0.000588885
8977 0.00058764
8978 0.000586397
8979 0.000585156
8980 0.00058392
8981 0.000582687
8982 0.000581458
8983 0.000580233
8984 0.000579013
8985 0.000577798
8986 0.000576589
8987 0.000575385
8988 0.000574187
8989 0.000572996
8990 0.000571811
8991 0.000570633
8992 0.000569462
8993 0.000568299
8994 0.000567144
8995 0.000565997
8996 0.000564859
8997 0.00056373
8998 0.000562609
8999 0.000561499
9000 0.000560398
9001 0.000559307
9002 0.000558227
9003 0.000557158
9004 0.000556099
9005 0.000555052
9006 0.000554017
9007 0.000552993
9008 0.000551982
9009 0.000550983
9010 0.000549997
9011 0.000549024
9012 0.000548065
9013 0.000547119
9014 0.000546186
9015 0.000545268
9016 0.000544365
9017 0.000543476
9018 0.000542601
9019 0.000541742
9020 0.000540899
9021 0.00054007
9022 0.000539258
9023 0.000538462
9024 0.000537682
9025 0.000536918
9026 0.000536171
9027 0.000535441
9028 0.000534727
9029 0.000534032
9030 0.000533353
9031 0.000532692
9032 0.000532049
9033 0.000531423
9034 0.000530816
9035 0.000530227
9036 0.000529656
9037 0.000529103
9038 0.00052857
9039 0.000528054
9040 0.000527558
9041 0.000527081
9042 0.000526622
9043 0.000526182
9044 0.000525762
9045 0.000525361
9046 0.000524979
9047 0.000524617
9048 0.000524273
9049 0.00052395
9050 0.000523645
9051 0.00052336
9052 0.000523095
9053 0.000522849
9054 0.000522623
9055 0.000522416
9056 0.000522228
9057 0.00052206
9058 0.000521911
9059 0.000521782
9060 0.000521672
9061 0.000521581
9062 0.000521509
9063 0.000521457
9064 0.000521423
9065 0.000521408
9066 0.000521413
9067 0.000521436
9068 0.000521477
9069 0.000521537
9070 0.000521616
9071 0.000521712
9072 0.000521827
9073 0.00052196
9074 0.000522111
9075 0.000522279
9076 0.000522465
9077 0.000522668
9078 0.000522888
9079 0.000523126
9080 0.00052338
9081 0.00052365
9082 0.000523937
9083 0.00052424
9084 0.00052456
9085 0.000524894
9086 0.000525245
9087 0.000525611
9088 0.000525991
9089 0.000526387
9090 0.000526797
9091 0.000527222
9092 0.00052766
9093 0.000528113
9094 0.000528579
9095 0.000529058
9096 0.000529551
9097 0.000530056
9098 0.000530574
9099 0.000531104
9100 0.000531646
9101 0.000532199
9102 0.000532764
9103 0.000533341
9104 0.000533928
9105 0.000534525
9106 0.000535133
9107 0.000535751
9108 0.000536378
9109 0.000537015
9110 0.000537661
9111 0.000538316
9112 0.000538979
9113 0.00053965
9114 0.000540329
9115 0.000541016
9116 0.00054171
9117 0.000542411
9118 0.000543119
9119 0.000543833
9120 0.000544553
9121 0.000545279
9122 0.00054601
9123 0.000546746
9124 0.000547488
9125 0.000548233
9126 0.000548983
9127 0.000549737
9128 0.000550495
9129 0.000551256
9130 0.00055202
9131 0.000552787
9132 0.000553556
9133 0.000554327
9134 0.000555101
9135 0.000555875
9136 0.000556652
9137 0.000557429
9138 0.000558207
9139 0.000558985
9140 0.000559763
9141 0.000560542
9142 0.000561319
9143 0.000562097
9144 0.000562873
9145 0.000563648
9146 0.000564422
9147 0.000565193
9148 0.000565963
9149 0.000566731
9150 0.000567496
9151 0.000568258
9152 0.000569017
9153 0.000569773
9154 0.000570525
9155 0.000571274
9156 0.000572018
9157 0.000572759
9158 0.000573494
9159 0.000574225
9160 0.000574951
9161 0.000575672
9162 0.000576388
9163 0.000577097
9164 0.000577801
9165 0.000578499
9166 0.000579191
9167 0.000579876
9168 0.000580554
9169 0.000581225
9170 0.00058189
9171 0.000582547
9172 0.000583196
9173 0.000583838
9174 0.000584472
9175 0.000585098
9176 0.000585716
9177 0.000586326
9178 0.000586926
9179 0.000587518
9180 0.000588102
9181 0.000588676
9182 0.00058924
9183 0.000589796
9184 0.000590342
9185 0.000590878
9186 0.000591404
9187 0.000591921
9188 0.000592427
9189 0.000592923
9190 0.000593409
9191 0.000593884
9192 0.000594349
9193 0.000594803
9194 0.000595246
9195 0.000595678
9196 0.000596098
9197 0.000596508
9198 0.000596906
9199 0.000597293
9200 0.000597669
9201 0.000598033
9202 0.000598385
9203 0.000598725
9204 0.000599054
9205 0.00059937
9206 0.000599675
9207 0.000599967
9208 0.000600248
9209 0.000600516
9210 0.000600771
9211 0.000601015
9212 0.000601246
9213 0.000601464
9214 0.00060167
9215 0.000601864
9216 0.000602045
9217 0.000602213
9218 0.000602369
9219 0.000602511
9220 0.000602641
9221 0.000602759
9222 0.000602863
9223 0.000602955
9224 0.000603034
9225 0.0006031
9226 0.000603153
9227 0.000603193
9228 0.000603221
9229 0.000603235
9230 0.000603237
9231 0.000603226
9232 0.000603202
9233 0.000603165
9234 0.000603115
9235 0.000603053
9236 0.000602977
9237 0.000602889
9238 0.000602789
9239 0.000602675
9240 0.000602549
9241 0.00060241
9242 0.000602259
9243 0.000602095
9244 0.000601918
9245 0.00060173
9246 0.000601528
9247 0.000601315
9248 0.000601089
9249 0.00060085
9250 0.0006006
9251 0.000600338
9252 0.000600063
9253 0.000599777
9254 0.000599478
9255 0.000599168
9256 0.000598847
9257 0.000598513
9258 0.000598168
9259 0.000597812
9260 0.000597444
9261 0.000597065
9262 0.000596674
9263 0.000596273
9264 0.00059586
9265 0.000595437
9266 0.000595003
9267 0.000594559
9268 0.000594103
9269 0.000593638
9270 0.000593162
9271 0.000592676
9272 0.00059218
9273 0.000591674
9274 0.000591158
9275 0.000590633
9276 0.000590098
9277 0.000589554
9278 0.000589
9279 0.000588437
9280 0.000587866
9281 0.000587285
9282 0.000586696
9283 0.000586099
9284 0.000585493
9285 0.000584879
9286 0.000584256
9287 0.000583626
9288 0.000582989
9289 0.000582343
9290 0.000581691
9291 0.000581031
9292 0.000580364
9293 0.00057969
9294 0.00057901
9295 0.000578323
9296 0.00057763
9297 0.00057693
9298 0.000576225
9299 0.000575514
9300 0.000574797
9301 0.000574075
9302 0.000573347
9303 0.000572615
9304 0.000571878
9305 0.000571136
9306 0.00057039
9307 0.00056964
9308 0.000568885
9309 0.000568127
9310 0.000567365
9311 0.0005666
9312 0.000565831
9313 0.00056506
9314 0.000564285
9315 0.000563508
9316 0.000562729
9317 0.000561948
9318 0.000561164
9319 0.000560379
9320 0.000559593
9321 0.000558805
9322 0.000558016
9323 0.000557226
9324 0.000556436
9325 0.000555645
9326 0.000554854
9327 0.000554062
9328 0.000553272
9329 0.000552481
9330 0.000551692
9331 0.000550903
9332 0.000550115
9333 0.000549329
9334 0.000548544
9335 0.000547761
9336 0.00054698
9337 0.000546202
9338 0.000545425
9339 0.000544652
9340 0.000543881
9341 0.000543114
9342 0.000542349
9343 0.000541589
9344 0.000540832
9345 0.000540079
9346 0.000539331
9347 0.000538586
9348 0.000537847
9349 0.000537112
9350 0.000536383
9351 0.000535658
9352 0.00053494
9353 0.000534227
9354 0.000533519
9355 0.000532818
9356 0.000532124
9357 0.000531436
9358 0.000530754
9359 0.00053008
9360 0.000529413
9361 0.000528753
9362 0.0005281
9363 0.000527456
9364 0.000526819
9365 0.00052619
9366 0.00052557
9367 0.000524958
9368 0.000524355
9369 0.00052376
9370 0.000523175
9371 0.000522598
9372 0.000522032
9373 0.000521474
9374 0.000520926
9375 0.000520388
9376 0.00051986
9377 0.000519342
9378 0.000518835
9379 0.000518338
9380 0.000517851
9381 0.000517375
9382 0.00051691
9383 0.000516456
9384 0.000516013
9385 0.000515581
9386 0.000515161
9387 0.000514752
9388 0.000514354
9389 0.000513969
9390 0.000513595
9391 0.000513233
9392 0.000512882
9393 0.000512544
9394 0.000512218
9395 0.000511904
9396 0.000511603
9397 0.000511314
9398 0.000511037
9399 0.000510773
9400 0.000510521
9401 0.000510282
9402 0.000510056
9403 0.000509842
9404 0.000509641
9405 0.000509453
9406 0.000509277
9407 0.000509115
9408 0.000508965
9409 0.000508828
9410 0.000508704
9411 0.000508593
9412 0.000508494
9413 0.000508409
9414 0.000508336
9415 0.000508276
9416 0.000508229
9417 0.000508195
9418 0.000508173
9419 0.000508165
9420 0.000508169
9421 0.000508185
9422 0.000508214
9423 0.000508256
9424 0.00050831
9425 0.000508377
9426 0.000508456
9427 0.000508547
9428 0.000508651
9429 0.000508766
9430 0.000508894
9431 0.000509034
9432 0.000509185
9433 0.000509349
9434 0.000509524
9435 0.00050971
9436 0.000509909
9437 0.000510118
9438 0.000510339
9439 0.000510571
9440 0.000510813
9441 0.000511067
9442 0.000511332
9443 0.000511607
9444 0.000511892
9445 0.000512188
9446 0.000512494
9447 0.00051281
9448 0.000513136
9449 0.000513472
9450 0.000513817
9451 0.000514172
9452 0.000514536
9453 0.00051491
9454 0.000515292
9455 0.000515683
9456 0.000516082
9457 0.00051649
9458 0.000516906
9459 0.000517331
9460 0.000517763
9461 0.000518203
9462 0.000518651
9463 0.000519105
9464 0.000519567
9465 0.000520037
9466 0.000520512
9467 0.000520995
9468 0.000521484
9469 0.000521979
9470 0.00052248
9471 0.000522987
9472 0.0005235
9473 0.000524018
9474 0.000524541
9475 0.000525069
9476 0.000525603
9477 0.00052614
9478 0.000526683
9479 0.000527229
9480 0.00052778
9481 0.000528334
9482 0.000528893
9483 0.000529454
9484 0.000530019
9485 0.000530587
9486 0.000531158
9487 0.000531731
9488 0.000532307
9489 0.000532885
9490 0.000533465
9491 0.000534047
9492 0.00053463
9493 0.000535215
9494 0.000535802
9495 0.000536389
9496 0.000536977
9497 0.000537566
9498 0.000538156
9499 0.000538745
9500 0.000539335
9501 0.000539924
9502 0.000540514
9503 0.000541103
9504 0.000541691
9505 0.000542278
9506 0.000542864
9507 0.000543449
9508 0.000544033
9509 0.000544615
9510 0.000545195
9511 0.000545773
9512 0.000546349
9513 0.000546923
9514 0.000547494
9515 0.000548063
9516 0.000548629
9517 0.000549192
9518 0.000549751
9519 0.000550308
9520 0.000550861
9521 0.00055141
9522 0.000551955
9523 0.000552496
9524 0.000553034
9525 0.000553567
9526 0.000554095
9527 0.000554619
9528 0.000555138
9529 0.000555653
9530 0.000556162
9531 0.000556666
9532 0.000557165
9533 0.000557658
9534 0.000558146
9535 0.000558628
9536 0.000559104
9537 0.000559575
9538 0.000560039
9539 0.000560496
9540 0.000560948
9541 0.000561393
9542 0.000561831
9543 0.000562263
9544 0.000562688
9545 0.000563106
9546 0.000563517
9547 0.000563921
9548 0.000564317
9549 0.000564706
9550 0.000565088
9551 0.000565462
9552 0.000565828
9553 0.000566187
9554 0.000566538
9555 0.000566881
9556 0.000567216
9557 0.000567542
9558 0.000567861
9559 0.000568171
9560 0.000568473
9561 0.000568767
9562 0.000569052
9563 0.000569328
9564 0.000569596
9565 0.000569855
9566 0.000570106
9567 0.000570347
9568 0.00057058
9569 0.000570804
9570 0.000571019
9571 0.000571225
9572 0.000571421
9573 0.000571609
9574 0.000571787
9575 0.000571956
9576 0.000572116
9577 0.000572267
9578 0.000572408
9579 0.00057254
9580 0.000572663
9581 0.000572776
9582 0.00057288
9583 0.000572974
9584 0.000573059
9585 0.000573135
9586 0.0005732
9587 0.000573257
9588 0.000573303
9589 0.000573341
9590 0.000573368
9591 0.000573387
9592 0.000573395
9593 0.000573394
9594 0.000573384
9595 0.000573364
9596 0.000573334
9597 0.000573295
9598 0.000573246
9599 0.000573188
9600 0.000573121
9601 0.000573044
9602 0.000572957
9603 0.000572861
9604 0.000572756
9605 0.000572641
9606 0.000572517
9607 0.000572384
9608 0.000572241
9609 0.00057209
9610 0.000571929
9611 0.000571758
9612 0.000571579
9613 0.000571391
9614 0.000571194
9615 0.000570987
9616 0.000570772
9617 0.000570548
9618 0.000570315
9619 0.000570073
9620 0.000569823
9621 0.000569564
9622 0.000569297
9623 0.000569021
9624 0.000568736
9625 0.000568443
9626 0.000568142
9627 0.000567833
9628 0.000567516
9629 0.00056719
9630 0.000566857
9631 0.000566515
9632 0.000566166
9633 0.000565809
9634 0.000565445
9635 0.000565072
9636 0.000564693
9637 0.000564306
9638 0.000563911
9639 0.00056351
9640 0.000563101
9641 0.000562686
9642 0.000562263
9643 0.000561834
9644 0.000561398
9645 0.000560955
9646 0.000560506
9647 0.000560051
9648 0.000559589
9649 0.000559122
9650 0.000558648
9651 0.000558168
9652 0.000557682
9653 0.000557191
9654 0.000556694
9655 0.000556192
9656 0.000555684
9657 0.000555172
9658 0.000554654
9659 0.000554131
9660 0.000553603
9661 0.000553071
9662 0.000552534
9663 0.000551993
9664 0.000551447
9665 0.000550897
9666 0.000550343
9667 0.000549785
9668 0.000549224
9669 0.000548659
9670 0.00054809
9671 0.000547518
9672 0.000546942
9673 0.000546364
9674 0.000545783
9675 0.000545199
9676 0.000544612
9677 0.000544023
9678 0.000543431
9679 0.000542837
9680 0.000542241
9681 0.000541643
9682 0.000541044
9683 0.000540443
9684 0.00053984
9685 0.000539236
9686 0.00053863
9687 0.000538024
9688 0.000537417
9689 0.000536809
9690 0.0005362
9691 0.000535591
9692 0.000534982
9693 0.000534373
9694 0.000533763
9695 0.000533154
9696 0.000532545
9697 0.000531937
9698 0.000531329
9699 0.000530722
9700 0.000530116
9701 0.000529511
9702 0.000528907
9703 0.000528304
9704 0.000527703
9705 0.000527104
9706 0.000526506
9707 0.000525911
9708 0.000525317
9709 0.000524726
9710 0.000524137
9711 0.000523551
9712 0.000522968
9713 0.000522387
9714 0.000521809
9715 0.000521234
9716 0.000520663
9717 0.000520095
9718 0.000519531
9719 0.00051897
9720 0.000518413
9721 0.00051786
9722 0.000517311
9723 0.000516766
9724 0.000516226
9725 0.00051569
9726 0.000515159
9727 0.000514632
9728 0.000514111
9729 0.000513594
9730 0.000513082
9731 0.000512576
9732 0.000512075
9733 0.00051158
9734 0.00051109
9735 0.000510605
9736 0.000510127
9737 0.000509655
9738 0.000509188
9739 0.000508728
9740 0.000508274
9741 0.000507826
9742 0.000507385
9743 0.00050695
9744 0.000506522
9745 0.000506101
9746 0.000505687
9747 0.000505279
9748 0.000504879
9749 0.000504485
9750 0.000504099
9751 0.00050372
9752 0.000503348
9753 0.000502984
9754 0.000502627
9755 0.000502278
9756 0.000501937
9757 0.000501603
9758 0.000501277
9759 0.000500958
9760 0.000500648
9761 0.000500345
9762 0.00050005
9763 0.000499764
9764 0.000499485
9765 0.000499215
9766 0.000498953
9767 0.000498698
9768 0.000498453
9769 0.000498215
9770 0.000497985
9771 0.000497764
9772 0.000497551
9773 0.000497347
9774 0.000497151
9775 0.000496963
9776 0.000496784
9777 0.000496613
9778 0.00049645
9779 0.000496296
9780 0.00049615
9781 0.000496013
9782 0.000495884
9783 0.000495763
9784 0.000495651
9785 0.000495547
9786 0.000495451
9787 0.000495364
9788 0.000495284
9789 0.000495214
9790 0.000495151
9791 0.000495097
9792 0.00049505
9793 0.000495012
9794 0.000494982
9795 0.00049496
9796 0.000494946
9797 0.00049494
9798 0.000494941
9799 0.000494951
9800 0.000494968
9801 0.000494993
9802 0.000495026
9803 0.000495067
9804 0.000495114
9805 0.00049517
9806 0.000495232
9807 0.000495302
9808 0.00049538
9809 0.000495464
9810 0.000495555
9811 0.000495654
9812 0.000495759
9813 0.000495872
9814 0.00049599
9815 0.000496116
9816 0.000496248
9817 0.000496387
9818 0.000496532
9819 0.000496683
9820 0.000496841
9821 0.000497004
9822 0.000497174
9823 0.000497349
9824 0.00049753
9825 0.000497717
9826 0.000497909
9827 0.000498107
9828 0.00049831
9829 0.000498518
9830 0.000498732
9831 0.00049895
9832 0.000499173
9833 0.000499401
9834 0.000499634
9835 0.000499871
9836 0.000500113
9837 0.000500359
9838 0.000500609
9839 0.000500863
9840 0.000501121
9841 0.000501382
9842 0.000501648
9843 0.000501917
9844 0.000502189
9845 0.000502465
9846 0.000502743
9847 0.000503025
9848 0.00050331
9849 0.000503597
9850 0.000503887
9851 0.00050418
9852 0.000504475
9853 0.000504772
9854 0.000505072
9855 0.000505373
9856 0.000505676
9857 0.000505982
9858 0.000506288
9859 0.000506596
9860 0.000506906
9861 0.000507217
9862 0.000507529
9863 0.000507842
9864 0.000508155
9865 0.00050847
9866 0.000508785
9867 0.000509101
9868 0.000509417
9869 0.000509733
9870 0.000510049
9871 0.000510365
9872 0.000510681
9873 0.000510997
9874 0.000511313
9875 0.000511628
9876 0.000511942
9877 0.000512256
9878 0.000512569
9879 0.000512881
9880 0.000513192
9881 0.000513501
9882 0.000513809
9883 0.000514116
9884 0.000514422
9885 0.000514725
9886 0.000515027
9887 0.000515327
9888 0.000515625
9889 0.000515921
9890 0.000516215
9891 0.000516507
9892 0.000516796
9893 0.000517082
9894 0.000517366
9895 0.000517648
9896 0.000517926
9897 0.000518202
9898 0.000518475
9899 0.000518744
9900 0.000519011
9901 0.000519274
9902 0.000519534
9903 0.00051979
9904 0.000520043
9905 0.000520293
9906 0.000520538
9907 0.00052078
9908 0.000521018
9909 0.000521252
9910 0.000521482
9911 0.000521708
9912 0.00052193
9913 0.000522148
9914 0.000522361
9915 0.00052257
9916 0.000522774
9917 0.000522974
9918 0.00052317
9919 0.00052336
9920 0.000523546
9921 0.000523728
9922 0.000523904
9923 0.000524076
9924 0.000524242
9925 0.000524404
9926 0.000524561
9927 0.000524712
9928 0.000524859
9929 0.000525
9930 0.000525136
9931 0.000525267
9932 0.000525392
9933 0.000525512
9934 0.000525627
9935 0.000525736
9936 0.00052584
9937 0.000525938
9938 0.000526031
9939 0.000526119
9940 0.0005262
9941 0.000526276
9942 0.000526347
9943 0.000526412
9944 0.000526471
9945 0.000526524
9946 0.000526572
9947 0.000526614
9948 0.00052665
9949 0.00052668
9950 0.000526705
9951 0.000526724
9952 0.000526737
9953 0.000526744
9954 0.000526746
9955 0.000526742
9956 0.000526732
9957 0.000526716
9958 0.000526694
9959 0.000526666
9960 0.000526633
9961 0.000526594
9962 0.000526549
9963 0.000526499
9964 0.000526443
9965 0.00052638
9966 0.000526313
9967 0.000526239
9968 0.00052616
9969 0.000526075
9970 0.000525985
9971 0.000525889
9972 0.000525787
9973 0.00052568
9974 0.000525567
9975 0.000525449
9976 0.000525325
9977 0.000525196
9978 0.000525061
9979 0.000524921
9980 0.000524776
9981 0.000524625
9982 0.000524469
9983 0.000524308
9984 0.000524142
9985 0.000523971
9986 0.000523794
9987 0.000523613
9988 0.000523426
9989 0.000523235
9990 0.000523039
9991 0.000522837
9992 0.000522631
9993 0.000522421
9994 0.000522206
9995 0.000521986
9996 0.000521761
9997 0.000521532
9998 0.000521299
9999 0.000521061
10000 0.000520819
10001 0.000520573
10002 0.000520322
10003 0.000520068
10004 0.000519809
10005 0.000519547
10006 0.00051928
10007 0.00051901
10008 0.000518736
10009 0.000518459
10010 0.000518177
10011 0.000517893
10012 0.000517604
10013 0.000517313
10014 0.000517018
10015 0.00051672
10016 0.000516419
10017 0.000516115
10018 0.000515808
10019 0.000515498
10020 0.000515185
10021 0.00051487
10022 0.000514552
10023 0.000514231
10024 0.000513908
10025 0.000513583
10026 0.000513255
10027 0.000512926
10028 0.000512594
10029 0.00051226
10030 0.000511924
10031 0.000511587
10032 0.000511248
10033 0.000510907
10034 0.000510565
10035 0.000510221
10036 0.000509876
10037 0.000509529
10038 0.000509182
10039 0.000508834
10040 0.000508484
10041 0.000508134
10042 0.000507783
10043 0.000507431
10044 0.000507079
10045 0.000506727
10046 0.000506374
10047 0.00050602
10048 0.000505667
10049 0.000505313
10050 0.00050496
10051 0.000504607
10052 0.000504254
10053 0.000503901
10054 0.000503549
10055 0.000503197
10056 0.000502846
10057 0.000502495
10058 0.000502146
10059 0.000501797
10060 0.00050145
10061 0.000501103
10062 0.000500758
10063 0.000500414
10064 0.000500071
10065 0.00049973
10066 0.000499391
10067 0.000499053
10068 0.000498717
10069 0.000498383
10070 0.000498051
10071 0.000497721
10072 0.000497393
10073 0.000497067
10074 0.000496744
10075 0.000496423
10076 0.000496104
10077 0.000495789
10078 0.000495476
10079 0.000495165
10080 0.000494858
10081 0.000494553
10082 0.000494252
10083 0.000493954
10084 0.000493659
10085 0.000493367
10086 0.000493078
10087 0.000492793
10088 0.000492512
10089 0.000492234
10090 0.00049196
10091 0.000491689
10092 0.000491423
10093 0.00049116
10094 0.000490901
10095 0.000490647
10096 0.000490396
10097 0.00049015
10098 0.000489907
10099 0.000489669
10100 0.000489436
10101 0.000489207
10102 0.000488982
10103 0.000488762
10104 0.000488546
10105 0.000488336
10106 0.000488129
10107 0.000487928
10108 0.000487731
10109 0.00048754
10110 0.000487353
10111 0.000487171
10112 0.000486994
10113 0.000486822
10114 0.000486655
10115 0.000486494
10116 0.000486337
10117 0.000486186
10118 0.00048604
10119 0.000485899
10120 0.000485763
10121 0.000485633
10122 0.000485508
10123 0.000485389
10124 0.000485275
10125 0.000485166
10126 0.000485063
10127 0.000484965
10128 0.000484872
10129 0.000484785
10130 0.000484704
10131 0.000484628
10132 0.000484557
10133 0.000484492
10134 0.000484433
10135 0.000484379
10136 0.000484331
10137 0.000484288
10138 0.00048425
10139 0.000484219
10140 0.000484192
10141 0.000484171
10142 0.000484156
10143 0.000484146
10144 0.000484142
10145 0.000484143
10146 0.000484149
10147 0.000484161
10148 0.000484178
10149 0.000484201
10150 0.000484229
10151 0.000484262
10152 0.0004843
10153 0.000484344
10154 0.000484393
10155 0.000484447
10156 0.000484507
10157 0.000484571
10158 0.000484641
10159 0.000484715
10160 0.000484795
10161 0.00048488
10162 0.000484969
10163 0.000485064
10164 0.000485163
10165 0.000485267
10166 0.000485375
10167 0.000485489
10168 0.000485607
10169 0.000485729
10170 0.000485857
10171 0.000485988
10172 0.000486124
10173 0.000486264
10174 0.000486409
10175 0.000486558
10176 0.000486711
10177 0.000486868
10178 0.000487029
10179 0.000487194
10180 0.000487363
10181 0.000487535
10182 0.000487712
10183 0.000487892
10184 0.000488076
10185 0.000488263
10186 0.000488454
10187 0.000488648
10188 0.000488846
10189 0.000489046
10190 0.00048925
10191 0.000489457
10192 0.000489667
10193 0.00048988
10194 0.000490096
10195 0.000490314
10196 0.000490536
10197 0.00049076
10198 0.000490986
10199 0.000491215
10200 0.000491446
10201 0.000491679
10202 0.000491915
10203 0.000492153
10204 0.000492392
10205 0.000492634
10206 0.000492877
10207 0.000493123
10208 0.00049337
10209 0.000493618
10210 0.000493868
10211 0.00049412
10212 0.000494373
10213 0.000494627
10214 0.000494882
10215 0.000495138
10216 0.000495395
10217 0.000495653
10218 0.000495912
10219 0.000496172
10220 0.000496432
10221 0.000496693
10222 0.000496954
10223 0.000497216
10224 0.000497478
10225 0.00049774
10226 0.000498002
10227 0.000498265
10228 0.000498527
10229 0.000498789
10230 0.000499051
10231 0.000499313
10232 0.000499574
10233 0.000499834
10234 0.000500095
10235 0.000500354
10236 0.000500613
10237 0.000500871
10238 0.000501128
10239 0.000501384
10240 0.000501639
10241 0.000501893
10242 0.000502145
10243 0.000502397
10244 0.000502647
10245 0.000502895
10246 0.000503142
10247 0.000503388
10248 0.000503631
10249 0.000503873
10250 0.000504114
10251 0.000504352
10252 0.000504588
10253 0.000504823
10254 0.000505055
10255 0.000505285
10256 0.000505512
10257 0.000505738
10258 0.000505961
10259 0.000506181
10260 0.000506399
10261 0.000506615
10262 0.000506828
10263 0.000507038
10264 0.000507245
10265 0.00050745
10266 0.000507651
10267 0.00050785
10268 0.000508046
10269 0.000508238
10270 0.000508428
10271 0.000508614
10272 0.000508797
10273 0.000508977
10274 0.000509153
10275 0.000509326
10276 0.000509496
10277 0.000509662
10278 0.000509824
10279 0.000509983
10280 0.000510138
10281 0.00051029
10282 0.000510438
10283 0.000510582
10284 0.000510723
10285 0.000510859
10286 0.000510992
10287 0.00051112
10288 0.000511245
10289 0.000511366
10290 0.000511483
10291 0.000511595
10292 0.000511704
10293 0.000511808
10294 0.000511909
10295 0.000512005
10296 0.000512097
10297 0.000512184
10298 0.000512268
10299 0.000512347
10300 0.000512422
10301 0.000512492
10302 0.000512558
10303 0.00051262
10304 0.000512678
10305 0.00051273
10306 0.000512779
10307 0.000512823
10308 0.000512863
10309 0.000512898
10310 0.000512929
10311 0.000512955
10312 0.000512977
10313 0.000512994
10314 0.000513007
10315 0.000513015
10316 0.000513019
10317 0.000513018
10318 0.000513012
10319 0.000513003
10320 0.000512988
10321 0.000512969
10322 0.000512946
10323 0.000512918
10324 0.000512885
10325 0.000512848
10326 0.000512807
10327 0.000512761
10328 0.000512711
10329 0.000512656
10330 0.000512596
10331 0.000512533
10332 0.000512464
10333 0.000512392
10334 0.000512315
10335 0.000512233
10336 0.000512148
10337 0.000512058
10338 0.000511963
10339 0.000511864
10340 0.000511761
10341 0.000511654
10342 0.000511543
10343 0.000511427
10344 0.000511307
10345 0.000511183
10346 0.000511055
10347 0.000510923
10348 0.000510787
10349 0.000510646
10350 0.000510502
10351 0.000510354
10352 0.000510202
10353 0.000510045
10354 0.000509886
10355 0.000509722
10356 0.000509554
10357 0.000509383
10358 0.000509208
10359 0.000509029
10360 0.000508847
10361 0.000508661
10362 0.000508472
10363 0.000508279
10364 0.000508083
10365 0.000507883
10366 0.00050768
10367 0.000507474
10368 0.000507265
10369 0.000507052
10370 0.000506836
10371 0.000506617
10372 0.000506395
10373 0.00050617
10374 0.000505942
10375 0.000505711
10376 0.000505477
10377 0.000505241
10378 0.000505002
10379 0.00050476
10380 0.000504515
10381 0.000504268
10382 0.000504019
10383 0.000503767
10384 0.000503512
10385 0.000503256
10386 0.000502997
10387 0.000502736
10388 0.000502472
10389 0.000502207
10390 0.00050194
10391 0.00050167
10392 0.000501399
10393 0.000501126
10394 0.000500851
10395 0.000500575
10396 0.000500297
10397 0.000500017
10398 0.000499736
10399 0.000499453
10400 0.000499169
10401 0.000498884
10402 0.000498598
10403 0.00049831
10404 0.000498021
10405 0.000497731
10406 0.00049744
10407 0.000497149
10408 0.000496856
10409 0.000496563
10410 0.000496269
10411 0.000495974
10412 0.000495679
10413 0.000495383
10414 0.000495087
10415 0.000494791
10416 0.000494494
10417 0.000494197
10418 0.0004939
10419 0.000493603
10420 0.000493305
10421 0.000493008
10422 0.000492711
10423 0.000492414
10424 0.000492118
10425 0.000491821
10426 0.000491525
10427 0.00049123
10428 0.000490935
10429 0.000490641
10430 0.000490347
10431 0.000490054
10432 0.000489762
10433 0.00048947
10434 0.00048918
10435 0.00048889
10436 0.000488602
10437 0.000488314
10438 0.000488028
10439 0.000487743
10440 0.00048746
10441 0.000487177
10442 0.000486896
10443 0.000486617
10444 0.000486339
10445 0.000486063
10446 0.000485788
10447 0.000485515
10448 0.000485244
10449 0.000484975
10450 0.000484707
10451 0.000484442
10452 0.000484179
10453 0.000483917
10454 0.000483658
10455 0.000483401
10456 0.000483146
10457 0.000482893
10458 0.000482643
10459 0.000482395
10460 0.000482149
10461 0.000481906
10462 0.000481665
10463 0.000481427
10464 0.000481192
10465 0.000480959
10466 0.000480729
10467 0.000480501
10468 0.000480276
10469 0.000480055
10470 0.000479836
10471 0.00047962
10472 0.000479406
10473 0.000479196
10474 0.000478989
10475 0.000478785
10476 0.000478584
10477 0.000478386
10478 0.000478191
10479 0.000478
10480 0.000477811
10481 0.000477626
10482 0.000477444
10483 0.000477265
10484 0.00047709
10485 0.000476918
10486 0.000476749
10487 0.000476584
10488 0.000476422
10489 0.000476264
10490 0.000476109
10491 0.000475957
10492 0.000475809
10493 0.000475665
10494 0.000475524
10495 0.000475386
10496 0.000475252
10497 0.000475122
10498 0.000474995
10499 0.000474872
10500 0.000474752
10501 0.000474636
10502 0.000474523
10503 0.000474414
10504 0.000474309
10505 0.000474207
10506 0.000474109
10507 0.000474015
10508 0.000473924
10509 0.000473836
10510 0.000473752
10511 0.000473672
10512 0.000473595
10513 0.000473522
10514 0.000473453
10515 0.000473387
10516 0.000473324
10517 0.000473265
10518 0.00047321
10519 0.000473158
10520 0.00047311
10521 0.000473065
10522 0.000473023
10523 0.000472985
10524 0.000472951
10525 0.000472919
10526 0.000472892
10527 0.000472867
10528 0.000472846
10529 0.000472828
10530 0.000472813
10531 0.000472802
10532 0.000472794
10533 0.000472789
10534 0.000472787
10535 0.000472789
10536 0.000472793
10537 0.000472801
10538 0.000472812
10539 0.000472825
10540 0.000472842
10541 0.000472862
10542 0.000472884
10543 0.00047291
10544 0.000472938
10545 0.000472969
10546 0.000473003
10547 0.000473039
10548 0.000473078
10549 0.00047312
10550 0.000473165
10551 0.000473212
10552 0.000473261
10553 0.000473313
10554 0.000473367
10555 0.000473424
10556 0.000473483
10557 0.000473545
10558 0.000473608
10559 0.000473674
10560 0.000473742
10561 0.000473812
10562 0.000473885
10563 0.000473959
10564 0.000474035
10565 0.000474113
10566 0.000474193
10567 0.000474274
10568 0.000474358
10569 0.000474443
10570 0.00047453
10571 0.000474618
10572 0.000474708
10573 0.0004748
10574 0.000474893
10575 0.000474987
10576 0.000475083
10577 0.000475179
10578 0.000475278
10579 0.000475377
10580 0.000475477
10581 0.000475579
10582 0.000475682
10583 0.000475785
10584 0.00047589
10585 0.000475995
10586 0.000476101
10587 0.000476208
10588 0.000476316
10589 0.000476424
10590 0.000476533
10591 0.000476642
10592 0.000476752
10593 0.000476862
10594 0.000476973
10595 0.000477084
10596 0.000477195
10597 0.000477306
10598 0.000477418
10599 0.00047753
10600 0.000477642
10601 0.000477753
10602 0.000477865
10603 0.000477977
10604 0.000478088
10605 0.0004782
10606 0.000478311
10607 0.000478422
10608 0.000478532
10609 0.000478642
10610 0.000478752
10611 0.000478861
10612 0.00047897
10613 0.000479078
10614 0.000479185
10615 0.000479292
10616 0.000479397
10617 0.000479503
10618 0.000479607
10619 0.00047971
10620 0.000479813
10621 0.000479915
10622 0.000480015
10623 0.000480115
10624 0.000480213
10625 0.00048031
10626 0.000480406
10627 0.000480501
10628 0.000480595
10629 0.000480687
10630 0.000480778
10631 0.000480868
10632 0.000480956
10633 0.000481043
10634 0.000481128
10635 0.000481212
10636 0.000481294
10637 0.000481375
10638 0.000481454
10639 0.000481531
10640 0.000481607
10641 0.00048168
10642 0.000481753
10643 0.000481823
10644 0.000481891
10645 0.000481958
10646 0.000482023
10647 0.000482085
10648 0.000482146
10649 0.000482205
10650 0.000482262
10651 0.000482317
10652 0.00048237
10653 0.000482421
10654 0.00048247
10655 0.000482516
10656 0.000482561
10657 0.000482603
10658 0.000482643
10659 0.000482681
10660 0.000482717
10661 0.00048275
10662 0.000482782
10663 0.000482811
10664 0.000482837
10665 0.000482862
10666 0.000482884
10667 0.000482904
10668 0.000482921
10669 0.000482936
10670 0.000482949
10671 0.000482959
10672 0.000482967
10673 0.000482973
10674 0.000482976
10675 0.000482977
10676 0.000482976
10677 0.000482972
10678 0.000482965
10679 0.000482957
10680 0.000482946
10681 0.000482932
10682 0.000482916
10683 0.000482897
10684 0.000482877
10685 0.000482853
10686 0.000482828
10687 0.000482799
10688 0.000482769
10689 0.000482736
10690 0.000482701
10691 0.000482663
10692 0.000482623
10693 0.00048258
10694 0.000482535
10695 0.000482488
10696 0.000482439
10697 0.000482387
10698 0.000482332
10699 0.000482276
10700 0.000482217
10701 0.000482155
10702 0.000482092
10703 0.000482026
10704 0.000481958
10705 0.000481888
10706 0.000481815
10707 0.000481741
10708 0.000481664
10709 0.000481585
10710 0.000481503
10711 0.00048142
10712 0.000481335
10713 0.000481247
10714 0.000481157
10715 0.000481066
10716 0.000480972
10717 0.000480876
10718 0.000480779
10719 0.000480679
10720 0.000480578
10721 0.000480474
10722 0.000480369
10723 0.000480262
10724 0.000480153
10725 0.000480042
10726 0.000479929
10727 0.000479815
10728 0.000479699
10729 0.000479582
10730 0.000479463
10731 0.000479342
10732 0.000479219
10733 0.000479095
10734 0.00047897
10735 0.000478843
10736 0.000478715
10737 0.000478585
10738 0.000478454
10739 0.000478321
10740 0.000478188
10741 0.000478052
10742 0.000477916
10743 0.000477779
10744 0.00047764
10745 0.0004775
10746 0.00047736
10747 0.000477218
10748 0.000477075
10749 0.000476931
10750 0.000476786
10751 0.000476641
10752 0.000476494
10753 0.000476347
10754 0.000476199
10755 0.00047605
10756 0.000475901
10757 0.000475751
10758 0.0004756
10759 0.000475449
10760 0.000475297
10761 0.000475145
10762 0.000474992
10763 0.000474839
10764 0.000474685
10765 0.000474531
10766 0.000474377
10767 0.000474223
10768 0.000474069
10769 0.000473914
10770 0.000473759
10771 0.000473604
10772 0.00047345
10773 0.000473295
10774 0.00047314
10775 0.000472985
10776 0.000472831
10777 0.000472677
10778 0.000472523
10779 0.000472369
10780 0.000472215
10781 0.000472062
10782 0.00047191
10783 0.000471757
10784 0.000471606
10785 0.000471454
10786 0.000471304
10787 0.000471154
10788 0.000471004
10789 0.000470855
10790 0.000470707
10791 0.00047056
10792 0.000470414
10793 0.000470268
10794 0.000470123
10795 0.000469979
10796 0.000469837
10797 0.000469695
10798 0.000469554
10799 0.000469414
10800 0.000469276
10801 0.000469138
10802 0.000469002
10803 0.000468867
10804 0.000468733
10805 0.000468601
10806 0.000468469
10807 0.00046834
10808 0.000468211
10809 0.000468084
10810 0.000467959
10811 0.000467835
10812 0.000467712
10813 0.000467591
10814 0.000467472
10815 0.000467354
10816 0.000467238
10817 0.000467124
10818 0.000467011
10819 0.0004669
10820 0.000466791
10821 0.000466684
10822 0.000466578
10823 0.000466475
10824 0.000466373
10825 0.000466273
10826 0.000466175
10827 0.000466079
10828 0.000465985
10829 0.000465893
10830 0.000465803
10831 0.000465715
10832 0.000465629
10833 0.000465545
10834 0.000465463
10835 0.000465384
10836 0.000465306
10837 0.000465231
10838 0.000465158
10839 0.000465087
10840 0.000465018
10841 0.000464951
10842 0.000464887
10843 0.000464825
10844 0.000464765
10845 0.000464707
10846 0.000464652
10847 0.000464599
10848 0.000464548
10849 0.0004645
10850 0.000464454
10851 0.00046441
10852 0.000464368
10853 0.000464329
10854 0.000464292
10855 0.000464258
10856 0.000464226
10857 0.000464196
10858 0.000464169
10859 0.000464144
10860 0.000464121
10861 0.000464101
10862 0.000464083
10863 0.000464067
10864 0.000464054
10865 0.000464043
10866 0.000464034
10867 0.000464028
10868 0.000464024
10869 0.000464022
10870 0.000464023
10871 0.000464026
10872 0.000464031
10873 0.000464039
10874 0.000464049
10875 0.000464061
10876 0.000464075
10877 0.000464092
10878 0.000464111
10879 0.000464132
10880 0.000464155
10881 0.000464181
10882 0.000464209
10883 0.000464239
10884 0.000464271
10885 0.000464305
10886 0.000464341
10887 0.00046438
10888 0.00046442
10889 0.000464463
10890 0.000464507
10891 0.000464554
10892 0.000464602
10893 0.000464653
10894 0.000464705
10895 0.00046476
10896 0.000464816
10897 0.000464875
10898 0.000464935
10899 0.000464997
10900 0.00046506
10901 0.000465126
10902 0.000465193
10903 0.000465262
10904 0.000465333
10905 0.000465405
10906 0.000465479
10907 0.000465555
10908 0.000465632
10909 0.000465711
10910 0.000465791
10911 0.000465873
10912 0.000465956
10913 0.000466041
10914 0.000466127
10915 0.000466214
10916 0.000466303
10917 0.000466393
10918 0.000466484
10919 0.000466577
10920 0.000466671
10921 0.000466766
10922 0.000466862
10923 0.000466959
10924 0.000467057
10925 0.000467156
10926 0.000467256
10927 0.000467358
10928 0.00046746
10929 0.000467563
10930 0.000467666
10931 0.000467771
10932 0.000467876
10933 0.000467983
10934 0.000468089
10935 0.000468197
10936 0.000468305
10937 0.000468413
10938 0.000468523
10939 0.000468632
10940 0.000468743
10941 0.000468853
10942 0.000468964
10943 0.000469076
10944 0.000469187
10945 0.000469299
10946 0.000469411
10947 0.000469524
10948 0.000469636
10949 0.000469749
10950 0.000469862
10951 0.000469975
10952 0.000470087
10953 0.0004702
10954 0.000470313
10955 0.000470426
10956 0.000470538
10957 0.000470651
10958 0.000470763
10959 0.000470875
10960 0.000470986
10961 0.000471097
10962 0.000471208
10963 0.000471319
10964 0.000471429
10965 0.000471539
10966 0.000471648
10967 0.000471756
10968 0.000471864
10969 0.000471972
10970 0.000472078
10971 0.000472184
10972 0.00047229
10973 0.000472394
10974 0.000472498
10975 0.000472601
10976 0.000472703
10977 0.000472804
10978 0.000472905
10979 0.000473004
10980 0.000473103
10981 0.0004732
10982 0.000473296
10983 0.000473392
10984 0.000473486
10985 0.000473579
10986 0.000473671
10987 0.000473761
10988 0.000473851
10989 0.000473939
10990 0.000474026
10991 0.000474111
10992 0.000474195
10993 0.000474278
10994 0.00047436
10995 0.00047444
10996 0.000474518
10997 0.000474595
10998 0.000474671
10999 0.000474745
11000 0.000474818
11001 0.000474889
11002 0.000474958
11003 0.000475026
11004 0.000475092
11005 0.000475156
11006 0.000475219
11007 0.00047528
11008 0.00047534
11009 0.000475397
11010 0.000475453
11011 0.000475507
11012 0.000475559
11013 0.00047561
11014 0.000475658
11015 0.000475705
11016 0.00047575
11017 0.000475793
11018 0.000475834
11019 0.000475873
11020 0.00047591
11021 0.000475946
11022 0.000475979
11023 0.00047601
11024 0.00047604
11025 0.000476067
11026 0.000476092
11027 0.000476116
11028 0.000476137
11029 0.000476156
11030 0.000476174
11031 0.000476189
11032 0.000476202
11033 0.000476213
11034 0.000476222
11035 0.000476229
11036 0.000476234
11037 0.000476236
11038 0.000476237
11039 0.000476236
11040 0.000476232
11041 0.000476226
11042 0.000476219
11043 0.000476209
11044 0.000476197
11045 0.000476183
11046 0.000476166
11047 0.000476148
11048 0.000476128
11049 0.000476105
11050 0.00047608
11051 0.000476054
11052 0.000476025
11053 0.000475994
11054 0.000475961
11055 0.000475925
11056 0.000475888
11057 0.000475849
11058 0.000475807
11059 0.000475764
11060 0.000475718
11061 0.000475671
11062 0.000475621
11063 0.00047557
11064 0.000475516
11065 0.00047546
11066 0.000475403
11067 0.000475343
11068 0.000475281
11069 0.000475217
11070 0.000475152
11071 0.000475084
11072 0.000475015
11073 0.000474943
11074 0.00047487
11075 0.000474795
11076 0.000474718
11077 0.000474639
11078 0.000474558
11079 0.000474475
11080 0.000474391
11081 0.000474305
11082 0.000474217
11083 0.000474127
11084 0.000474035
11085 0.000473942
11086 0.000473847
11087 0.000473751
11088 0.000473652
11089 0.000473552
11090 0.000473451
11091 0.000473348
11092 0.000473243
11093 0.000473137
11094 0.000473029
11095 0.00047292
11096 0.000472809
11097 0.000472697
11098 0.000472583
11099 0.000472468
11100 0.000472351
11101 0.000472233
11102 0.000472114
11103 0.000471993
11104 0.000471871
11105 0.000471748
11106 0.000471624
11107 0.000471498
11108 0.000471371
11109 0.000471243
11110 0.000471114
11111 0.000470984
11112 0.000470853
11113 0.00047072
11114 0.000470587
11115 0.000470453
11116 0.000470317
11117 0.000470181
11118 0.000470044
11119 0.000469906
11120 0.000469767
11121 0.000469627
11122 0.000469486
11123 0.000469345
11124 0.000469203
11125 0.00046906
11126 0.000468917
11127 0.000468773
11128 0.000468628
11129 0.000468482
11130 0.000468336
11131 0.00046819
11132 0.000468043
11133 0.000467896
11134 0.000467748
11135 0.0004676
11136 0.000467451
11137 0.000467302
11138 0.000467153
11139 0.000467003
11140 0.000466853
11141 0.000466703
11142 0.000466553
11143 0.000466402
11144 0.000466252
11145 0.000466101
11146 0.00046595
11147 0.0004658
11148 0.000465649
11149 0.000465498
11150 0.000465347
11151 0.000465196
11152 0.000465046
11153 0.000464895
11154 0.000464745
11155 0.000464595
11156 0.000464445
11157 0.000464295
11158 0.000464146
11159 0.000463997
11160 0.000463848
11161 0.0004637
11162 0.000463552
11163 0.000463405
11164 0.000463258
11165 0.000463111
11166 0.000462965
11167 0.000462819
11168 0.000462674
11169 0.00046253
11170 0.000462386
11171 0.000462243
11172 0.0004621
11173 0.000461959
11174 0.000461818
11175 0.000461677
11176 0.000461538
11177 0.000461399
11178 0.000461261
11179 0.000461124
11180 0.000460987
11181 0.000460852
11182 0.000460717
11183 0.000460584
11184 0.000460451
11185 0.00046032
11186 0.000460189
11187 0.000460059
11188 0.000459931
11189 0.000459803
11190 0.000459677
11191 0.000459551
11192 0.000459427
11193 0.000459304
11194 0.000459182
11195 0.000459061
11196 0.000458942
11197 0.000458823
11198 0.000458706
11199 0.00045859
11200 0.000458476
11201 0.000458362
11202 0.00045825
11203 0.000458139
11204 0.00045803
11205 0.000457922
11206 0.000457815
11207 0.00045771
11208 0.000457606
11209 0.000457503
11210 0.000457402
11211 0.000457302
11212 0.000457203
11213 0.000457106
11214 0.000457011
11215 0.000456917
11216 0.000456824
11217 0.000456733
11218 0.000456643
11219 0.000456555
11220 0.000456468
11221 0.000456383
11222 0.000456299
11223 0.000456217
11224 0.000456136
11225 0.000456057
11226 0.000455979
11227 0.000455903
11228 0.000455828
11229 0.000455755
11230 0.000455683
11231 0.000455613
11232 0.000455545
11233 0.000455478
11234 0.000455412
11235 0.000455348
11236 0.000455286
11237 0.000455225
11238 0.000455166
11239 0.000455108
11240 0.000455051
11241 0.000454997
11242 0.000454943
11243 0.000454892
11244 0.000454842
11245 0.000454793
11246 0.000454746
11247 0.0004547
11248 0.000454656
11249 0.000454613
11250 0.000454572
11251 0.000454532
11252 0.000454494
11253 0.000454457
11254 0.000454422
11255 0.000454388
11256 0.000454356
11257 0.000454324
11258 0.000454295
11259 0.000454267
11260 0.00045424
11261 0.000454214
11262 0.00045419
11263 0.000454168
11264 0.000454146
11265 0.000454126
11266 0.000454107
11267 0.00045409
11268 0.000454074
11269 0.000454059
11270 0.000454045
11271 0.000454033
11272 0.000454022
11273 0.000454012
11274 0.000454003
11275 0.000453996
11276 0.00045399
11277 0.000453984
11278 0.00045398
11279 0.000453978
11280 0.000453976
11281 0.000453975
11282 0.000453975
11283 0.000453977
11284 0.000453979
11285 0.000453983
11286 0.000453987
11287 0.000453993
11288 0.000453999
11289 0.000454006
11290 0.000454015
11291 0.000454024
11292 0.000454034
11293 0.000454045
11294 0.000454057
11295 0.000454069
11296 0.000454082
11297 0.000454097
11298 0.000454111
11299 0.000454127
11300 0.000454143
11301 0.00045416
11302 0.000454178
11303 0.000454197
11304 0.000454216
11305 0.000454235
11306 0.000454255
11307 0.000454276
11308 0.000454297
11309 0.000454319
11310 0.000454341
11311 0.000454364
11312 0.000454387
11313 0.000454411
11314 0.000454435
11315 0.00045446
11316 0.000454484
11317 0.00045451
11318 0.000454535
11319 0.000454561
11320 0.000454587
11321 0.000454613
11322 0.00045464
11323 0.000454666
11324 0.000454693
11325 0.00045472
11326 0.000454748
11327 0.000454775
11328 0.000454803
11329 0.00045483
11330 0.000454858
11331 0.000454885
11332 0.000454913
11333 0.000454941
11334 0.000454968
11335 0.000454996
11336 0.000455023
11337 0.000455051
11338 0.000455078
11339 0.000455105
11340 0.000455132
11341 0.000455159
11342 0.000455186
11343 0.000455212
11344 0.000455239
11345 0.000455265
11346 0.00045529
11347 0.000455316
11348 0.000455341
11349 0.000455366
11350 0.00045539
11351 0.000455414
11352 0.000455438
11353 0.000455461
11354 0.000455484
11355 0.000455506
11356 0.000455528
11357 0.00045555
11358 0.000455571
11359 0.000455592
11360 0.000455612
11361 0.000455631
11362 0.00045565
11363 0.000455669
11364 0.000455686
11365 0.000455704
11366 0.00045572
11367 0.000455736
11368 0.000455752
11369 0.000455766
11370 0.00045578
11371 0.000455794
11372 0.000455806
11373 0.000455818
11374 0.00045583
11375 0.00045584
11376 0.00045585
11377 0.000455859
11378 0.000455867
11379 0.000455875
11380 0.000455882
11381 0.000455888
11382 0.000455893
11383 0.000455897
11384 0.000455901
11385 0.000455904
11386 0.000455905
11387 0.000455907
11388 0.000455907
11389 0.000455906
11390 0.000455905
11391 0.000455902
11392 0.000455899
11393 0.000455895
11394 0.00045589
11395 0.000455884
11396 0.000455877
11397 0.000455869
11398 0.000455861
11399 0.000455851
11400 0.000455841
11401 0.000455829
11402 0.000455817
11403 0.000455804
11404 0.00045579
11405 0.000455774
11406 0.000455758
11407 0.000455742
11408 0.000455724
11409 0.000455705
11410 0.000455685
11411 0.000455664
11412 0.000455643
11413 0.00045562
11414 0.000455597
11415 0.000455572
11416 0.000455547
11417 0.000455521
11418 0.000455494
11419 0.000455466
11420 0.000455437
11421 0.000455407
11422 0.000455376
11423 0.000455344
11424 0.000455311
11425 0.000455278
11426 0.000455244
11427 0.000455208
11428 0.000455172
11429 0.000455135
11430 0.000455097
11431 0.000455058
11432 0.000455019
11433 0.000454978
11434 0.000454937
11435 0.000454895
11436 0.000454852
11437 0.000454808
11438 0.000454763
11439 0.000454718
11440 0.000454672
11441 0.000454625
11442 0.000454577
11443 0.000454528
11444 0.000454479
11445 0.000454429
11446 0.000454378
11447 0.000454327
11448 0.000454275
11449 0.000454222
11450 0.000454169
11451 0.000454114
11452 0.00045406
11453 0.000454004
11454 0.000453948
11455 0.000453891
11456 0.000453834
11457 0.000453776
11458 0.000453717
11459 0.000453658
11460 0.000453599
11461 0.000453538
11462 0.000453478
11463 0.000453417
11464 0.000453355
11465 0.000453293
11466 0.00045323
11467 0.000453167
11468 0.000453103
11469 0.000453039
11470 0.000452975
11471 0.00045291
11472 0.000452845
11473 0.000452779
11474 0.000452714
11475 0.000452647
11476 0.000452581
11477 0.000452514
11478 0.000452447
11479 0.00045238
11480 0.000452312
11481 0.000452245
11482 0.000452177
11483 0.000452108
11484 0.00045204
11485 0.000451972
11486 0.000451903
11487 0.000451834
11488 0.000451765
11489 0.000451696
11490 0.000451627
11491 0.000451558
11492 0.000451489
11493 0.00045142
11494 0.000451351
11495 0.000451282
11496 0.000451212
11497 0.000451143
11498 0.000451074
11499 0.000451005
11500 0.000450937
11501 0.000450868
11502 0.000450799
11503 0.000450731
11504 0.000450663
11505 0.000450595
11506 0.000450527
11507 0.000450459
11508 0.000450392
11509 0.000450325
11510 0.000450258
11511 0.000450191
11512 0.000450125
11513 0.000450059
11514 0.000449994
11515 0.000449928
11516 0.000449864
11517 0.000449799
11518 0.000449735
11519 0.000449671
11520 0.000449608
11521 0.000449545
11522 0.000449483
11523 0.000449421
11524 0.00044936
11525 0.000449299
11526 0.000449239
11527 0.000449179
11528 0.00044912
11529 0.000449062
11530 0.000449004
11531 0.000448946
11532 0.000448889
11533 0.000448833
11534 0.000448778
11535 0.000448723
11536 0.000448669
11537 0.000448615
11538 0.000448562
11539 0.00044851
11540 0.000448459
11541 0.000448408
11542 0.000448358
11543 0.000448309
11544 0.000448261
11545 0.000448213
11546 0.000448166
11547 0.00044812
11548 0.000448075
11549 0.000448031
11550 0.000447987
11551 0.000447945
11552 0.000447903
11553 0.000447862
11554 0.000447822
11555 0.000447782
11556 0.000447744
11557 0.000447706
11558 0.00044767
11559 0.000447634
11560 0.000447599
11561 0.000447566
11562 0.000447533
11563 0.000447501
11564 0.00044747
11565 0.00044744
11566 0.00044741
11567 0.000447382
11568 0.000447355
11569 0.000447329
11570 0.000447303
11571 0.000447279
11572 0.000447256
11573 0.000447233
11574 0.000447212
11575 0.000447192
11576 0.000447172
11577 0.000447154
11578 0.000447137
11579 0.00044712
11580 0.000447105
11581 0.00044709
11582 0.000447077
11583 0.000447065
11584 0.000447053
11585 0.000447043
11586 0.000447033
11587 0.000447025
11588 0.000447018
11589 0.000447011
11590 0.000447006
11591 0.000447001
11592 0.000446998
11593 0.000446995
11594 0.000446994
11595 0.000446994
11596 0.000446994
11597 0.000446996
11598 0.000446998
11599 0.000447001
11600 0.000447006
11601 0.000447011
11602 0.000447017
11603 0.000447025
11604 0.000447033
11605 0.000447042
11606 0.000447052
11607 0.000447063
11608 0.000447075
11609 0.000447087
11610 0.000447101
11611 0.000447116
11612 0.000447131
11613 0.000447147
11614 0.000447165
11615 0.000447183
11616 0.000447202
11617 0.000447221
11618 0.000447242
11619 0.000447263
11620 0.000447285
11621 0.000447308
11622 0.000447332
11623 0.000447357
11624 0.000447382
11625 0.000447408
11626 0.000447435
11627 0.000447462
11628 0.000447491
11629 0.00044752
11630 0.000447549
11631 0.00044758
11632 0.000447611
11633 0.000447642
11634 0.000447675
11635 0.000447708
11636 0.000447741
11637 0.000447775
11638 0.00044781
11639 0.000447846
11640 0.000447881
11641 0.000447918
11642 0.000447955
11643 0.000447992
11644 0.000448031
11645 0.000448069
11646 0.000448108
11647 0.000448148
11648 0.000448187
11649 0.000448228
11650 0.000448269
11651 0.00044831
11652 0.000448351
11653 0.000448393
11654 0.000448435
11655 0.000448478
11656 0.000448521
11657 0.000448564
11658 0.000448608
11659 0.000448652
11660 0.000448696
11661 0.00044874
11662 0.000448784
11663 0.000448829
11664 0.000448874
11665 0.000448919
11666 0.000448964
11667 0.00044901
11668 0.000449055
11669 0.000449101
11670 0.000449147
11671 0.000449192
11672 0.000449238
11673 0.000449284
11674 0.00044933
11675 0.000449376
11676 0.000449422
11677 0.000449468
11678 0.000449514
11679 0.000449559
11680 0.000449605
11681 0.000449651
11682 0.000449696
11683 0.000449742
11684 0.000449787
11685 0.000449832
11686 0.000449877
11687 0.000449922
11688 0.000449966
11689 0.00045001
11690 0.000450055
11691 0.000450098
11692 0.000450142
11693 0.000450185
11694 0.000450228
11695 0.000450271
11696 0.000450313
11697 0.000450355
11698 0.000450396
11699 0.000450438
11700 0.000450478
11701 0.000450519
11702 0.000450559
11703 0.000450598
11704 0.000450637
11705 0.000450676
11706 0.000450714
11707 0.000450752
11708 0.000450789
11709 0.000450825
11710 0.000450861
11711 0.000450897
11712 0.000450932
11713 0.000450966
11714 0.000451
11715 0.000451033
11716 0.000451065
11717 0.000451097
11718 0.000451128
11719 0.000451159
11720 0.000451189
11721 0.000451218
11722 0.000451247
11723 0.000451274
11724 0.000451301
11725 0.000451328
11726 0.000451353
11727 0.000451378
11728 0.000451402
11729 0.000451426
11730 0.000451448
11731 0.00045147
11732 0.000451491
11733 0.000451511
11734 0.000451531
11735 0.000451549
11736 0.000451567
11737 0.000451584
11738 0.0004516
11739 0.000451615
11740 0.000451629
11741 0.000451643
11742 0.000451655
11743 0.000451667
11744 0.000451677
11745 0.000451687
11746 0.000451696
11747 0.000451704
11748 0.000451711
11749 0.000451717
11750 0.000451722
11751 0.000451727
11752 0.00045173
11753 0.000451732
11754 0.000451734
11755 0.000451734
11756 0.000451734
11757 0.000451732
11758 0.00045173
11759 0.000451726
11760 0.000451722
11761 0.000451716
11762 0.00045171
11763 0.000451702
11764 0.000451694
11765 0.000451685
11766 0.000451674
11767 0.000451663
11768 0.000451651
11769 0.000451637
11770 0.000451623
11771 0.000451608
11772 0.000451591
11773 0.000451574
11774 0.000451555
11775 0.000451536
11776 0.000451516
11777 0.000451494
11778 0.000451472
11779 0.000451449
11780 0.000451425
11781 0.000451399
11782 0.000451373
11783 0.000451346
11784 0.000451317
11785 0.000451288
11786 0.000451258
11787 0.000451227
11788 0.000451195
11789 0.000451162
11790 0.000451128
11791 0.000451093
11792 0.000451057
11793 0.00045102
11794 0.000450982
11795 0.000450943
11796 0.000450903
11797 0.000450863
11798 0.000450821
11799 0.000450778
11800 0.000450735
11801 0.000450691
11802 0.000450646
11803 0.0004506
11804 0.000450553
11805 0.000450505
11806 0.000450456
11807 0.000450406
11808 0.000450356
11809 0.000450305
11810 0.000450253
11811 0.0004502
11812 0.000450146
11813 0.000450092
11814 0.000450036
11815 0.00044998
11816 0.000449923
11817 0.000449866
11818 0.000449807
11819 0.000449748
11820 0.000449688
11821 0.000449627
11822 0.000449566
11823 0.000449504
11824 0.000449441
11825 0.000449378
11826 0.000449313
11827 0.000449249
11828 0.000449183
11829 0.000449117
11830 0.00044905
11831 0.000448983
11832 0.000448915
11833 0.000448846
11834 0.000448777
11835 0.000448707
11836 0.000448637
11837 0.000448566
11838 0.000448495
11839 0.000448423
11840 0.00044835
11841 0.000448277
11842 0.000448204
11843 0.00044813
11844 0.000448056
11845 0.000447981
11846 0.000447905
11847 0.00044783
11848 0.000447754
11849 0.000447677
11850 0.0004476
11851 0.000447523
11852 0.000447445
11853 0.000447367
11854 0.000447289
11855 0.00044721
11856 0.000447131
11857 0.000447052
11858 0.000446973
11859 0.000446893
11860 0.000446813
11861 0.000446733
11862 0.000446652
11863 0.000446572
11864 0.000446491
11865 0.00044641
11866 0.000446328
11867 0.000446247
11868 0.000446165
11869 0.000446084
11870 0.000446002
11871 0.00044592
11872 0.000445838
11873 0.000445756
11874 0.000445674
11875 0.000445592
11876 0.00044551
11877 0.000445427
11878 0.000445345
11879 0.000445263
11880 0.000445181
11881 0.000445099
11882 0.000445016
11883 0.000444934
11884 0.000444852
11885 0.00044477
11886 0.000444689
11887 0.000444607
11888 0.000444525
11889 0.000444444
11890 0.000444363
11891 0.000444281
11892 0.0004442
11893 0.00044412
11894 0.000444039
11895 0.000443959
11896 0.000443879
11897 0.000443799
11898 0.000443719
11899 0.000443639
11900 0.00044356
11901 0.000443481
11902 0.000443403
11903 0.000443324
11904 0.000443246
11905 0.000443169
11906 0.000443091
11907 0.000443014
11908 0.000442938
11909 0.000442861
11910 0.000442786
11911 0.00044271
11912 0.000442635
11913 0.00044256
11914 0.000442486
11915 0.000442412
11916 0.000442338
11917 0.000442265
11918 0.000442193
11919 0.000442121
11920 0.000442049
11921 0.000441978
11922 0.000441907
11923 0.000441837
11924 0.000441767
11925 0.000441698
11926 0.000441629
11927 0.000441561
11928 0.000441494
11929 0.000441426
11930 0.00044136
11931 0.000441294
11932 0.000441228
11933 0.000441163
11934 0.000441099
11935 0.000441035
11936 0.000440972
11937 0.00044091
11938 0.000440848
11939 0.000440786
11940 0.000440725
11941 0.000440665
11942 0.000440606
11943 0.000440547
11944 0.000440488
11945 0.00044043
11946 0.000440373
11947 0.000440317
11948 0.000440261
11949 0.000440206
11950 0.000440151
11951 0.000440097
11952 0.000440044
11953 0.000439991
11954 0.000439939
11955 0.000439888
11956 0.000439837
11957 0.000439787
11958 0.000439738
11959 0.000439689
11960 0.000439641
11961 0.000439593
11962 0.000439547
11963 0.000439501
11964 0.000439455
11965 0.00043941
11966 0.000439366
11967 0.000439323
11968 0.00043928
11969 0.000439238
11970 0.000439196
11971 0.000439155
11972 0.000439115
11973 0.000439076
11974 0.000439037
11975 0.000438999
11976 0.000438961
11977 0.000438924
11978 0.000438888
11979 0.000438852
11980 0.000438817
11981 0.000438783
11982 0.000438749
11983 0.000438716
11984 0.000438683
11985 0.000438651
11986 0.00043862
11987 0.000438589
11988 0.000438559
11989 0.00043853
11990 0.000438501
11991 0.000438473
11992 0.000438445
11993 0.000438418
11994 0.000438392
11995 0.000438366
11996 0.00043834
11997 0.000438316
11998 0.000438291
11999 0.000438268
12000 0.000438245
12001 0.000438222
12002 0.0004382
12003 0.000438179
12004 0.000438158
12005 0.000438137
12006 0.000438117
12007 0.000438098
12008 0.000438079
12009 0.00043806
12010 0.000438042
12011 0.000438025
12012 0.000438008
12013 0.000437991
12014 0.000437975
12015 0.00043796
12016 0.000437944
12017 0.00043793
12018 0.000437915
12019 0.000437901
12020 0.000437888
12021 0.000437875
12022 0.000437862
12023 0.00043785
12024 0.000437838
12025 0.000437826
12026 0.000437815
12027 0.000437804
12028 0.000437794
12029 0.000437783
12030 0.000437773
12031 0.000437764
12032 0.000437755
12033 0.000437746
12034 0.000437737
12035 0.000437729
12036 0.000437721
12037 0.000437713
12038 0.000437705
12039 0.000437698
12040 0.000437691
12041 0.000437684
12042 0.000437677
12043 0.000437671
12044 0.000437665
12045 0.000437659
12046 0.000437653
12047 0.000437647
12048 0.000437642
12049 0.000437636
12050 0.000437631
12051 0.000437626
12052 0.000437621
12053 0.000437616
12054 0.000437612
12055 0.000437607
12056 0.000437603
12057 0.000437598
12058 0.000437594
12059 0.00043759
12060 0.000437586
12061 0.000437582
12062 0.000437578
12063 0.000437574
12064 0.00043757
12065 0.000437566
12066 0.000437562
12067 0.000437558
12068 0.000437554
12069 0.00043755
12070 0.000437546
12071 0.000437542
12072 0.000437538
12073 0.000437534
12074 0.00043753
12075 0.000437525
12076 0.000437521
12077 0.000437517
12078 0.000437512
12079 0.000437508
12080 0.000437503
12081 0.000437498
12082 0.000437494
12083 0.000437489
12084 0.000437484
12085 0.000437478
12086 0.000437473
12087 0.000437468
12088 0.000437462
12089 0.000437456
12090 0.00043745
12091 0.000437444
12092 0.000437438
12093 0.000437431
12094 0.000437425
12095 0.000437418
12096 0.000437411
12097 0.000437404
12098 0.000437396
12099 0.000437388
12100 0.00043738
12101 0.000437372
12102 0.000437364
12103 0.000437355
12104 0.000437346
12105 0.000437337
12106 0.000437328
12107 0.000437318
12108 0.000437309
12109 0.000437299
12110 0.000437288
12111 0.000437277
12112 0.000437267
12113 0.000437255
12114 0.000437244
12115 0.000437232
12116 0.00043722
12117 0.000437208
12118 0.000437195
12119 0.000437182
12120 0.000437169
12121 0.000437156
12122 0.000437142
12123 0.000437128
12124 0.000437113
12125 0.000437098
12126 0.000437083
12127 0.000437068
12128 0.000437052
12129 0.000437036
12130 0.00043702
12131 0.000437004
12132 0.000436987
12133 0.000436969
12134 0.000436952
12135 0.000436934
12136 0.000436916
12137 0.000436897
12138 0.000436879
12139 0.000436859
12140 0.00043684
12141 0.00043682
12142 0.0004368
12143 0.00043678
12144 0.000436759
12145 0.000436738
12146 0.000436717
12147 0.000436695
12148 0.000436673
12149 0.000436651
12150 0.000436628
12151 0.000436605
12152 0.000436582
12153 0.000436559
12154 0.000436535
12155 0.000436511
12156 0.000436487
12157 0.000436462
12158 0.000436437
12159 0.000436412
12160 0.000436386
12161 0.00043636
12162 0.000436334
12163 0.000436308
12164 0.000436281
12165 0.000436255
12166 0.000436227
12167 0.0004362
12168 0.000436172
12169 0.000436145
12170 0.000436116
12171 0.000436088
12172 0.000436059
12173 0.000436031
12174 0.000436001
12175 0.000435972
12176 0.000435943
12177 0.000435913
12178 0.000435883
12179 0.000435853
12180 0.000435822
12181 0.000435792
12182 0.000435761
12183 0.00043573
12184 0.000435699
12185 0.000435668
12186 0.000435636
12187 0.000435605
12188 0.000435573
12189 0.000435541
12190 0.000435509
12191 0.000435477
12192 0.000435444
12193 0.000435412
12194 0.000435379
12195 0.000435347
12196 0.000435314
12197 0.000435281
12198 0.000435248
12199 0.000435215
12200 0.000435181
12201 0.000435148
12202 0.000435115
12203 0.000435081
12204 0.000435048
12205 0.000435014
12206 0.000434981
12207 0.000434947
12208 0.000434914
12209 0.00043488
12210 0.000434846
12211 0.000434813
12212 0.000434779
12213 0.000434745
12214 0.000434712
12215 0.000434678
12216 0.000434644
12217 0.000434611
12218 0.000434577
12219 0.000434544
12220 0.00043451
12221 0.000434477
12222 0.000434444
12223 0.00043441
12224 0.000434377
12225 0.000434344
12226 0.000434311
12227 0.000434278
12228 0.000434245
12229 0.000434213
12230 0.00043418
12231 0.000434148
12232 0.000434115
12233 0.000434083
12234 0.000434051
12235 0.000434019
12236 0.000433988
12237 0.000433956
12238 0.000433925
12239 0.000433894
12240 0.000433863
12241 0.000433832
12242 0.000433801
12243 0.000433771
12244 0.000433741
12245 0.000433711
12246 0.000433681
12247 0.000433651
12248 0.000433622
12249 0.000433593
12250 0.000433564
12251 0.000433536
12252 0.000433507
12253 0.000433479
12254 0.000433452
12255 0.000433424
12256 0.000433397
12257 0.00043337
12258 0.000433344
12259 0.000433317
12260 0.000433291
12261 0.000433266
12262 0.00043324
12263 0.000433215
12264 0.00043319
12265 0.000433166
12266 0.000433142
12267 0.000433118
12268 0.000433095
12269 0.000433072
12270 0.000433049
12271 0.000433027
12272 0.000433005
12273 0.000432983
12274 0.000432962
12275 0.000432941
12276 0.000432921
12277 0.0004329
12278 0.000432881
12279 0.000432861
12280 0.000432842
12281 0.000432824
12282 0.000432806
12283 0.000432788
12284 0.00043277
12285 0.000432753
12286 0.000432737
12287 0.000432721
12288 0.000432705
12289 0.000432689
12290 0.000432674
12291 0.00043266
12292 0.000432646
12293 0.000432632
12294 0.000432619
12295 0.000432606
12296 0.000432593
12297 0.000432581
12298 0.00043257
12299 0.000432558
12300 0.000432548
12301 0.000432537
12302 0.000432527
12303 0.000432518
12304 0.000432509
12305 0.0004325
12306 0.000432492
12307 0.000432484
12308 0.000432477
12309 0.00043247
12310 0.000432464
12311 0.000432457
12312 0.000432452
12313 0.000432447
12314 0.000432442
12315 0.000432437
12316 0.000432433
12317 0.00043243
12318 0.000432427
12319 0.000432424
12320 0.000432422
12321 0.00043242
12322 0.000432418
12323 0.000432417
12324 0.000432417
12325 0.000432416
12326 0.000432417
12327 0.000432417
12328 0.000432418
12329 0.000432419
12330 0.000432421
12331 0.000432423
12332 0.000432426
12333 0.000432429
12334 0.000432432
12335 0.000432435
12336 0.000432439
12337 0.000432444
12338 0.000432448
12339 0.000432454
12340 0.000432459
12341 0.000432465
12342 0.000432471
12343 0.000432477
12344 0.000432484
12345 0.000432491
12346 0.000432499
12347 0.000432506
12348 0.000432515
12349 0.000432523
12350 0.000432532
12351 0.000432541
12352 0.00043255
12353 0.00043256
12354 0.00043257
12355 0.00043258
12356 0.00043259
12357 0.000432601
12358 0.000432612
12359 0.000432623
12360 0.000432635
12361 0.000432646
12362 0.000432658
12363 0.000432671
12364 0.000432683
12365 0.000432696
12366 0.000432709
12367 0.000432722
12368 0.000432735
12369 0.000432748
12370 0.000432762
12371 0.000432776
12372 0.00043279
12373 0.000432804
12374 0.000432819
12375 0.000432833
12376 0.000432848
12377 0.000432863
12378 0.000432877
12379 0.000432893
12380 0.000432908
12381 0.000432923
12382 0.000432938
12383 0.000432954
12384 0.00043297
12385 0.000432985
12386 0.000433001
12387 0.000433017
12388 0.000433033
12389 0.000433049
12390 0.000433065
12391 0.000433081
12392 0.000433097
12393 0.000433113
12394 0.000433129
12395 0.000433145
12396 0.000433161
12397 0.000433177
12398 0.000433193
12399 0.00043321
12400 0.000433226
12401 0.000433242
12402 0.000433258
12403 0.000433273
12404 0.000433289
12405 0.000433305
12406 0.000433321
12407 0.000433337
12408 0.000433352
12409 0.000433368
12410 0.000433383
12411 0.000433398
12412 0.000433413
12413 0.000433428
12414 0.000433443
12415 0.000433458
12416 0.000433473
12417 0.000433487
12418 0.000433502
12419 0.000433516
12420 0.00043353
12421 0.000433543
12422 0.000433557
12423 0.00043357
12424 0.000433584
12425 0.000433597
12426 0.000433609
12427 0.000433622
12428 0.000433634
12429 0.000433646
12430 0.000433658
12431 0.00043367
12432 0.000433681
12433 0.000433692
12434 0.000433703
12435 0.000433714
12436 0.000433724
12437 0.000433734
12438 0.000433744
12439 0.000433753
12440 0.000433762
12441 0.000433771
12442 0.000433779
12443 0.000433788
12444 0.000433795
12445 0.000433803
12446 0.00043381
12447 0.000433817
12448 0.000433823
12449 0.000433829
12450 0.000433835
12451 0.000433841
12452 0.000433846
12453 0.00043385
12454 0.000433854
12455 0.000433858
12456 0.000433862
12457 0.000433865
12458 0.000433868
12459 0.00043387
12460 0.000433872
12461 0.000433873
12462 0.000433875
12463 0.000433875
12464 0.000433875
12465 0.000433875
12466 0.000433875
12467 0.000433874
12468 0.000433872
12469 0.00043387
12470 0.000433868
12471 0.000433865
12472 0.000433862
12473 0.000433858
12474 0.000433854
12475 0.00043385
12476 0.000433845
12477 0.000433839
12478 0.000433833
12479 0.000433827
12480 0.00043382
12481 0.000433812
12482 0.000433805
12483 0.000433796
12484 0.000433788
12485 0.000433778
12486 0.000433769
12487 0.000433758
12488 0.000433748
12489 0.000433736
12490 0.000433725
12491 0.000433713
12492 0.0004337
12493 0.000433687
12494 0.000433673
12495 0.000433659
12496 0.000433645
12497 0.00043363
12498 0.000433614
12499 0.000433598
12500 0.000433582
12501 0.000433565
12502 0.000433547
12503 0.000433529
12504 0.000433511
12505 0.000433492
12506 0.000433473
12507 0.000433453
12508 0.000433432
12509 0.000433411
12510 0.00043339
12511 0.000433368
12512 0.000433346
12513 0.000433323
12514 0.0004333
12515 0.000433276
12516 0.000433252
12517 0.000433228
12518 0.000433203
12519 0.000433177
12520 0.000433151
12521 0.000433125
12522 0.000433098
12523 0.00043307
12524 0.000433042
12525 0.000433014
12526 0.000432985
12527 0.000432956
12528 0.000432927
12529 0.000432897
12530 0.000432866
12531 0.000432835
12532 0.000432804
12533 0.000432772
12534 0.00043274
12535 0.000432707
12536 0.000432674
12537 0.000432641
12538 0.000432607
12539 0.000432573
12540 0.000432538
12541 0.000432503
12542 0.000432468
12543 0.000432432
12544 0.000432396
12545 0.000432359
12546 0.000432322
12547 0.000432285
12548 0.000432247
12549 0.000432209
12550 0.000432171
12551 0.000432132
12552 0.000432093
12553 0.000432054
12554 0.000432014
12555 0.000431974
12556 0.000431934
12557 0.000431893
12558 0.000431852
12559 0.000431811
12560 0.000431769
12561 0.000431727
12562 0.000431685
12563 0.000431642
12564 0.0004316
12565 0.000431557
12566 0.000431513
12567 0.00043147
12568 0.000431426
12569 0.000431382
12570 0.000431337
12571 0.000431293
12572 0.000431248
12573 0.000431203
12574 0.000431158
12575 0.000431112
12576 0.000431066
12577 0.000431021
12578 0.000430974
12579 0.000430928
12580 0.000430882
12581 0.000430835
12582 0.000430788
12583 0.000430741
12584 0.000430694
12585 0.000430647
12586 0.000430599
12587 0.000430552
12588 0.000430504
12589 0.000430456
12590 0.000430408
12591 0.00043036
12592 0.000430311
12593 0.000430263
12594 0.000430215
12595 0.000430166
12596 0.000430117
12597 0.000430069
12598 0.00043002
12599 0.000429971
12600 0.000429922
12601 0.000429873
12602 0.000429824
12603 0.000429775
12604 0.000429726
12605 0.000429677
12606 0.000429627
12607 0.000429578
12608 0.000429529
12609 0.00042948
12610 0.00042943
12611 0.000429381
12612 0.000429332
12613 0.000429283
12614 0.000429233
12615 0.000429184
12616 0.000429135
12617 0.000429086
12618 0.000429037
12619 0.000428988
12620 0.000428939
12621 0.00042889
12622 0.000428841
12623 0.000428792
12624 0.000428744
12625 0.000428695
12626 0.000428646
12627 0.000428598
12628 0.00042855
12629 0.000428501
12630 0.000428453
12631 0.000428405
12632 0.000428357
12633 0.000428309
12634 0.000428262
12635 0.000428214
12636 0.000428167
12637 0.00042812
12638 0.000428072
12639 0.000428026
12640 0.000427979
12641 0.000427932
12642 0.000427886
12643 0.000427839
12644 0.000427793
12645 0.000427747
12646 0.000427701
12647 0.000427656
12648 0.00042761
12649 0.000427565
12650 0.00042752
12651 0.000427475
12652 0.00042743
12653 0.000427386
12654 0.000427342
12655 0.000427298
12656 0.000427254
12657 0.00042721
12658 0.000427167
12659 0.000427124
12660 0.000427081
12661 0.000427038
12662 0.000426996
12663 0.000426954
12664 0.000426912
12665 0.00042687
12666 0.000426829
12667 0.000426788
12668 0.000426747
12669 0.000426706
12670 0.000426666
12671 0.000426625
12672 0.000426586
12673 0.000426546
12674 0.000426506
12675 0.000426467
12676 0.000426429
12677 0.00042639
12678 0.000426352
12679 0.000426314
12680 0.000426276
12681 0.000426238
12682 0.000426201
12683 0.000426164
12684 0.000426128
12685 0.000426091
12686 0.000426055
12687 0.000426019
12688 0.000425984
12689 0.000425949
12690 0.000425914
12691 0.000425879
12692 0.000425845
12693 0.000425811
12694 0.000425777
12695 0.000425743
12696 0.00042571
12697 0.000425677
12698 0.000425644
12699 0.000425612
12700 0.00042558
12701 0.000425548
12702 0.000425517
12703 0.000425485
12704 0.000425454
12705 0.000425424
12706 0.000425393
12707 0.000425363
12708 0.000425334
12709 0.000425304
12710 0.000425275
12711 0.000425246
12712 0.000425217
12713 0.000425189
12714 0.000425161
12715 0.000425133
12716 0.000425105
12717 0.000425078
12718 0.000425051
12719 0.000425024
12720 0.000424998
12721 0.000424971
12722 0.000424945
12723 0.00042492
12724 0.000424894
12725 0.000424869
12726 0.000424844
12727 0.00042482
12728 0.000424795
12729 0.000424771
12730 0.000424747
12731 0.000424723
12732 0.0004247
12733 0.000424677
12734 0.000424654
12735 0.000424631
12736 0.000424609
12737 0.000424586
12738 0.000424564
12739 0.000424543
12740 0.000424521
12741 0.0004245
12742 0.000424479
12743 0.000424458
12744 0.000424437
12745 0.000424417
12746 0.000424396
12747 0.000424376
12748 0.000424356
12749 0.000424337
12750 0.000424317
12751 0.000424298
12752 0.000424279
12753 0.00042426
12754 0.000424241
12755 0.000424223
12756 0.000424204
12757 0.000424186
12758 0.000424168
12759 0.00042415
12760 0.000424132
12761 0.000424115
12762 0.000424098
12763 0.00042408
12764 0.000424063
12765 0.000424046
12766 0.00042403
12767 0.000424013
12768 0.000423996
12769 0.00042398
12770 0.000423964
12771 0.000423948
12772 0.000423932
12773 0.000423916
12774 0.0004239
12775 0.000423884
12776 0.000423869
12777 0.000423854
12778 0.000423838
12779 0.000423823
12780 0.000423808
12781 0.000423793
12782 0.000423778
12783 0.000423763
12784 0.000423748
12785 0.000423734
12786 0.000423719
12787 0.000423704
12788 0.00042369
12789 0.000423675
12790 0.000423661
12791 0.000423647
12792 0.000423633
12793 0.000423618
12794 0.000423604
12795 0.00042359
12796 0.000423576
12797 0.000423562
12798 0.000423548
12799 0.000423534
12800 0.00042352
12801 0.000423506
12802 0.000423492
12803 0.000423479
12804 0.000423465
12805 0.000423451
12806 0.000423437
12807 0.000423423
12808 0.00042341
12809 0.000423396
12810 0.000423382
12811 0.000423368
12812 0.000423355
12813 0.000423341
12814 0.000423327
12815 0.000423313
12816 0.000423299
12817 0.000423285
12818 0.000423272
12819 0.000423258
12820 0.000423244
12821 0.00042323
12822 0.000423216
12823 0.000423202
12824 0.000423188
12825 0.000423174
12826 0.00042316
12827 0.000423146
12828 0.000423131
12829 0.000423117
12830 0.000423103
12831 0.000423089
12832 0.000423074
12833 0.00042306
12834 0.000423045
12835 0.000423031
12836 0.000423016
12837 0.000423001
12838 0.000422987
12839 0.000422972
12840 0.000422957
12841 0.000422942
12842 0.000422927
12843 0.000422912
12844 0.000422897
12845 0.000422882
12846 0.000422867
12847 0.000422851
12848 0.000422836
12849 0.000422821
12850 0.000422805
12851 0.000422789
12852 0.000422774
12853 0.000422758
12854 0.000422742
12855 0.000422726
12856 0.00042271
12857 0.000422694
12858 0.000422678
12859 0.000422662
12860 0.000422646
12861 0.000422629
12862 0.000422613
12863 0.000422596
12864 0.00042258
12865 0.000422563
12866 0.000422546
12867 0.000422529
12868 0.000422513
12869 0.000422496
12870 0.000422478
12871 0.000422461
12872 0.000422444
12873 0.000422427
12874 0.000422409
12875 0.000422392
12876 0.000422374
12877 0.000422357
12878 0.000422339
12879 0.000422321
12880 0.000422303
12881 0.000422285
12882 0.000422267
12883 0.000422249
12884 0.000422231
12885 0.000422213
12886 0.000422195
12887 0.000422177
12888 0.000422158
12889 0.00042214
12890 0.000422121
12891 0.000422103
12892 0.000422084
12893 0.000422065
12894 0.000422046
12895 0.000422028
12896 0.000422009
12897 0.00042199
12898 0.000421971
12899 0.000421952
12900 0.000421933
12901 0.000421914
12902 0.000421895
12903 0.000421875
12904 0.000421856
12905 0.000421837
12906 0.000421818
12907 0.000421798
12908 0.000421779
12909 0.000421759
12910 0.00042174
12911 0.000421721
12912 0.000421701
12913 0.000421682
12914 0.000421662
12915 0.000421642
12916 0.000421623
12917 0.000421603
12918 0.000421584
12919 0.000421564
12920 0.000421544
12921 0.000421525
12922 0.000421505
12923 0.000421486
12924 0.000421466
12925 0.000421446
12926 0.000421427
12927 0.000421407
12928 0.000421388
12929 0.000421368
12930 0.000421349
12931 0.000421329
12932 0.00042131
12933 0.00042129
12934 0.000421271
12935 0.000421251
12936 0.000421232
12937 0.000421212
12938 0.000421193
12939 0.000421174
12940 0.000421155
12941 0.000421135
12942 0.000421116
12943 0.000421097
12944 0.000421078
12945 0.000421059
12946 0.00042104
12947 0.000421021
12948 0.000421003
12949 0.000420984
12950 0.000420965
12951 0.000420947
12952 0.000420928
12953 0.00042091
12954 0.000420891
12955 0.000420873
12956 0.000420855
12957 0.000420837
12958 0.000420819
12959 0.000420801
12960 0.000420783
12961 0.000420765
12962 0.000420748
12963 0.00042073
12964 0.000420713
12965 0.000420695
12966 0.000420678
12967 0.000420661
12968 0.000420644
12969 0.000420627
12970 0.00042061
12971 0.000420594
12972 0.000420577
12973 0.000420561
12974 0.000420545
12975 0.000420528
12976 0.000420512
12977 0.000420497
12978 0.000420481
12979 0.000420465
12980 0.00042045
12981 0.000420434
12982 0.000420419
12983 0.000420404
12984 0.000420389
12985 0.000420375
12986 0.00042036
12987 0.000420346
12988 0.000420331
12989 0.000420317
12990 0.000420303
12991 0.000420289
12992 0.000420276
12993 0.000420262
12994 0.000420249
12995 0.000420236
12996 0.000420223
12997 0.00042021
12998 0.000420197
12999 0.000420185
13000 0.000420172
13001 0.00042016
13002 0.000420148
13003 0.000420137
13004 0.000420125
13005 0.000420113
13006 0.000420102
13007 0.000420091
13008 0.00042008
13009 0.000420069
13010 0.000420059
13011 0.000420049
13012 0.000420038
13013 0.000420028
13014 0.000420018
13015 0.000420009
13016 0.000419999
13017 0.00041999
13018 0.000419981
13019 0.000419972
13020 0.000419963
13021 0.000419955
13022 0.000419947
13023 0.000419938
13024 0.00041993
13025 0.000419923
13026 0.000419915
13027 0.000419908
13028 0.0004199
13029 0.000419893
13030 0.000419886
13031 0.00041988
13032 0.000419873
13033 0.000419867
13034 0.000419861
13035 0.000419855
13036 0.000419849
13037 0.000419844
13038 0.000419838
13039 0.000419833
13040 0.000419828
13041 0.000419823
13042 0.000419818
13043 0.000419814
13044 0.00041981
13045 0.000419805
13046 0.000419801
13047 0.000419798
13048 0.000419794
13049 0.000419791
13050 0.000419787
13051 0.000419784
13052 0.000419781
13053 0.000419778
13054 0.000419776
13055 0.000419773
13056 0.000419771
13057 0.000419769
13058 0.000419767
13059 0.000419765
13060 0.000419763
13061 0.000419762
13062 0.00041976
13063 0.000419759
13064 0.000419758
13065 0.000419757
13066 0.000419756
13067 0.000419755
13068 0.000419755
13069 0.000419754
13070 0.000419754
13071 0.000419754
13072 0.000419754
13073 0.000419754
13074 0.000419754
13075 0.000419755
13076 0.000419755
13077 0.000419756
13078 0.000419756
13079 0.000419757
13080 0.000419758
13081 0.000419759
13082 0.00041976
13083 0.000419762
13084 0.000419763
13085 0.000419764
13086 0.000419766
13087 0.000419767
13088 0.000419769
13089 0.000419771
13090 0.000419773
13091 0.000419775
13092 0.000419776
13093 0.000419779
13094 0.000419781
13095 0.000419783
13096 0.000419785
13097 0.000419787
13098 0.00041979
13099 0.000419792
13100 0.000419795
13101 0.000419797
13102 0.0004198
13103 0.000419802
13104 0.000419805
13105 0.000419808
13106 0.00041981
13107 0.000419813
13108 0.000419816
13109 0.000419818
13110 0.000419821
13111 0.000419824
13112 0.000419827
13113 0.00041983
13114 0.000419832
13115 0.000419835
13116 0.000419838
13117 0.000419841
13118 0.000419844
13119 0.000419846
13120 0.000419849
13121 0.000419852
13122 0.000419855
13123 0.000419857
13124 0.00041986
13125 0.000419862
13126 0.000419865
13127 0.000419868
13128 0.00041987
13129 0.000419872
13130 0.000419875
13131 0.000419877
13132 0.000419879
13133 0.000419882
13134 0.000419884
13135 0.000419886
13136 0.000419888
13137 0.00041989
13138 0.000419892
13139 0.000419893
13140 0.000419895
13141 0.000419897
13142 0.000419898
13143 0.0004199
13144 0.000419901
13145 0.000419902
13146 0.000419903
13147 0.000419904
13148 0.000419905
13149 0.000419906
13150 0.000419906
13151 0.000419907
13152 0.000419907
13153 0.000419908
13154 0.000419908
13155 0.000419908
13156 0.000419908
13157 0.000419907
13158 0.000419907
13159 0.000419906
13160 0.000419906
13161 0.000419905
13162 0.000419904
13163 0.000419903
13164 0.000419901
13165 0.0004199
13166 0.000419898
13167 0.000419896
13168 0.000419894
13169 0.000419892
13170 0.00041989
13171 0.000419887
13172 0.000419885
13173 0.000419882
13174 0.000419879
13175 0.000419876
13176 0.000419872
13177 0.000419869
13178 0.000419865
13179 0.000419861
13180 0.000419857
13181 0.000419852
13182 0.000419848
13183 0.000419843
13184 0.000419838
13185 0.000419832
13186 0.000419827
13187 0.000419821
13188 0.000419816
13189 0.000419809
13190 0.000419803
13191 0.000419797
13192 0.00041979
13193 0.000419783
13194 0.000419776
13195 0.000419768
13196 0.000419761
13197 0.000419753
13198 0.000419745
13199 0.000419737
13200 0.000419728
13201 0.000419719
13202 0.00041971
13203 0.000419701
13204 0.000419692
13205 0.000419682
13206 0.000419672
13207 0.000419662
13208 0.000419651
13209 0.000419641
13210 0.00041963
13211 0.000419619
13212 0.000419607
13213 0.000419595
13214 0.000419584
13215 0.000419571
13216 0.000419559
13217 0.000419546
13218 0.000419534
13219 0.00041952
13220 0.000419507
13221 0.000419494
13222 0.00041948
13223 0.000419466
13224 0.000419451
13225 0.000419437
13226 0.000419422
13227 0.000419407
13228 0.000419391
13229 0.000419376
13230 0.00041936
13231 0.000419344
13232 0.000419328
13233 0.000419311
13234 0.000419294
13235 0.000419277
13236 0.00041926
13237 0.000419242
13238 0.000419225
13239 0.000419207
13240 0.000419188
13241 0.00041917
13242 0.000419151
13243 0.000419132
13244 0.000419113
13245 0.000419094
13246 0.000419074
13247 0.000419054
13248 0.000419034
13249 0.000419013
13250 0.000418993
13251 0.000418972
13252 0.000418951
13253 0.00041893
13254 0.000418908
13255 0.000418886
13256 0.000418864
13257 0.000418842
13258 0.00041882
13259 0.000418797
13260 0.000418774
13261 0.000418751
13262 0.000418728
13263 0.000418704
13264 0.000418681
13265 0.000418657
13266 0.000418633
13267 0.000418608
13268 0.000418584
13269 0.000418559
13270 0.000418534
13271 0.000418509
13272 0.000418484
13273 0.000418458
13274 0.000418432
13275 0.000418407
13276 0.000418381
13277 0.000418354
13278 0.000418328
13279 0.000418301
13280 0.000418274
13281 0.000418247
13282 0.00041822
13283 0.000418193
13284 0.000418166
13285 0.000418138
13286 0.00041811
13287 0.000418082
13288 0.000418054
13289 0.000418026
13290 0.000417997
13291 0.000417969
13292 0.00041794
13293 0.000417911
13294 0.000417882
13295 0.000417853
13296 0.000417824
13297 0.000417794
13298 0.000417765
13299 0.000417735
13300 0.000417705
13301 0.000417675
13302 0.000417645
13303 0.000417615
13304 0.000417584
13305 0.000417554
13306 0.000417524
13307 0.000417493
13308 0.000417462
13309 0.000417431
13310 0.0004174
13311 0.000417369
13312 0.000417338
13313 0.000417307
13314 0.000417276
13315 0.000417244
13316 0.000417213
13317 0.000417181
13318 0.00041715
13319 0.000417118
13320 0.000417086
13321 0.000417054
13322 0.000417022
13323 0.00041699
13324 0.000416958
13325 0.000416926
13326 0.000416894
13327 0.000416862
13328 0.00041683
13329 0.000416797
13330 0.000416765
13331 0.000416733
13332 0.0004167
13333 0.000416668
13334 0.000416636
13335 0.000416603
13336 0.000416571
13337 0.000416538
13338 0.000416505
13339 0.000416473
13340 0.00041644
13341 0.000416408
13342 0.000416375
13343 0.000416343
13344 0.00041631
13345 0.000416277
13346 0.000416245
13347 0.000416212
13348 0.00041618
13349 0.000416147
13350 0.000416114
13351 0.000416082
13352 0.000416049
13353 0.000416017
13354 0.000415984
13355 0.000415952
13356 0.000415919
13357 0.000415887
13358 0.000415855
13359 0.000415822
13360 0.00041579
13361 0.000415758
13362 0.000415726
13363 0.000415693
13364 0.000415661
13365 0.000415629
13366 0.000415597
13367 0.000415565
13368 0.000415533
13369 0.000415501
13370 0.00041547
13371 0.000415438
13372 0.000415406
13373 0.000415375
13374 0.000415343
13375 0.000415312
13376 0.00041528
13377 0.000415249
13378 0.000415218
13379 0.000415187
13380 0.000415156
13381 0.000415125
13382 0.000415094
13383 0.000415063
13384 0.000415032
13385 0.000415002
13386 0.000414971
13387 0.000414941
13388 0.00041491
13389 0.00041488
13390 0.00041485
13391 0.00041482
13392 0.00041479
13393 0.00041476
13394 0.00041473
13395 0.0004147
13396 0.000414671
13397 0.000414641
13398 0.000414612
13399 0.000414583
13400 0.000414554
13401 0.000414525
13402 0.000414496
13403 0.000414467
13404 0.000414438
13405 0.00041441
13406 0.000414381
13407 0.000414353
13408 0.000414325
13409 0.000414297
13410 0.000414269
13411 0.000414241
13412 0.000414213
13413 0.000414186
13414 0.000414158
13415 0.000414131
13416 0.000414104
13417 0.000414076
13418 0.000414049
13419 0.000414023
13420 0.000413996
13421 0.000413969
13422 0.000413943
13423 0.000413917
13424 0.00041389
13425 0.000413864
13426 0.000413838
13427 0.000413812
13428 0.000413787
13429 0.000413761
13430 0.000413736
13431 0.00041371
13432 0.000413685
13433 0.00041366
13434 0.000413635
13435 0.000413611
13436 0.000413586
13437 0.000413561
13438 0.000413537
13439 0.000413513
13440 0.000413489
13441 0.000413465
13442 0.000413441
13443 0.000413417
13444 0.000413393
13445 0.00041337
13446 0.000413346
13447 0.000413323
13448 0.0004133
13449 0.000413277
13450 0.000413254
13451 0.000413231
13452 0.000413209
13453 0.000413186
13454 0.000413164
13455 0.000413142
13456 0.00041312
13457 0.000413098
13458 0.000413076
13459 0.000413054
13460 0.000413032
13461 0.000413011
13462 0.00041299
13463 0.000412968
13464 0.000412947
13465 0.000412926
13466 0.000412905
13467 0.000412884
13468 0.000412864
13469 0.000412843
13470 0.000412823
13471 0.000412802
13472 0.000412782
13473 0.000412762
13474 0.000412742
13475 0.000412722
13476 0.000412702
13477 0.000412682
13478 0.000412663
13479 0.000412643
13480 0.000412624
13481 0.000412604
13482 0.000412585
13483 0.000412566
13484 0.000412547
13485 0.000412528
13486 0.000412509
13487 0.000412491
13488 0.000412472
13489 0.000412454
13490 0.000412435
13491 0.000412417
13492 0.000412398
13493 0.00041238
13494 0.000412362
13495 0.000412344
13496 0.000412326
13497 0.000412308
13498 0.000412291
13499 0.000412273
13500 0.000412255
13501 0.000412238
13502 0.00041222
13503 0.000412203
13504 0.000412186
13505 0.000412168
13506 0.000412151
13507 0.000412134
13508 0.000412117
13509 0.0004121
13510 0.000412083
13511 0.000412067
13512 0.00041205
13513 0.000412033
13514 0.000412016
13515 0.000412
13516 0.000411983
13517 0.000411967
13518 0.00041195
13519 0.000411934
13520 0.000411918
13521 0.000411902
13522 0.000411885
13523 0.000411869
13524 0.000411853
13525 0.000411837
13526 0.000411821
13527 0.000411805
13528 0.000411789
13529 0.000411773
13530 0.000411758
13531 0.000411742
13532 0.000411726
13533 0.00041171
13534 0.000411695
13535 0.000411679
13536 0.000411664
13537 0.000411648
13538 0.000411633
13539 0.000411617
13540 0.000411602
13541 0.000411586
13542 0.000411571
13543 0.000411555
13544 0.00041154
13545 0.000411525
13546 0.000411509
13547 0.000411494
13548 0.000411479
13549 0.000411464
13550 0.000411449
13551 0.000411433
13552 0.000411418
13553 0.000411403
13554 0.000411388
13555 0.000411373
13556 0.000411358
13557 0.000411343
13558 0.000411328
13559 0.000411313
13560 0.000411298
13561 0.000411283
13562 0.000411268
13563 0.000411253
13564 0.000411238
13565 0.000411223
13566 0.000411208
13567 0.000411193
13568 0.000411178
13569 0.000411163
13570 0.000411148
13571 0.000411134
13572 0.000411119
13573 0.000411104
13574 0.000411089
13575 0.000411074
13576 0.000411059
13577 0.000411044
13578 0.00041103
13579 0.000411015
13580 0.000411
13581 0.000410985
13582 0.00041097
13583 0.000410955
13584 0.000410941
13585 0.000410926
13586 0.000410911
13587 0.000410896
13588 0.000410881
13589 0.000410867
13590 0.000410852
13591 0.000410837
13592 0.000410822
13593 0.000410808
13594 0.000410793
13595 0.000410778
13596 0.000410763
13597 0.000410749
13598 0.000410734
13599 0.000410719
13600 0.000410704
13601 0.00041069
13602 0.000410675
13603 0.00041066
13604 0.000410645
13605 0.000410631
13606 0.000410616
13607 0.000410601
13608 0.000410587
13609 0.000410572
13610 0.000410557
13611 0.000410543
13612 0.000410528
13613 0.000410513
13614 0.000410499
13615 0.000410484
13616 0.000410469
13617 0.000410455
13618 0.00041044
13619 0.000410425
13620 0.000410411
13621 0.000410396
13622 0.000410382
13623 0.000410367
13624 0.000410352
13625 0.000410338
13626 0.000410323
13627 0.000410309
13628 0.000410294
13629 0.00041028
13630 0.000410265
13631 0.000410251
13632 0.000410237
13633 0.000410222
13634 0.000410208
13635 0.000410193
13636 0.000410179
13637 0.000410165
13638 0.00041015
13639 0.000410136
13640 0.000410122
13641 0.000410108
13642 0.000410093
13643 0.000410079
13644 0.000410065
13645 0.000410051
13646 0.000410037
13647 0.000410023
13648 0.000410009
13649 0.000409994
13650 0.000409981
13651 0.000409967
13652 0.000409953
13653 0.000409939
13654 0.000409925
13655 0.000409911
13656 0.000409897
13657 0.000409883
13658 0.00040987
13659 0.000409856
13660 0.000409842
13661 0.000409829
13662 0.000409815
13663 0.000409802
13664 0.000409788
13665 0.000409775
13666 0.000409761
13667 0.000409748
13668 0.000409735
13669 0.000409722
13670 0.000409708
13671 0.000409695
13672 0.000409682
13673 0.000409669
13674 0.000409656
13675 0.000409643
13676 0.00040963
13677 0.000409617
13678 0.000409605
13679 0.000409592
13680 0.000409579
13681 0.000409567
13682 0.000409554
13683 0.000409542
13684 0.000409529
13685 0.000409517
13686 0.000409505
13687 0.000409492
13688 0.00040948
13689 0.000409468
13690 0.000409456
13691 0.000409444
13692 0.000409432
13693 0.00040942
13694 0.000409408
13695 0.000409397
13696 0.000409385
13697 0.000409373
13698 0.000409362
13699 0.00040935
13700 0.000409339
13701 0.000409328
13702 0.000409317
13703 0.000409305
13704 0.000409294
13705 0.000409283
13706 0.000409272
13707 0.000409262
13708 0.000409251
13709 0.00040924
13710 0.00040923
13711 0.000409219
13712 0.000409209
13713 0.000409198
13714 0.000409188
13715 0.000409178
13716 0.000409168
13717 0.000409158
13718 0.000409148
13719 0.000409138
13720 0.000409128
13721 0.000409118
13722 0.000409108
13723 0.000409099
13724 0.000409089
13725 0.00040908
13726 0.000409071
13727 0.000409062
13728 0.000409052
13729 0.000409043
13730 0.000409034
13731 0.000409025
13732 0.000409017
13733 0.000409008
13734 0.000408999
13735 0.000408991
13736 0.000408982
13737 0.000408974
13738 0.000408966
13739 0.000408957
13740 0.000408949
13741 0.000408941
13742 0.000408933
13743 0.000408926
13744 0.000408918
13745 0.00040891
13746 0.000408902
13747 0.000408895
13748 0.000408887
13749 0.00040888
13750 0.000408873
13751 0.000408866
13752 0.000408859
13753 0.000408852
13754 0.000408845
13755 0.000408838
13756 0.000408831
13757 0.000408824
13758 0.000408818
13759 0.000408811
13760 0.000408805
13761 0.000408798
13762 0.000408792
13763 0.000408786
13764 0.00040878
13765 0.000408774
13766 0.000408768
13767 0.000408762
13768 0.000408756
13769 0.00040875
13770 0.000408744
13771 0.000408739
13772 0.000408733
13773 0.000408728
13774 0.000408722
13775 0.000408717
13776 0.000408712
13777 0.000408707
13778 0.000408702
13779 0.000408697
13780 0.000408692
13781 0.000408687
13782 0.000408682
13783 0.000408677
13784 0.000408672
13785 0.000408668
13786 0.000408663
13787 0.000408658
13788 0.000408654
13789 0.000408649
13790 0.000408645
13791 0.000408641
13792 0.000408637
13793 0.000408632
13794 0.000408628
13795 0.000408624
13796 0.00040862
13797 0.000408616
13798 0.000408612
13799 0.000408608
13800 0.000408604
13801 0.0004086
13802 0.000408597
13803 0.000408593
13804 0.000408589
13805 0.000408585
13806 0.000408582
13807 0.000408578
13808 0.000408575
13809 0.000408571
13810 0.000408568
13811 0.000408564
13812 0.000408561
13813 0.000408557
13814 0.000408554
13815 0.00040855
13816 0.000408547
13817 0.000408544
13818 0.00040854
13819 0.000408537
13820 0.000408534
13821 0.000408531
13822 0.000408527
13823 0.000408524
13824 0.000408521
13825 0.000408518
13826 0.000408514
13827 0.000408511
13828 0.000408508
13829 0.000408505
13830 0.000408502
13831 0.000408498
13832 0.000408495
13833 0.000408492
13834 0.000408489
13835 0.000408486
13836 0.000408482
13837 0.000408479
13838 0.000408476
13839 0.000408473
13840 0.000408469
13841 0.000408466
13842 0.000408463
13843 0.000408459
13844 0.000408456
13845 0.000408453
13846 0.000408449
13847 0.000408446
13848 0.000408442
13849 0.000408439
13850 0.000408435
13851 0.000408432
13852 0.000408428
13853 0.000408425
13854 0.000408421
13855 0.000408417
13856 0.000408414
13857 0.00040841
13858 0.000408406
13859 0.000408402
13860 0.000408398
13861 0.000408394
13862 0.00040839
13863 0.000408386
13864 0.000408382
13865 0.000408378
13866 0.000408374
13867 0.000408369
13868 0.000408365
13869 0.00040836
13870 0.000408356
13871 0.000408351
13872 0.000408347
13873 0.000408342
13874 0.000408337
13875 0.000408333
13876 0.000408328
13877 0.000408323
13878 0.000408318
13879 0.000408313
13880 0.000408307
13881 0.000408302
13882 0.000408297
13883 0.000408291
13884 0.000408286
13885 0.00040828
13886 0.000408275
13887 0.000408269
13888 0.000408263
13889 0.000408257
13890 0.000408251
13891 0.000408245
13892 0.000408239
13893 0.000408232
13894 0.000408226
13895 0.000408219
13896 0.000408213
13897 0.000408206
13898 0.000408199
13899 0.000408192
13900 0.000408185
13901 0.000408178
13902 0.000408171
13903 0.000408163
13904 0.000408156
13905 0.000408149
13906 0.000408141
13907 0.000408133
13908 0.000408125
13909 0.000408117
13910 0.000408109
13911 0.000408101
13912 0.000408093
13913 0.000408084
13914 0.000408076
13915 0.000408067
13916 0.000408058
13917 0.000408049
13918 0.00040804
13919 0.000408031
13920 0.000408022
13921 0.000408012
13922 0.000408003
13923 0.000407993
13924 0.000407983
13925 0.000407973
13926 0.000407963
13927 0.000407953
13928 0.000407943
13929 0.000407933
13930 0.000407922
13931 0.000407911
13932 0.000407901
13933 0.00040789
13934 0.000407879
13935 0.000407868
13936 0.000407856
13937 0.000407845
13938 0.000407833
13939 0.000407822
13940 0.00040781
13941 0.000407798
13942 0.000407786
13943 0.000407774
13944 0.000407761
13945 0.000407749
13946 0.000407736
13947 0.000407723
13948 0.000407711
13949 0.000407698
13950 0.000407684
13951 0.000407671
13952 0.000407658
13953 0.000407644
13954 0.000407631
13955 0.000407617
13956 0.000407603
13957 0.000407589
13958 0.000407575
13959 0.00040756
13960 0.000407546
13961 0.000407531
13962 0.000407517
13963 0.000407502
13964 0.000407487
13965 0.000407472
13966 0.000407457
13967 0.000407441
13968 0.000407426
13969 0.00040741
13970 0.000407395
13971 0.000407379
13972 0.000407363
13973 0.000407347
13974 0.00040733
13975 0.000407314
13976 0.000407298
13977 0.000407281
13978 0.000407264
13979 0.000407247
13980 0.00040723
13981 0.000407213
13982 0.000407196
13983 0.000407179
13984 0.000407161
13985 0.000407144
13986 0.000407126
13987 0.000407108
13988 0.00040709
13989 0.000407072
13990 0.000407054
13991 0.000407036
13992 0.000407018
13993 0.000406999
13994 0.000406981
13995 0.000406962
13996 0.000406943
13997 0.000406924
13998 0.000406905
13999 0.000406886
14000 0.000406867
14001 0.000406847
14002 0.000406828
14003 0.000406808
14004 0.000406789
14005 0.000406769
14006 0.000406749
14007 0.000406729
14008 0.000406709
14009 0.000406689
14010 0.000406669
14011 0.000406648
14012 0.000406628
14013 0.000406607
14014 0.000406587
14015 0.000406566
14016 0.000406545
14017 0.000406525
14018 0.000406504
14019 0.000406483
14020 0.000406461
14021 0.00040644
14022 0.000406419
14023 0.000406398
14024 0.000406376
14025 0.000406355
14026 0.000406333
14027 0.000406311
14028 0.00040629
14029 0.000406268
14030 0.000406246
14031 0.000406224
14032 0.000406202
14033 0.00040618
14034 0.000406158
14035 0.000406136
14036 0.000406113
14037 0.000406091
14038 0.000406069
14039 0.000406046
14040 0.000406024
14041 0.000406001
14042 0.000405979
14043 0.000405956
14044 0.000405933
14045 0.000405911
14046 0.000405888
14047 0.000405865
14048 0.000405842
14049 0.000405819
14050 0.000405796
14051 0.000405773
14052 0.00040575
14053 0.000405727
14054 0.000405704
14055 0.000405681
14056 0.000405658
14057 0.000405634
14058 0.000405611
14059 0.000405588
14060 0.000405564
14061 0.000405541
14062 0.000405518
14063 0.000405494
14064 0.000405471
14065 0.000405448
14066 0.000405424
14067 0.000405401
14068 0.000405377
14069 0.000405354
14070 0.00040533
14071 0.000405307
14072 0.000405283
14073 0.000405259
14074 0.000405236
14075 0.000405212
14076 0.000405189
14077 0.000405165
14078 0.000405142
14079 0.000405118
14080 0.000405094
14081 0.000405071
14082 0.000405047
14083 0.000405024
14084 0.000405
14085 0.000404976
14086 0.000404953
14087 0.000404929
14088 0.000404906
14089 0.000404882
14090 0.000404859
14091 0.000404835
14092 0.000404812
14093 0.000404788
14094 0.000404765
14095 0.000404741
14096 0.000404718
14097 0.000404694
14098 0.000404671
14099 0.000404647
14100 0.000404624
14101 0.000404601
14102 0.000404577
14103 0.000404554
14104 0.000404531
14105 0.000404508
14106 0.000404484
14107 0.000404461
14108 0.000404438
14109 0.000404415
14110 0.000404392
14111 0.000404369
14112 0.000404346
14113 0.000404323
14114 0.0004043
14115 0.000404277
14116 0.000404254
14117 0.000404231
14118 0.000404208
14119 0.000404186
14120 0.000404163
14121 0.00040414
14122 0.000404118
14123 0.000404095
14124 0.000404073
14125 0.00040405
14126 0.000404028
14127 0.000404005
14128 0.000403983
14129 0.000403961
14130 0.000403938
14131 0.000403916
14132 0.000403894
14133 0.000403872
14134 0.00040385
14135 0.000403828
14136 0.000403806
14137 0.000403784
14138 0.000403762
14139 0.00040374
14140 0.000403718
14141 0.000403697
14142 0.000403675
14143 0.000403654
14144 0.000403632
14145 0.000403611
14146 0.000403589
14147 0.000403568
14148 0.000403547
14149 0.000403525
14150 0.000403504
14151 0.000403483
14152 0.000403462
14153 0.000403441
14154 0.00040342
14155 0.000403399
14156 0.000403378
14157 0.000403358
14158 0.000403337
14159 0.000403316
14160 0.000403296
14161 0.000403275
14162 0.000403255
14163 0.000403235
14164 0.000403214
14165 0.000403194
14166 0.000403174
14167 0.000403154
14168 0.000403134
14169 0.000403114
14170 0.000403094
14171 0.000403074
14172 0.000403054
14173 0.000403034
14174 0.000403015
14175 0.000402995
14176 0.000402975
14177 0.000402956
14178 0.000402936
14179 0.000402917
14180 0.000402898
14181 0.000402879
14182 0.000402859
14183 0.00040284
14184 0.000402821
14185 0.000402802
14186 0.000402783
14187 0.000402765
14188 0.000402746
14189 0.000402727
14190 0.000402708
14191 0.00040269
14192 0.000402671
14193 0.000402653
14194 0.000402634
14195 0.000402616
14196 0.000402598
14197 0.000402579
14198 0.000402561
14199 0.000402543
14200 0.000402525
14201 0.000402507
14202 0.000402489
14203 0.000402471
14204 0.000402454
14205 0.000402436
14206 0.000402418
14207 0.0004024
14208 0.000402383
14209 0.000402365
14210 0.000402348
14211 0.000402331
14212 0.000402313
14213 0.000402296
14214 0.000402279
14215 0.000402262
14216 0.000402244
14217 0.000402227
14218 0.00040221
14219 0.000402193
14220 0.000402177
14221 0.00040216
14222 0.000402143
14223 0.000402126
14224 0.00040211
14225 0.000402093
14226 0.000402076
14227 0.00040206
14228 0.000402043
14229 0.000402027
14230 0.000402011
14231 0.000401994
14232 0.000401978
14233 0.000401962
14234 0.000401946
14235 0.00040193
14236 0.000401914
14237 0.000401898
14238 0.000401882
14239 0.000401866
14240 0.00040185
14241 0.000401834
14242 0.000401818
14243 0.000401802
14244 0.000401787
14245 0.000401771
14246 0.000401756
14247 0.00040174
14248 0.000401724
14249 0.000401709
14250 0.000401694
14251 0.000401678
14252 0.000401663
14253 0.000401648
14254 0.000401632
14255 0.000401617
14256 0.000401602
14257 0.000401587
14258 0.000401572
14259 0.000401557
14260 0.000401542
14261 0.000401527
14262 0.000401512
14263 0.000401497
14264 0.000401482
14265 0.000401467
14266 0.000401452
14267 0.000401438
14268 0.000401423
14269 0.000401408
14270 0.000401394
14271 0.000401379
14272 0.000401365
14273 0.00040135
14274 0.000401336
14275 0.000401321
14276 0.000401307
14277 0.000401292
14278 0.000401278
14279 0.000401264
14280 0.000401249
14281 0.000401235
14282 0.000401221
14283 0.000401207
14284 0.000401192
14285 0.000401178
14286 0.000401164
14287 0.00040115
14288 0.000401136
14289 0.000401122
14290 0.000401108
14291 0.000401094
14292 0.00040108
14293 0.000401066
14294 0.000401052
14295 0.000401039
14296 0.000401025
14297 0.000401011
14298 0.000400997
14299 0.000400984
14300 0.00040097
14301 0.000400956
14302 0.000400943
14303 0.000400929
14304 0.000400915
14305 0.000400902
14306 0.000400888
14307 0.000400875
14308 0.000400861
14309 0.000400848
14310 0.000400835
14311 0.000400821
14312 0.000400808
14313 0.000400794
14314 0.000400781
14315 0.000400768
14316 0.000400755
14317 0.000400741
14318 0.000400728
14319 0.000400715
14320 0.000400702
14321 0.000400689
14322 0.000400676
14323 0.000400663
14324 0.00040065
14325 0.000400636
14326 0.000400623
14327 0.000400611
14328 0.000400598
14329 0.000400585
14330 0.000400572
14331 0.000400559
14332 0.000400546
14333 0.000400533
14334 0.00040052
14335 0.000400508
14336 0.000400495
14337 0.000400482
14338 0.00040047
14339 0.000400457
14340 0.000400444
14341 0.000400432
14342 0.000400419
14343 0.000400407
14344 0.000400394
14345 0.000400382
14346 0.000400369
14347 0.000400357
14348 0.000400344
14349 0.000400332
14350 0.00040032
14351 0.000400307
14352 0.000400295
14353 0.000400283
14354 0.000400271
14355 0.000400258
14356 0.000400246
14357 0.000400234
14358 0.000400222
14359 0.00040021
14360 0.000400198
14361 0.000400186
14362 0.000400174
14363 0.000400162
14364 0.00040015
14365 0.000400138
14366 0.000400126
14367 0.000400114
14368 0.000400102
14369 0.000400091
14370 0.000400079
14371 0.000400067
14372 0.000400056
14373 0.000400044
14374 0.000400032
14375 0.000400021
14376 0.000400009
14377 0.000399998
14378 0.000399986
14379 0.000399975
14380 0.000399963
14381 0.000399952
14382 0.000399941
14383 0.000399929
14384 0.000399918
14385 0.000399907
14386 0.000399896
14387 0.000399884
14388 0.000399873
14389 0.000399862
14390 0.000399851
14391 0.00039984
14392 0.000399829
14393 0.000399818
14394 0.000399807
14395 0.000399796
14396 0.000399786
14397 0.000399775
14398 0.000399764
14399 0.000399753
14400 0.000399743
14401 0.000399732
14402 0.000399721
14403 0.000399711
14404 0.0003997
14405 0.00039969
14406 0.000399679
14407 0.000399669
14408 0.000399659
14409 0.000399648
14410 0.000399638
14411 0.000399628
14412 0.000399618
14413 0.000399608
14414 0.000399597
14415 0.000399587
14416 0.000399577
14417 0.000399567
14418 0.000399557
14419 0.000399547
14420 0.000399538
14421 0.000399528
14422 0.000399518
14423 0.000399508
14424 0.000399499
14425 0.000399489
14426 0.000399479
14427 0.00039947
14428 0.00039946
14429 0.000399451
14430 0.000399441
14431 0.000399432
14432 0.000399423
14433 0.000399413
14434 0.000399404
14435 0.000399395
14436 0.000399386
14437 0.000399377
14438 0.000399368
14439 0.000399359
14440 0.00039935
14441 0.000399341
14442 0.000399332
14443 0.000399323
14444 0.000399314
14445 0.000399305
14446 0.000399297
14447 0.000399288
14448 0.000399279
14449 0.000399271
14450 0.000399262
14451 0.000399254
14452 0.000399245
14453 0.000399237
14454 0.000399228
14455 0.00039922
14456 0.000399212
14457 0.000399203
14458 0.000399195
14459 0.000399187
14460 0.000399179
14461 0.000399171
14462 0.000399163
14463 0.000399155
14464 0.000399147
14465 0.000399139
14466 0.000399131
14467 0.000399123
14468 0.000399116
14469 0.000399108
14470 0.0003991
14471 0.000399092
14472 0.000399085
14473 0.000399077
14474 0.00039907
14475 0.000399062
14476 0.000399055
14477 0.000399047
14478 0.00039904
14479 0.000399033
14480 0.000399025
14481 0.000399018
14482 0.000399011
14483 0.000399004
14484 0.000398997
14485 0.000398989
14486 0.000398982
14487 0.000398975
14488 0.000398968
14489 0.000398961
14490 0.000398954
14491 0.000398947
14492 0.000398941
14493 0.000398934
14494 0.000398927
14495 0.00039892
14496 0.000398913
14497 0.000398907
14498 0.0003989
14499 0.000398893
14500 0.000398887
14501 0.00039888
14502 0.000398874
14503 0.000398867
14504 0.00039886
14505 0.000398854
14506 0.000398848
14507 0.000398841
14508 0.000398835
14509 0.000398828
14510 0.000398822
14511 0.000398816
14512 0.000398809
14513 0.000398803
14514 0.000398797
14515 0.00039879
14516 0.000398784
14517 0.000398778
14518 0.000398772
14519 0.000398766
14520 0.00039876
14521 0.000398753
14522 0.000398747
14523 0.000398741
14524 0.000398735
14525 0.000398729
14526 0.000398723
14527 0.000398717
14528 0.000398711
14529 0.000398705
14530 0.000398699
14531 0.000398693
14532 0.000398687
14533 0.000398681
14534 0.000398675
14535 0.000398669
14536 0.000398663
14537 0.000398657
14538 0.000398651
14539 0.000398645
14540 0.000398639
14541 0.000398633
14542 0.000398627
14543 0.000398621
14544 0.000398615
14545 0.00039861
14546 0.000398604
14547 0.000398598
14548 0.000398592
14549 0.000398586
14550 0.00039858
14551 0.000398574
14552 0.000398568
14553 0.000398562
14554 0.000398556
14555 0.00039855
14556 0.000398544
14557 0.000398538
14558 0.000398532
14559 0.000398526
14560 0.00039852
14561 0.000398514
14562 0.000398508
14563 0.000398502
14564 0.000398496
14565 0.00039849
14566 0.000398484
14567 0.000398477
14568 0.000398471
14569 0.000398465
14570 0.000398459
14571 0.000398453
14572 0.000398446
14573 0.00039844
14574 0.000398434
14575 0.000398428
14576 0.000398421
14577 0.000398415
14578 0.000398408
14579 0.000398402
14580 0.000398396
14581 0.000398389
14582 0.000398383
14583 0.000398376
14584 0.000398369
14585 0.000398363
14586 0.000398356
14587 0.00039835
14588 0.000398343
14589 0.000398336
14590 0.000398329
14591 0.000398323
14592 0.000398316
14593 0.000398309
14594 0.000398302
14595 0.000398295
14596 0.000398288
14597 0.000398281
14598 0.000398274
14599 0.000398267
14600 0.000398259
14601 0.000398252
14602 0.000398245
14603 0.000398238
14604 0.00039823
14605 0.000398223
14606 0.000398215
14607 0.000398208
14608 0.0003982
14609 0.000398193
14610 0.000398185
14611 0.000398177
14612 0.00039817
14613 0.000398162
14614 0.000398154
14615 0.000398146
14616 0.000398138
14617 0.00039813
14618 0.000398122
14619 0.000398114
14620 0.000398106
14621 0.000398097
14622 0.000398089
14623 0.000398081
14624 0.000398072
14625 0.000398064
14626 0.000398055
14627 0.000398047
14628 0.000398038
14629 0.000398029
14630 0.00039802
14631 0.000398012
14632 0.000398003
14633 0.000397994
14634 0.000397985
14635 0.000397975
14636 0.000397966
14637 0.000397957
14638 0.000397948
14639 0.000397938
14640 0.000397929
14641 0.000397919
14642 0.00039791
14643 0.0003979
14644 0.000397891
14645 0.000397881
14646 0.000397871
14647 0.000397861
14648 0.000397851
14649 0.000397841
14650 0.000397831
14651 0.000397821
14652 0.00039781
14653 0.0003978
14654 0.00039779
14655 0.000397779
14656 0.000397769
14657 0.000397758
14658 0.000397747
14659 0.000397737
14660 0.000397726
14661 0.000397715
14662 0.000397704
14663 0.000397693
14664 0.000397682
14665 0.00039767
14666 0.000397659
14667 0.000397648
14668 0.000397636
14669 0.000397625
14670 0.000397613
14671 0.000397602
14672 0.00039759
14673 0.000397578
14674 0.000397566
14675 0.000397554
14676 0.000397542
14677 0.00039753
14678 0.000397518
14679 0.000397506
14680 0.000397494
14681 0.000397481
14682 0.000397469
14683 0.000397456
14684 0.000397444
14685 0.000397431
14686 0.000397418
14687 0.000397405
14688 0.000397393
14689 0.00039738
14690 0.000397367
14691 0.000397353
14692 0.00039734
14693 0.000397327
14694 0.000397314
14695 0.0003973
14696 0.000397287
14697 0.000397273
14698 0.00039726
14699 0.000397246
14700 0.000397232
14701 0.000397218
14702 0.000397205
14703 0.000397191
14704 0.000397177
14705 0.000397162
14706 0.000397148
14707 0.000397134
14708 0.00039712
14709 0.000397105
14710 0.000397091
14711 0.000397076
14712 0.000397062
14713 0.000397047
14714 0.000397033
14715 0.000397018
14716 0.000397003
14717 0.000396988
14718 0.000396973
14719 0.000396958
14720 0.000396943
14721 0.000396928
14722 0.000396913
14723 0.000396897
14724 0.000396882
14725 0.000396867
14726 0.000396851
14727 0.000396836
14728 0.00039682
14729 0.000396804
14730 0.000396789
14731 0.000396773
14732 0.000396757
14733 0.000396741
14734 0.000396725
14735 0.000396709
14736 0.000396693
14737 0.000396677
14738 0.000396661
14739 0.000396645
14740 0.000396629
14741 0.000396612
14742 0.000396596
14743 0.000396579
14744 0.000396563
14745 0.000396547
14746 0.00039653
14747 0.000396513
14748 0.000396497
14749 0.00039648
14750 0.000396463
14751 0.000396446
14752 0.00039643
14753 0.000396413
14754 0.000396396
14755 0.000396379
14756 0.000396362
14757 0.000396345
14758 0.000396328
14759 0.00039631
14760 0.000396293
14761 0.000396276
14762 0.000396259
14763 0.000396242
14764 0.000396224
14765 0.000396207
14766 0.000396189
14767 0.000396172
14768 0.000396154
14769 0.000396137
14770 0.000396119
14771 0.000396102
14772 0.000396084
14773 0.000396067
14774 0.000396049
14775 0.000396031
14776 0.000396014
14777 0.000395996
14778 0.000395978
14779 0.00039596
14780 0.000395942
14781 0.000395924
14782 0.000395907
14783 0.000395889
14784 0.000395871
14785 0.000395853
14786 0.000395835
14787 0.000395817
14788 0.000395799
14789 0.000395781
14790 0.000395763
14791 0.000395745
14792 0.000395726
14793 0.000395708
14794 0.00039569
14795 0.000395672
14796 0.000395654
14797 0.000395636
14798 0.000395618
14799 0.000395599
14800 0.000395581
14801 0.000395563
14802 0.000395545
14803 0.000395526
14804 0.000395508
14805 0.00039549
14806 0.000395472
14807 0.000395453
14808 0.000395435
14809 0.000395417
14810 0.000395398
14811 0.00039538
14812 0.000395362
14813 0.000395344
14814 0.000395325
14815 0.000395307
14816 0.000395289
14817 0.00039527
14818 0.000395252
14819 0.000395234
14820 0.000395215
14821 0.000395197
14822 0.000395179
14823 0.00039516
14824 0.000395142
14825 0.000395124
14826 0.000395106
14827 0.000395087
14828 0.000395069
14829 0.000395051
14830 0.000395032
14831 0.000395014
14832 0.000394996
14833 0.000394978
14834 0.00039496
14835 0.000394941
14836 0.000394923
14837 0.000394905
14838 0.000394887
14839 0.000394869
14840 0.00039485
14841 0.000394832
14842 0.000394814
14843 0.000394796
14844 0.000394778
14845 0.00039476
14846 0.000394742
14847 0.000394724
14848 0.000394706
14849 0.000394688
14850 0.00039467
14851 0.000394652
14852 0.000394634
14853 0.000394616
14854 0.000394598
14855 0.00039458
14856 0.000394562
14857 0.000394544
14858 0.000394526
14859 0.000394509
14860 0.000394491
14861 0.000394473
14862 0.000394455
14863 0.000394437
14864 0.00039442
14865 0.000394402
14866 0.000394384
14867 0.000394367
14868 0.000394349
14869 0.000394332
14870 0.000394314
14871 0.000394297
14872 0.000394279
14873 0.000394262
14874 0.000394244
14875 0.000394227
14876 0.000394209
14877 0.000394192
14878 0.000394175
14879 0.000394157
14880 0.00039414
14881 0.000394123
14882 0.000394106
14883 0.000394089
14884 0.000394071
14885 0.000394054
14886 0.000394037
14887 0.00039402
14888 0.000394003
14889 0.000393986
14890 0.000393969
14891 0.000393952
14892 0.000393935
14893 0.000393918
14894 0.000393902
14895 0.000393885
14896 0.000393868
14897 0.000393851
14898 0.000393835
14899 0.000393818
14900 0.000393801
14901 0.000393785
14902 0.000393768
14903 0.000393752
14904 0.000393735
14905 0.000393719
14906 0.000393702
14907 0.000393686
14908 0.000393669
14909 0.000393653
14910 0.000393637
14911 0.000393621
14912 0.000393604
14913 0.000393588
14914 0.000393572
14915 0.000393556
14916 0.00039354
14917 0.000393524
14918 0.000393508
14919 0.000393492
14920 0.000393476
14921 0.00039346
14922 0.000393444
14923 0.000393428
14924 0.000393412
14925 0.000393397
14926 0.000393381
14927 0.000393365
14928 0.00039335
14929 0.000393334
14930 0.000393318
14931 0.000393303
14932 0.000393287
14933 0.000393272
14934 0.000393256
14935 0.000393241
14936 0.000393226
14937 0.00039321
14938 0.000393195
14939 0.00039318
14940 0.000393165
14941 0.000393149
14942 0.000393134
14943 0.000393119
14944 0.000393104
14945 0.000393089
14946 0.000393074
14947 0.000393059
14948 0.000393044
14949 0.000393029
14950 0.000393014
14951 0.000393
14952 0.000392985
14953 0.00039297
14954 0.000392955
14955 0.000392941
14956 0.000392926
14957 0.000392911
14958 0.000392897
14959 0.000392882
14960 0.000392868
14961 0.000392853
14962 0.000392839
14963 0.000392824
14964 0.00039281
14965 0.000392796
14966 0.000392781
14967 0.000392767
14968 0.000392753
14969 0.000392738
14970 0.000392724
14971 0.00039271
14972 0.000392696
14973 0.000392682
14974 0.000392668
14975 0.000392654
14976 0.00039264
14977 0.000392626
14978 0.000392612
14979 0.000392598
14980 0.000392584
14981 0.000392571
14982 0.000392557
14983 0.000392543
14984 0.000392529
14985 0.000392516
14986 0.000392502
14987 0.000392488
14988 0.000392475
14989 0.000392461
14990 0.000392448
14991 0.000392434
14992 0.000392421
14993 0.000392407
14994 0.000392394
14995 0.00039238
14996 0.000392367
14997 0.000392354
14998 0.000392341
14999 0.000392327
15000 0.000392314
15001 0.000392301
15002 0.000392288
15003 0.000392275
15004 0.000392262
15005 0.000392248
15006 0.000392235
15007 0.000392222
15008 0.000392209
15009 0.000392197
15010 0.000392184
15011 0.000392171
15012 0.000392158
15013 0.000392145
15014 0.000392132
15015 0.000392119
15016 0.000392107
15017 0.000392094
15018 0.000392081
15019 0.000392069
15020 0.000392056
15021 0.000392043
15022 0.000392031
15023 0.000392018
15024 0.000392006
15025 0.000391993
15026 0.000391981
15027 0.000391969
15028 0.000391956
15029 0.000391944
15030 0.000391931
15031 0.000391919
15032 0.000391907
15033 0.000391895
15034 0.000391882
15035 0.00039187
15036 0.000391858
15037 0.000391846
15038 0.000391834
15039 0.000391822
15040 0.00039181
15041 0.000391798
15042 0.000391786
15043 0.000391774
15044 0.000391762
15045 0.00039175
15046 0.000391738
15047 0.000391726
15048 0.000391714
15049 0.000391702
15050 0.000391691
15051 0.000391679
15052 0.000391667
15053 0.000391655
15054 0.000391644
15055 0.000391632
15056 0.00039162
15057 0.000391609
15058 0.000391597
15059 0.000391586
15060 0.000391574
15061 0.000391563
15062 0.000391551
15063 0.00039154
15064 0.000391529
15065 0.000391517
15066 0.000391506
15067 0.000391495
15068 0.000391483
15069 0.000391472
15070 0.000391461
15071 0.00039145
15072 0.000391438
15073 0.000391427
15074 0.000391416
15075 0.000391405
15076 0.000391394
15077 0.000391383
15078 0.000391372
15079 0.000391361
15080 0.00039135
15081 0.000391339
15082 0.000391328
15083 0.000391317
15084 0.000391306
15085 0.000391295
15086 0.000391285
15087 0.000391274
15088 0.000391263
15089 0.000391252
15090 0.000391242
15091 0.000391231
15092 0.00039122
15093 0.00039121
15094 0.000391199
15095 0.000391189
15096 0.000391178
15097 0.000391168
15098 0.000391157
15099 0.000391147
15100 0.000391136
15101 0.000391126
15102 0.000391116
15103 0.000391105
15104 0.000391095
15105 0.000391085
15106 0.000391075
15107 0.000391064
15108 0.000391054
15109 0.000391044
15110 0.000391034
15111 0.000391024
15112 0.000391014
15113 0.000391004
15114 0.000390994
15115 0.000390984
15116 0.000390974
15117 0.000390964
15118 0.000390954
15119 0.000390944
15120 0.000390934
15121 0.000390924
15122 0.000390914
15123 0.000390905
15124 0.000390895
15125 0.000390885
15126 0.000390875
15127 0.000390866
15128 0.000390856
15129 0.000390847
15130 0.000390837
15131 0.000390827
15132 0.000390818
15133 0.000390808
15134 0.000390799
15135 0.00039079
15136 0.00039078
15137 0.000390771
15138 0.000390761
15139 0.000390752
15140 0.000390743
15141 0.000390733
15142 0.000390724
15143 0.000390715
15144 0.000390706
15145 0.000390697
15146 0.000390688
15147 0.000390678
15148 0.000390669
15149 0.00039066
15150 0.000390651
15151 0.000390642
15152 0.000390633
15153 0.000390624
15154 0.000390615
15155 0.000390607
15156 0.000390598
15157 0.000390589
15158 0.00039058
15159 0.000390571
15160 0.000390562
15161 0.000390554
15162 0.000390545
15163 0.000390536
15164 0.000390528
15165 0.000390519
15166 0.00039051
15167 0.000390502
15168 0.000390493
15169 0.000390485
15170 0.000390476
15171 0.000390468
15172 0.000390459
15173 0.000390451
15174 0.000390443
15175 0.000390434
15176 0.000390426
15177 0.000390417
15178 0.000390409
15179 0.000390401
15180 0.000390393
15181 0.000390384
15182 0.000390376
15183 0.000390368
15184 0.00039036
15185 0.000390352
15186 0.000390344
15187 0.000390336
15188 0.000390327
15189 0.000390319
15190 0.000390311
15191 0.000390303
15192 0.000390295
15193 0.000390287
15194 0.000390279
15195 0.000390272
15196 0.000390264
15197 0.000390256
15198 0.000390248
15199 0.00039024
15200 0.000390232
15201 0.000390224
15202 0.000390217
15203 0.000390209
15204 0.000390201
15205 0.000390193
15206 0.000390186
15207 0.000390178
15208 0.00039017
15209 0.000390163
15210 0.000390155
15211 0.000390148
15212 0.00039014
15213 0.000390132
15214 0.000390125
15215 0.000390117
15216 0.00039011
15217 0.000390102
15218 0.000390095
15219 0.000390087
15220 0.00039008
15221 0.000390072
15222 0.000390065
15223 0.000390057
15224 0.00039005
15225 0.000390043
15226 0.000390035
15227 0.000390028
15228 0.00039002
15229 0.000390013
15230 0.000390006
15231 0.000389998
15232 0.000389991
15233 0.000389984
15234 0.000389976
15235 0.000389969
15236 0.000389962
15237 0.000389955
15238 0.000389947
15239 0.00038994
15240 0.000389933
15241 0.000389926
15242 0.000389918
15243 0.000389911
15244 0.000389904
15245 0.000389897
15246 0.000389889
15247 0.000389882
15248 0.000389875
15249 0.000389868
15250 0.000389861
15251 0.000389853
15252 0.000389846
15253 0.000389839
15254 0.000389832
15255 0.000389825
15256 0.000389817
15257 0.00038981
15258 0.000389803
15259 0.000389796
15260 0.000389789
15261 0.000389781
15262 0.000389774
15263 0.000389767
15264 0.00038976
15265 0.000389753
15266 0.000389745
15267 0.000389738
15268 0.000389731
15269 0.000389724
15270 0.000389717
15271 0.000389709
15272 0.000389702
15273 0.000389695
15274 0.000389688
15275 0.00038968
15276 0.000389673
15277 0.000389666
15278 0.000389659
15279 0.000389651
15280 0.000389644
15281 0.000389637
15282 0.00038963
15283 0.000389622
15284 0.000389615
15285 0.000389608
15286 0.0003896
15287 0.000389593
15288 0.000389585
15289 0.000389578
15290 0.000389571
15291 0.000389563
15292 0.000389556
15293 0.000389548
15294 0.000389541
15295 0.000389533
15296 0.000389526
15297 0.000389518
15298 0.000389511
15299 0.000389503
15300 0.000389496
15301 0.000389488
15302 0.000389481
15303 0.000389473
15304 0.000389465
15305 0.000389458
15306 0.00038945
15307 0.000389442
15308 0.000389435
15309 0.000389427
15310 0.000389419
15311 0.000389411
15312 0.000389404
15313 0.000389396
15314 0.000389388
15315 0.00038938
15316 0.000389372
15317 0.000389364
15318 0.000389356
15319 0.000389348
15320 0.00038934
15321 0.000389332
15322 0.000389324
15323 0.000389316
15324 0.000389308
15325 0.0003893
15326 0.000389292
15327 0.000389284
15328 0.000389275
15329 0.000389267
15330 0.000389259
15331 0.000389251
15332 0.000389242
15333 0.000389234
15334 0.000389225
15335 0.000389217
15336 0.000389209
15337 0.0003892
15338 0.000389192
15339 0.000389183
15340 0.000389174
15341 0.000389166
15342 0.000389157
15343 0.000389148
15344 0.00038914
15345 0.000389131
15346 0.000389122
15347 0.000389113
15348 0.000389104
15349 0.000389096
15350 0.000389087
15351 0.000389078
15352 0.000389069
15353 0.00038906
15354 0.000389051
15355 0.000389041
15356 0.000389032
15357 0.000389023
15358 0.000389014
15359 0.000389005
15360 0.000388995
15361 0.000388986
15362 0.000388977
15363 0.000388967
15364 0.000388958
15365 0.000388948
15366 0.000388939
15367 0.000388929
15368 0.000388919
15369 0.00038891
15370 0.0003889
15371 0.00038889
15372 0.000388881
15373 0.000388871
15374 0.000388861
15375 0.000388851
15376 0.000388841
15377 0.000388831
15378 0.000388821
15379 0.000388811
15380 0.000388801
15381 0.000388791
15382 0.000388781
15383 0.00038877
15384 0.00038876
15385 0.00038875
15386 0.000388739
15387 0.000388729
15388 0.000388718
15389 0.000388708
15390 0.000388697
15391 0.000388687
15392 0.000388676
15393 0.000388666
15394 0.000388655
15395 0.000388644
15396 0.000388633
15397 0.000388622
15398 0.000388612
15399 0.000388601
15400 0.00038859
15401 0.000388579
15402 0.000388568
15403 0.000388557
15404 0.000388545
15405 0.000388534
15406 0.000388523
15407 0.000388512
15408 0.0003885
15409 0.000388489
15410 0.000388478
15411 0.000388466
15412 0.000388455
15413 0.000388443
15414 0.000388432
15415 0.00038842
15416 0.000388409
15417 0.000388397
15418 0.000388385
15419 0.000388373
15420 0.000388362
15421 0.00038835
15422 0.000388338
15423 0.000388326
15424 0.000388314
15425 0.000388302
15426 0.00038829
15427 0.000388278
15428 0.000388266
15429 0.000388253
15430 0.000388241
15431 0.000388229
15432 0.000388217
15433 0.000388204
15434 0.000388192
15435 0.000388179
15436 0.000388167
15437 0.000388154
15438 0.000388142
15439 0.000388129
15440 0.000388117
15441 0.000388104
15442 0.000388091
15443 0.000388079
15444 0.000388066
15445 0.000388053
15446 0.00038804
15447 0.000388027
15448 0.000388014
15449 0.000388001
15450 0.000387988
15451 0.000387975
15452 0.000387962
15453 0.000387949
15454 0.000387936
15455 0.000387923
15456 0.00038791
15457 0.000387896
15458 0.000387883
15459 0.00038787
15460 0.000387856
15461 0.000387843
15462 0.000387829
15463 0.000387816
15464 0.000387803
15465 0.000387789
15466 0.000387775
15467 0.000387762
15468 0.000387748
15469 0.000387735
15470 0.000387721
15471 0.000387707
15472 0.000387694
15473 0.00038768
15474 0.000387666
15475 0.000387652
15476 0.000387638
15477 0.000387624
15478 0.00038761
15479 0.000387597
15480 0.000387583
15481 0.000387569
15482 0.000387555
15483 0.00038754
15484 0.000387526
15485 0.000387512
15486 0.000387498
15487 0.000387484
15488 0.00038747
15489 0.000387456
15490 0.000387441
15491 0.000387427
15492 0.000387413
15493 0.000387399
15494 0.000387384
15495 0.00038737
15496 0.000387356
15497 0.000387341
15498 0.000387327
15499 0.000387312
15500 0.000387298
15501 0.000387283
15502 0.000387269
15503 0.000387254
15504 0.00038724
15505 0.000387225
15506 0.000387211
15507 0.000387196
15508 0.000387182
15509 0.000387167
15510 0.000387152
15511 0.000387138
15512 0.000387123
15513 0.000387108
15514 0.000387094
15515 0.000387079
15516 0.000387064
15517 0.00038705
15518 0.000387035
15519 0.00038702
15520 0.000387005
15521 0.000386991
15522 0.000386976
15523 0.000386961
15524 0.000386946
15525 0.000386931
15526 0.000386917
15527 0.000386902
15528 0.000386887
15529 0.000386872
15530 0.000386857
15531 0.000386842
15532 0.000386827
15533 0.000386812
15534 0.000386797
15535 0.000386783
15536 0.000386768
15537 0.000386753
15538 0.000386738
15539 0.000386723
15540 0.000386708
15541 0.000386693
15542 0.000386678
15543 0.000386663
15544 0.000386648
15545 0.000386633
15546 0.000386618
15547 0.000386603
15548 0.000386588
15549 0.000386573
15550 0.000386558
15551 0.000386543
15552 0.000386528
15553 0.000386513
15554 0.000386498
15555 0.000386483
15556 0.000386468
15557 0.000386454
15558 0.000386439
15559 0.000386424
15560 0.000386409
15561 0.000386394
15562 0.000386379
15563 0.000386364
15564 0.000386349
15565 0.000386334
15566 0.000386319
15567 0.000386304
15568 0.000386289
15569 0.000386274
15570 0.000386259
15571 0.000386244
15572 0.000386229
15573 0.000386214
15574 0.0003862
15575 0.000386185
15576 0.00038617
15577 0.000386155
15578 0.00038614
15579 0.000386125
15580 0.00038611
15581 0.000386095
15582 0.000386081
15583 0.000386066
15584 0.000386051
15585 0.000386036
15586 0.000386021
15587 0.000386007
15588 0.000385992
15589 0.000385977
15590 0.000385962
15591 0.000385948
15592 0.000385933
15593 0.000385918
15594 0.000385903
15595 0.000385889
15596 0.000385874
15597 0.000385859
15598 0.000385845
15599 0.00038583
15600 0.000385815
15601 0.000385801
15602 0.000385786
15603 0.000385772
15604 0.000385757
15605 0.000385742
15606 0.000385728
15607 0.000385713
15608 0.000385699
15609 0.000385684
15610 0.00038567
15611 0.000385655
15612 0.000385641
15613 0.000385627
15614 0.000385612
15615 0.000385598
15616 0.000385583
15617 0.000385569
15618 0.000385555
15619 0.00038554
15620 0.000385526
15621 0.000385512
15622 0.000385497
15623 0.000385483
15624 0.000385469
15625 0.000385455
15626 0.000385441
15627 0.000385426
15628 0.000385412
15629 0.000385398
15630 0.000385384
15631 0.00038537
15632 0.000385356
15633 0.000385342
15634 0.000385328
15635 0.000385314
15636 0.0003853
15637 0.000385286
15638 0.000385272
15639 0.000385258
15640 0.000385244
15641 0.00038523
15642 0.000385216
15643 0.000385202
15644 0.000385188
15645 0.000385174
15646 0.000385161
15647 0.000385147
15648 0.000385133
15649 0.000385119
15650 0.000385106
15651 0.000385092
15652 0.000385078
15653 0.000385065
15654 0.000385051
15655 0.000385037
15656 0.000385024
15657 0.00038501
15658 0.000384997
15659 0.000384983
15660 0.00038497
15661 0.000384956
15662 0.000384943
15663 0.000384929
15664 0.000384916
15665 0.000384903
15666 0.000384889
15667 0.000384876
15668 0.000384863
15669 0.000384849
15670 0.000384836
15671 0.000384823
15672 0.00038481
15673 0.000384796
15674 0.000384783
15675 0.00038477
15676 0.000384757
15677 0.000384744
15678 0.000384731
15679 0.000384718
15680 0.000384705
15681 0.000384692
15682 0.000384679
15683 0.000384666
15684 0.000384653
15685 0.00038464
15686 0.000384627
15687 0.000384614
15688 0.000384601
15689 0.000384588
15690 0.000384576
15691 0.000384563
15692 0.00038455
15693 0.000384537
15694 0.000384525
15695 0.000384512
15696 0.000384499
15697 0.000384487
15698 0.000384474
15699 0.000384462
15700 0.000384449
15701 0.000384436
15702 0.000384424
15703 0.000384411
15704 0.000384399
15705 0.000384387
15706 0.000384374
15707 0.000384362
15708 0.000384349
15709 0.000384337
15710 0.000384325
15711 0.000384312
15712 0.0003843
15713 0.000384288
15714 0.000384276
15715 0.000384263
15716 0.000384251
15717 0.000384239
15718 0.000384227
15719 0.000384215
15720 0.000384203
15721 0.000384191
15722 0.000384179
15723 0.000384167
15724 0.000384155
15725 0.000384143
15726 0.000384131
15727 0.000384119
15728 0.000384107
15729 0.000384095
15730 0.000384083
15731 0.000384071
15732 0.00038406
15733 0.000384048
15734 0.000384036
15735 0.000384024
15736 0.000384013
15737 0.000384001
15738 0.000383989
15739 0.000383978
15740 0.000383966
15741 0.000383954
15742 0.000383943
15743 0.000383931
15744 0.00038392
15745 0.000383908
15746 0.000383897
15747 0.000383885
15748 0.000383874
15749 0.000383862
15750 0.000383851
15751 0.00038384
15752 0.000383828
15753 0.000383817
15754 0.000383806
15755 0.000383794
15756 0.000383783
15757 0.000383772
15758 0.000383761
15759 0.00038375
15760 0.000383738
15761 0.000383727
15762 0.000383716
15763 0.000383705
15764 0.000383694
15765 0.000383683
15766 0.000383672
15767 0.000383661
15768 0.00038365
15769 0.000383639
15770 0.000383628
15771 0.000383617
15772 0.000383606
15773 0.000383596
15774 0.000383585
15775 0.000383574
15776 0.000383563
15777 0.000383552
15778 0.000383542
15779 0.000383531
15780 0.00038352
15781 0.000383509
15782 0.000383499
15783 0.000383488
15784 0.000383478
15785 0.000383467
15786 0.000383456
15787 0.000383446
15788 0.000383435
15789 0.000383425
15790 0.000383414
15791 0.000383404
15792 0.000383393
15793 0.000383383
15794 0.000383373
15795 0.000383362
15796 0.000383352
15797 0.000383342
15798 0.000383331
15799 0.000383321
15800 0.000383311
15801 0.0003833
15802 0.00038329
15803 0.00038328
15804 0.00038327
15805 0.00038326
15806 0.00038325
15807 0.000383239
15808 0.000383229
15809 0.000383219
15810 0.000383209
15811 0.000383199
15812 0.000383189
15813 0.000383179
15814 0.000383169
15815 0.000383159
15816 0.000383149
15817 0.000383139
15818 0.00038313
15819 0.00038312
15820 0.00038311
15821 0.0003831
15822 0.00038309
15823 0.000383081
15824 0.000383071
15825 0.000383061
15826 0.000383051
15827 0.000383042
15828 0.000383032
15829 0.000383022
15830 0.000383013
15831 0.000383003
15832 0.000382994
15833 0.000382984
15834 0.000382974
15835 0.000382965
15836 0.000382955
15837 0.000382946
15838 0.000382936
15839 0.000382927
15840 0.000382918
15841 0.000382908
15842 0.000382899
15843 0.000382889
15844 0.00038288
15845 0.000382871
15846 0.000382862
15847 0.000382852
15848 0.000382843
15849 0.000382834
15850 0.000382825
15851 0.000382815
15852 0.000382806
15853 0.000382797
15854 0.000382788
15855 0.000382779
15856 0.00038277
15857 0.00038276
15858 0.000382751
15859 0.000382742
15860 0.000382733
15861 0.000382724
15862 0.000382715
15863 0.000382706
15864 0.000382697
15865 0.000382688
15866 0.00038268
15867 0.000382671
15868 0.000382662
15869 0.000382653
15870 0.000382644
15871 0.000382635
15872 0.000382626
15873 0.000382618
15874 0.000382609
15875 0.0003826
15876 0.000382591
15877 0.000382583
15878 0.000382574
15879 0.000382565
15880 0.000382557
15881 0.000382548
15882 0.000382539
15883 0.000382531
15884 0.000382522
15885 0.000382514
15886 0.000382505
15887 0.000382496
15888 0.000382488
15889 0.000382479
15890 0.000382471
15891 0.000382462
15892 0.000382454
15893 0.000382445
15894 0.000382437
15895 0.000382429
15896 0.00038242
15897 0.000382412
15898 0.000382403
15899 0.000382395
15900 0.000382387
15901 0.000382378
15902 0.00038237
15903 0.000382362
15904 0.000382353
15905 0.000382345
15906 0.000382337
15907 0.000382329
15908 0.00038232
15909 0.000382312
15910 0.000382304
15911 0.000382296
15912 0.000382288
15913 0.000382279
15914 0.000382271
15915 0.000382263
15916 0.000382255
15917 0.000382247
15918 0.000382239
15919 0.000382231
15920 0.000382223
15921 0.000382214
15922 0.000382206
15923 0.000382198
15924 0.00038219
15925 0.000382182
15926 0.000382174
15927 0.000382166
15928 0.000382158
15929 0.00038215
15930 0.000382142
15931 0.000382134
15932 0.000382126
15933 0.000382118
15934 0.00038211
15935 0.000382103
15936 0.000382095
15937 0.000382087
15938 0.000382079
15939 0.000382071
15940 0.000382063
15941 0.000382055
15942 0.000382047
15943 0.000382039
15944 0.000382031
15945 0.000382024
15946 0.000382016
15947 0.000382008
15948 0.000382
15949 0.000381992
15950 0.000381984
15951 0.000381977
15952 0.000381969
15953 0.000381961
15954 0.000381953
15955 0.000381945
15956 0.000381938
15957 0.00038193
15958 0.000381922
15959 0.000381914
15960 0.000381907
15961 0.000381899
15962 0.000381891
15963 0.000381883
15964 0.000381875
15965 0.000381868
15966 0.00038186
15967 0.000381852
15968 0.000381844
15969 0.000381837
15970 0.000381829
15971 0.000381821
15972 0.000381813
15973 0.000381806
15974 0.000381798
15975 0.00038179
15976 0.000381782
15977 0.000381775
15978 0.000381767
15979 0.000381759
15980 0.000381751
15981 0.000381744
15982 0.000381736
15983 0.000381728
15984 0.00038172
15985 0.000381713
15986 0.000381705
15987 0.000381697
15988 0.000381689
15989 0.000381682
15990 0.000381674
15991 0.000381666
15992 0.000381658
15993 0.00038165
15994 0.000381643
15995 0.000381635
15996 0.000381627
15997 0.000381619
15998 0.000381611
15999 0.000381604
16000 0.000381596
16001 0.000381588
16002 0.00038158
16003 0.000381572
16004 0.000381564
16005 0.000381557
16006 0.000381549
16007 0.000381541
16008 0.000381533
16009 0.000381525
16010 0.000381517
16011 0.000381509
16012 0.000381501
16013 0.000381493
16014 0.000381485
16015 0.000381477
16016 0.000381469
16017 0.000381462
16018 0.000381454
16019 0.000381446
16020 0.000381438
16021 0.00038143
16022 0.000381422
16023 0.000381413
16024 0.000381405
16025 0.000381397
16026 0.000381389
16027 0.000381381
16028 0.000381373
16029 0.000381365
16030 0.000381357
16031 0.000381349
16032 0.000381341
16033 0.000381332
16034 0.000381324
16035 0.000381316
16036 0.000381308
16037 0.0003813
16038 0.000381291
16039 0.000381283
16040 0.000381275
16041 0.000381267
16042 0.000381258
16043 0.00038125
16044 0.000381242
16045 0.000381233
16046 0.000381225
16047 0.000381217
16048 0.000381208
16049 0.0003812
16050 0.000381191
16051 0.000381183
16052 0.000381174
16053 0.000381166
16054 0.000381157
16055 0.000381149
16056 0.00038114
16057 0.000381132
16058 0.000381123
16059 0.000381115
16060 0.000381106
16061 0.000381097
16062 0.000381089
16063 0.00038108
16064 0.000381071
16065 0.000381063
16066 0.000381054
16067 0.000381045
16068 0.000381036
16069 0.000381027
16070 0.000381019
16071 0.00038101
16072 0.000381001
16073 0.000380992
16074 0.000380983
16075 0.000380974
16076 0.000380965
16077 0.000380956
16078 0.000380947
16079 0.000380938
16080 0.000380929
16081 0.00038092
16082 0.000380911
16083 0.000380902
16084 0.000380893
16085 0.000380884
16086 0.000380874
16087 0.000380865
16088 0.000380856
16089 0.000380847
16090 0.000380837
16091 0.000380828
16092 0.000380819
16093 0.000380809
16094 0.0003808
16095 0.000380791
16096 0.000380781
16097 0.000380772
16098 0.000380762
16099 0.000380753
16100 0.000380743
16101 0.000380734
16102 0.000380724
16103 0.000380715
16104 0.000380705
16105 0.000380695
16106 0.000380686
16107 0.000380676
16108 0.000380666
16109 0.000380656
16110 0.000380647
16111 0.000380637
16112 0.000380627
16113 0.000380617
16114 0.000380607
16115 0.000380597
16116 0.000380587
16117 0.000380577
16118 0.000380567
16119 0.000380557
16120 0.000380547
16121 0.000380537
16122 0.000380527
16123 0.000380517
16124 0.000380507
16125 0.000380497
16126 0.000380487
16127 0.000380476
16128 0.000380466
16129 0.000380456
16130 0.000380446
16131 0.000380435
16132 0.000380425
16133 0.000380415
16134 0.000380404
16135 0.000380394
16136 0.000380383
16137 0.000380373
16138 0.000380362
16139 0.000380352
16140 0.000380341
16141 0.000380331
16142 0.00038032
16143 0.000380309
16144 0.000380299
16145 0.000380288
16146 0.000380277
16147 0.000380267
16148 0.000380256
16149 0.000380245
16150 0.000380234
16151 0.000380224
16152 0.000380213
16153 0.000380202
16154 0.000380191
16155 0.00038018
16156 0.000380169
16157 0.000380158
16158 0.000380147
16159 0.000380136
16160 0.000380125
16161 0.000380114
16162 0.000380103
16163 0.000380092
16164 0.000380081
16165 0.000380069
16166 0.000380058
16167 0.000380047
16168 0.000380036
16169 0.000380024
16170 0.000380013
16171 0.000380002
16172 0.00037999
16173 0.000379979
16174 0.000379968
16175 0.000379956
16176 0.000379945
16177 0.000379933
16178 0.000379922
16179 0.000379911
16180 0.000379899
16181 0.000379887
16182 0.000379876
16183 0.000379864
16184 0.000379853
16185 0.000379841
16186 0.000379829
16187 0.000379818
16188 0.000379806
16189 0.000379794
16190 0.000379783
16191 0.000379771
16192 0.000379759
16193 0.000379747
16194 0.000379736
16195 0.000379724
16196 0.000379712
16197 0.0003797
16198 0.000379688
16199 0.000379676
16200 0.000379664
16201 0.000379653
16202 0.000379641
16203 0.000379629
16204 0.000379617
16205 0.000379605
16206 0.000379593
16207 0.000379581
16208 0.000379568
16209 0.000379556
16210 0.000379544
16211 0.000379532
16212 0.00037952
16213 0.000379508
16214 0.000379496
16215 0.000379484
16216 0.000379471
16217 0.000379459
16218 0.000379447
16219 0.000379435
16220 0.000379423
16221 0.00037941
16222 0.000379398
16223 0.000379386
16224 0.000379373
16225 0.000379361
16226 0.000379349
16227 0.000379336
16228 0.000379324
16229 0.000379312
16230 0.000379299
16231 0.000379287
16232 0.000379275
16233 0.000379262
16234 0.00037925
16235 0.000379237
16236 0.000379225
16237 0.000379212
16238 0.0003792
16239 0.000379187
16240 0.000379175
16241 0.000379162
16242 0.00037915
16243 0.000379137
16244 0.000379125
16245 0.000379112
16246 0.0003791
16247 0.000379087
16248 0.000379075
16249 0.000379062
16250 0.000379049
16251 0.000379037
16252 0.000379024
16253 0.000379012
16254 0.000378999
16255 0.000378986
16256 0.000378974
16257 0.000378961
16258 0.000378949
16259 0.000378936
16260 0.000378923
16261 0.000378911
16262 0.000378898
16263 0.000378885
16264 0.000378873
16265 0.00037886
16266 0.000378847
16267 0.000378834
16268 0.000378822
16269 0.000378809
16270 0.000378796
16271 0.000378784
16272 0.000378771
16273 0.000378758
16274 0.000378746
16275 0.000378733
16276 0.00037872
16277 0.000378707
16278 0.000378695
16279 0.000378682
16280 0.000378669
16281 0.000378657
16282 0.000378644
16283 0.000378631
16284 0.000378618
16285 0.000378606
16286 0.000378593
16287 0.00037858
16288 0.000378567
16289 0.000378555
16290 0.000378542
16291 0.000378529
16292 0.000378516
16293 0.000378504
16294 0.000378491
16295 0.000378478
16296 0.000378466
16297 0.000378453
16298 0.00037844
16299 0.000378427
16300 0.000378415
16301 0.000378402
16302 0.000378389
16303 0.000378377
16304 0.000378364
16305 0.000378351
16306 0.000378339
16307 0.000378326
16308 0.000378313
16309 0.0003783
16310 0.000378288
16311 0.000378275
16312 0.000378262
16313 0.00037825
16314 0.000378237
16315 0.000378224
16316 0.000378212
16317 0.000378199
16318 0.000378187
16319 0.000378174
16320 0.000378161
16321 0.000378149
16322 0.000378136
16323 0.000378123
16324 0.000378111
16325 0.000378098
16326 0.000378086
16327 0.000378073
16328 0.000378061
16329 0.000378048
16330 0.000378035
16331 0.000378023
16332 0.00037801
16333 0.000377998
16334 0.000377985
16335 0.000377973
16336 0.00037796
16337 0.000377948
16338 0.000377935
16339 0.000377923
16340 0.00037791
16341 0.000377898
16342 0.000377885
16343 0.000377873
16344 0.000377861
16345 0.000377848
16346 0.000377836
16347 0.000377823
16348 0.000377811
16349 0.000377799
16350 0.000377786
16351 0.000377774
16352 0.000377762
16353 0.000377749
16354 0.000377737
16355 0.000377725
16356 0.000377712
16357 0.0003777
16358 0.000377688
16359 0.000377675
16360 0.000377663
16361 0.000377651
16362 0.000377639
16363 0.000377627
16364 0.000377614
16365 0.000377602
16366 0.00037759
16367 0.000377578
16368 0.000377566
16369 0.000377554
16370 0.000377541
16371 0.000377529
16372 0.000377517
16373 0.000377505
16374 0.000377493
16375 0.000377481
16376 0.000377469
16377 0.000377457
16378 0.000377445
16379 0.000377433
16380 0.000377421
16381 0.000377409
16382 0.000377397
16383 0.000377385
16384 0.000377373
16385 0.000377361
16386 0.000377349
16387 0.000377337
16388 0.000377325
16389 0.000377314
16390 0.000377302
16391 0.00037729
16392 0.000377278
16393 0.000377266
16394 0.000377254
16395 0.000377243
16396 0.000377231
16397 0.000377219
16398 0.000377207
16399 0.000377196
16400 0.000377184
16401 0.000377172
16402 0.000377161
16403 0.000377149
16404 0.000377137
16405 0.000377126
16406 0.000377114
16407 0.000377103
16408 0.000377091
16409 0.000377079
16410 0.000377068
16411 0.000377056
16412 0.000377045
16413 0.000377033
16414 0.000377022
16415 0.00037701
16416 0.000376999
16417 0.000376987
16418 0.000376976
16419 0.000376965
16420 0.000376953
16421 0.000376942
16422 0.000376931
16423 0.000376919
16424 0.000376908
16425 0.000376897
16426 0.000376885
16427 0.000376874
16428 0.000376863
16429 0.000376852
16430 0.00037684
16431 0.000376829
16432 0.000376818
16433 0.000376807
16434 0.000376796
16435 0.000376784
16436 0.000376773
16437 0.000376762
16438 0.000376751
16439 0.00037674
16440 0.000376729
16441 0.000376718
16442 0.000376707
16443 0.000376696
16444 0.000376685
16445 0.000376674
16446 0.000376663
16447 0.000376652
16448 0.000376641
16449 0.00037663
16450 0.000376619
16451 0.000376608
16452 0.000376598
16453 0.000376587
16454 0.000376576
16455 0.000376565
16456 0.000376554
16457 0.000376544
16458 0.000376533
16459 0.000376522
16460 0.000376511
16461 0.000376501
16462 0.00037649
16463 0.000376479
16464 0.000376469
16465 0.000376458
16466 0.000376447
16467 0.000376437
16468 0.000376426
16469 0.000376416
16470 0.000376405
16471 0.000376395
16472 0.000376384
16473 0.000376374
16474 0.000376363
16475 0.000376353
16476 0.000376342
16477 0.000376332
16478 0.000376321
16479 0.000376311
16480 0.000376301
16481 0.00037629
16482 0.00037628
16483 0.00037627
16484 0.000376259
16485 0.000376249
16486 0.000376239
16487 0.000376229
16488 0.000376218
16489 0.000376208
16490 0.000376198
16491 0.000376188
16492 0.000376177
16493 0.000376167
16494 0.000376157
16495 0.000376147
16496 0.000376137
16497 0.000376127
16498 0.000376117
16499 0.000376107
16500 0.000376097
16501 0.000376087
16502 0.000376077
16503 0.000376067
16504 0.000376057
16505 0.000376047
16506 0.000376037
16507 0.000376027
16508 0.000376017
16509 0.000376007
16510 0.000375997
16511 0.000375987
16512 0.000375977
16513 0.000375968
16514 0.000375958
16515 0.000375948
16516 0.000375938
16517 0.000375929
16518 0.000375919
16519 0.000375909
16520 0.000375899
16521 0.00037589
16522 0.00037588
16523 0.00037587
16524 0.000375861
16525 0.000375851
16526 0.000375841
16527 0.000375832
16528 0.000375822
16529 0.000375813
16530 0.000375803
16531 0.000375794
16532 0.000375784
16533 0.000375775
16534 0.000375765
16535 0.000375756
16536 0.000375746
16537 0.000375737
16538 0.000375727
16539 0.000375718
16540 0.000375709
16541 0.000375699
16542 0.00037569
16543 0.00037568
16544 0.000375671
16545 0.000375662
16546 0.000375652
16547 0.000375643
16548 0.000375634
16549 0.000375625
16550 0.000375615
16551 0.000375606
16552 0.000375597
16553 0.000375588
16554 0.000375579
16555 0.000375569
16556 0.00037556
16557 0.000375551
16558 0.000375542
16559 0.000375533
16560 0.000375524
16561 0.000375515
16562 0.000375506
16563 0.000375497
16564 0.000375488
16565 0.000375479
16566 0.00037547
16567 0.000375461
16568 0.000375452
16569 0.000375443
16570 0.000375434
16571 0.000375425
16572 0.000375416
16573 0.000375407
16574 0.000375398
16575 0.000375389
16576 0.00037538
16577 0.000375371
16578 0.000375363
16579 0.000375354
16580 0.000375345
16581 0.000375336
16582 0.000375327
16583 0.000375319
16584 0.00037531
16585 0.000375301
16586 0.000375292
16587 0.000375284
16588 0.000375275
16589 0.000375266
16590 0.000375257
16591 0.000375249
16592 0.00037524
16593 0.000375232
16594 0.000375223
16595 0.000375214
16596 0.000375206
16597 0.000375197
16598 0.000375188
16599 0.00037518
16600 0.000375171
16601 0.000375163
16602 0.000375154
16603 0.000375146
16604 0.000375137
16605 0.000375129
16606 0.00037512
16607 0.000375112
16608 0.000375103
16609 0.000375095
16610 0.000375086
16611 0.000375078
16612 0.000375069
16613 0.000375061
16614 0.000375053
16615 0.000375044
16616 0.000375036
16617 0.000375027
16618 0.000375019
16619 0.000375011
16620 0.000375002
16621 0.000374994
16622 0.000374986
16623 0.000374977
16624 0.000374969
16625 0.000374961
16626 0.000374952
16627 0.000374944
16628 0.000374936
16629 0.000374928
16630 0.000374919
16631 0.000374911
16632 0.000374903
16633 0.000374895
16634 0.000374886
16635 0.000374878
16636 0.00037487
16637 0.000374862
16638 0.000374854
16639 0.000374845
16640 0.000374837
16641 0.000374829
16642 0.000374821
16643 0.000374813
16644 0.000374805
16645 0.000374796
16646 0.000374788
16647 0.00037478
16648 0.000374772
16649 0.000374764
16650 0.000374756
16651 0.000374748
16652 0.00037474
16653 0.000374732
16654 0.000374723
16655 0.000374715
16656 0.000374707
16657 0.000374699
16658 0.000374691
16659 0.000374683
16660 0.000374675
16661 0.000374667
16662 0.000374659
16663 0.000374651
16664 0.000374643
16665 0.000374635
16666 0.000374627
16667 0.000374619
16668 0.000374611
16669 0.000374603
16670 0.000374595
16671 0.000374587
16672 0.000374579
16673 0.000374571
16674 0.000374563
16675 0.000374555
16676 0.000374547
16677 0.000374539
16678 0.000374531
16679 0.000374523
16680 0.000374515
16681 0.000374507
16682 0.000374499
16683 0.000374491
16684 0.000374483
16685 0.000374475
16686 0.000374467
16687 0.000374459
16688 0.000374451
16689 0.000374443
16690 0.000374435
16691 0.000374427
16692 0.000374419
16693 0.000374411
16694 0.000374403
16695 0.000374395
16696 0.000374387
16697 0.000374379
16698 0.000374371
16699 0.000374363
16700 0.000374355
16701 0.000374348
16702 0.00037434
16703 0.000374332
16704 0.000374324
16705 0.000374316
16706 0.000374308
16707 0.0003743
16708 0.000374292
16709 0.000374284
16710 0.000374276
16711 0.000374268
16712 0.00037426
16713 0.000374252
16714 0.000374244
16715 0.000374236
16716 0.000374228
16717 0.00037422
16718 0.000374212
16719 0.000374204
16720 0.000374196
16721 0.000374188
16722 0.00037418
16723 0.000374172
16724 0.000374164
16725 0.000374156
16726 0.000374148
16727 0.00037414
16728 0.000374132
16729 0.000374123
16730 0.000374115
16731 0.000374107
16732 0.000374099
16733 0.000374091
16734 0.000374083
16735 0.000374075
16736 0.000374067
16737 0.000374059
16738 0.000374051
16739 0.000374043
16740 0.000374034
16741 0.000374026
16742 0.000374018
16743 0.00037401
16744 0.000374002
16745 0.000373994
16746 0.000373986
16747 0.000373977
16748 0.000373969
16749 0.000373961
16750 0.000373953
16751 0.000373945
16752 0.000373936
16753 0.000373928
16754 0.00037392
16755 0.000373912
16756 0.000373904
16757 0.000373895
16758 0.000373887
16759 0.000373879
16760 0.00037387
16761 0.000373862
16762 0.000373854
16763 0.000373846
16764 0.000373837
16765 0.000373829
16766 0.000373821
16767 0.000373812
16768 0.000373804
16769 0.000373796
16770 0.000373787
16771 0.000373779
16772 0.00037377
16773 0.000373762
16774 0.000373753
16775 0.000373745
16776 0.000373737
16777 0.000373728
16778 0.00037372
16779 0.000373711
16780 0.000373703
16781 0.000373694
16782 0.000373686
16783 0.000373677
16784 0.000373669
16785 0.00037366
16786 0.000373651
16787 0.000373643
16788 0.000373634
16789 0.000373626
16790 0.000373617
16791 0.000373608
16792 0.0003736
16793 0.000373591
16794 0.000373582
16795 0.000373574
16796 0.000373565
16797 0.000373556
16798 0.000373548
16799 0.000373539
16800 0.00037353
16801 0.000373521
16802 0.000373513
16803 0.000373504
16804 0.000373495
16805 0.000373486
16806 0.000373477
16807 0.000373468
16808 0.00037346
16809 0.000373451
16810 0.000373442
16811 0.000373433
16812 0.000373424
16813 0.000373415
16814 0.000373406
16815 0.000373397
16816 0.000373388
16817 0.000373379
16818 0.00037337
16819 0.000373361
16820 0.000373352
16821 0.000373343
16822 0.000373334
16823 0.000373325
16824 0.000373316
16825 0.000373307
16826 0.000373297
16827 0.000373288
16828 0.000373279
16829 0.00037327
16830 0.000373261
16831 0.000373252
16832 0.000373242
16833 0.000373233
16834 0.000373224
16835 0.000373215
16836 0.000373205
16837 0.000373196
16838 0.000373187
16839 0.000373177
16840 0.000373168
16841 0.000373159
16842 0.000373149
16843 0.00037314
16844 0.00037313
16845 0.000373121
16846 0.000373111
16847 0.000373102
16848 0.000373093
16849 0.000373083
16850 0.000373074
16851 0.000373064
16852 0.000373054
16853 0.000373045
16854 0.000373035
16855 0.000373026
16856 0.000373016
16857 0.000373007
16858 0.000372997
16859 0.000372987
16860 0.000372978
16861 0.000372968
16862 0.000372958
16863 0.000372948
16864 0.000372939
16865 0.000372929
16866 0.000372919
16867 0.000372909
16868 0.0003729
16869 0.00037289
16870 0.00037288
16871 0.00037287
16872 0.00037286
16873 0.00037285
16874 0.00037284
16875 0.000372831
16876 0.000372821
16877 0.000372811
16878 0.000372801
16879 0.000372791
16880 0.000372781
16881 0.000372771
16882 0.000372761
16883 0.000372751
16884 0.000372741
16885 0.000372731
16886 0.000372721
16887 0.000372711
16888 0.0003727
16889 0.00037269
16890 0.00037268
16891 0.00037267
16892 0.00037266
16893 0.00037265
16894 0.000372639
16895 0.000372629
16896 0.000372619
16897 0.000372609
16898 0.000372599
16899 0.000372588
16900 0.000372578
16901 0.000372568
16902 0.000372557
16903 0.000372547
16904 0.000372537
16905 0.000372526
16906 0.000372516
16907 0.000372506
16908 0.000372495
16909 0.000372485
16910 0.000372475
16911 0.000372464
16912 0.000372454
16913 0.000372443
16914 0.000372433
16915 0.000372422
16916 0.000372412
16917 0.000372401
16918 0.000372391
16919 0.00037238
16920 0.00037237
16921 0.000372359
16922 0.000372349
16923 0.000372338
16924 0.000372327
16925 0.000372317
16926 0.000372306
16927 0.000372296
16928 0.000372285
16929 0.000372274
16930 0.000372264
16931 0.000372253
16932 0.000372242
16933 0.000372232
16934 0.000372221
16935 0.00037221
16936 0.000372199
16937 0.000372189
16938 0.000372178
16939 0.000372167
16940 0.000372156
16941 0.000372146
16942 0.000372135
16943 0.000372124
16944 0.000372113
16945 0.000372103
16946 0.000372092
16947 0.000372081
16948 0.00037207
16949 0.000372059
16950 0.000372048
16951 0.000372037
16952 0.000372027
16953 0.000372016
16954 0.000372005
16955 0.000371994
16956 0.000371983
16957 0.000371972
16958 0.000371961
16959 0.00037195
16960 0.000371939
16961 0.000371928
16962 0.000371917
16963 0.000371906
16964 0.000371895
16965 0.000371884
16966 0.000371873
16967 0.000371862
16968 0.000371851
16969 0.00037184
16970 0.000371829
16971 0.000371818
16972 0.000371807
16973 0.000371796
16974 0.000371785
16975 0.000371774
16976 0.000371763
16977 0.000371752
16978 0.000371741
16979 0.00037173
16980 0.000371719
16981 0.000371708
16982 0.000371697
16983 0.000371686
16984 0.000371675
16985 0.000371664
16986 0.000371653
16987 0.000371641
16988 0.00037163
16989 0.000371619
16990 0.000371608
16991 0.000371597
16992 0.000371586
16993 0.000371575
16994 0.000371564
16995 0.000371552
16996 0.000371541
16997 0.00037153
16998 0.000371519
16999 0.000371508
17000 0.000371497
17001 0.000371486
17002 0.000371474
17003 0.000371463
17004 0.000371452
17005 0.000371441
17006 0.00037143
17007 0.000371419
17008 0.000371408
17009 0.000371396
17010 0.000371385
17011 0.000371374
17012 0.000371363
17013 0.000371352
17014 0.000371341
17015 0.000371329
17016 0.000371318
17017 0.000371307
17018 0.000371296
17019 0.000371285
17020 0.000371274
17021 0.000371262
17022 0.000371251
17023 0.00037124
17024 0.000371229
17025 0.000371218
17026 0.000371207
17027 0.000371196
17028 0.000371184
17029 0.000371173
17030 0.000371162
17031 0.000371151
17032 0.00037114
17033 0.000371129
17034 0.000371117
17035 0.000371106
17036 0.000371095
17037 0.000371084
17038 0.000371073
17039 0.000371062
17040 0.000371051
17041 0.000371039
17042 0.000371028
17043 0.000371017
17044 0.000371006
17045 0.000370995
17046 0.000370984
17047 0.000370973
17048 0.000370962
17049 0.000370951
17050 0.000370939
17051 0.000370928
17052 0.000370917
17053 0.000370906
17054 0.000370895
17055 0.000370884
17056 0.000370873
17057 0.000370862
17058 0.000370851
17059 0.00037084
17060 0.000370829
17061 0.000370818
17062 0.000370807
17063 0.000370796
17064 0.000370785
17065 0.000370774
17066 0.000370762
17067 0.000370751
17068 0.00037074
17069 0.000370729
17070 0.000370718
17071 0.000370707
17072 0.000370696
17073 0.000370685
17074 0.000370675
17075 0.000370664
17076 0.000370653
17077 0.000370642
17078 0.000370631
17079 0.00037062
17080 0.000370609
17081 0.000370598
17082 0.000370587
17083 0.000370576
17084 0.000370565
17085 0.000370554
17086 0.000370543
17087 0.000370532
17088 0.000370522
17089 0.000370511
17090 0.0003705
17091 0.000370489
17092 0.000370478
17093 0.000370467
17094 0.000370456
17095 0.000370446
17096 0.000370435
17097 0.000370424
17098 0.000370413
17099 0.000370402
17100 0.000370392
17101 0.000370381
17102 0.00037037
17103 0.000370359
17104 0.000370349
17105 0.000370338
17106 0.000370327
17107 0.000370316
17108 0.000370306
17109 0.000370295
17110 0.000370284
17111 0.000370274
17112 0.000370263
17113 0.000370252
17114 0.000370242
17115 0.000370231
17116 0.00037022
17117 0.00037021
17118 0.000370199
17119 0.000370188
17120 0.000370178
17121 0.000370167
17122 0.000370157
17123 0.000370146
17124 0.000370135
17125 0.000370125
17126 0.000370114
17127 0.000370104
17128 0.000370093
17129 0.000370083
17130 0.000370072
17131 0.000370062
17132 0.000370051
17133 0.000370041
17134 0.00037003
17135 0.00037002
17136 0.00037001
17137 0.000369999
17138 0.000369989
17139 0.000369978
17140 0.000369968
17141 0.000369958
17142 0.000369947
17143 0.000369937
17144 0.000369926
17145 0.000369916
17146 0.000369906
17147 0.000369895
17148 0.000369885
17149 0.000369875
17150 0.000369865
17151 0.000369854
17152 0.000369844
17153 0.000369834
17154 0.000369823
17155 0.000369813
17156 0.000369803
17157 0.000369793
17158 0.000369783
17159 0.000369772
17160 0.000369762
17161 0.000369752
17162 0.000369742
17163 0.000369732
17164 0.000369722
17165 0.000369712
17166 0.000369701
17167 0.000369691
17168 0.000369681
17169 0.000369671
17170 0.000369661
17171 0.000369651
17172 0.000369641
17173 0.000369631
17174 0.000369621
17175 0.000369611
17176 0.000369601
17177 0.000369591
17178 0.000369581
17179 0.000369571
17180 0.000369561
17181 0.000369551
17182 0.000369541
17183 0.000369531
17184 0.000369522
17185 0.000369512
17186 0.000369502
17187 0.000369492
17188 0.000369482
17189 0.000369472
17190 0.000369462
17191 0.000369453
17192 0.000369443
17193 0.000369433
17194 0.000369423
17195 0.000369414
17196 0.000369404
17197 0.000369394
17198 0.000369384
17199 0.000369375
17200 0.000369365
17201 0.000369355
17202 0.000369346
17203 0.000369336
17204 0.000369326
17205 0.000369317
17206 0.000369307
17207 0.000369297
17208 0.000369288
17209 0.000369278
17210 0.000369269
17211 0.000369259
17212 0.000369249
17213 0.00036924
17214 0.00036923
17215 0.000369221
17216 0.000369211
17217 0.000369202
17218 0.000369192
17219 0.000369183
17220 0.000369173
17221 0.000369164
17222 0.000369154
17223 0.000369145
17224 0.000369136
17225 0.000369126
17226 0.000369117
17227 0.000369107
17228 0.000369098
17229 0.000369089
17230 0.000369079
17231 0.00036907
17232 0.000369061
17233 0.000369051
17234 0.000369042
17235 0.000369033
17236 0.000369024
17237 0.000369014
17238 0.000369005
17239 0.000368996
17240 0.000368987
17241 0.000368977
17242 0.000368968
17243 0.000368959
17244 0.00036895
17245 0.000368941
17246 0.000368931
17247 0.000368922
17248 0.000368913
17249 0.000368904
17250 0.000368895
17251 0.000368886
17252 0.000368877
17253 0.000368868
17254 0.000368859
17255 0.00036885
17256 0.00036884
17257 0.000368831
17258 0.000368822
17259 0.000368813
17260 0.000368804
17261 0.000368795
17262 0.000368786
17263 0.000368777
17264 0.000368769
17265 0.00036876
17266 0.000368751
17267 0.000368742
17268 0.000368733
17269 0.000368724
17270 0.000368715
17271 0.000368706
17272 0.000368697
17273 0.000368688
17274 0.00036868
17275 0.000368671
17276 0.000368662
17277 0.000368653
17278 0.000368644
17279 0.000368635
17280 0.000368627
17281 0.000368618
17282 0.000368609
17283 0.0003686
17284 0.000368592
17285 0.000368583
17286 0.000368574
17287 0.000368565
17288 0.000368557
17289 0.000368548
17290 0.000368539
17291 0.000368531
17292 0.000368522
17293 0.000368513
17294 0.000368505
17295 0.000368496
17296 0.000368487
17297 0.000368479
17298 0.00036847
17299 0.000368462
17300 0.000368453
17301 0.000368444
17302 0.000368436
17303 0.000368427
17304 0.000368419
17305 0.00036841
17306 0.000368402
17307 0.000368393
17308 0.000368385
17309 0.000368376
17310 0.000368368
17311 0.000368359
17312 0.000368351
17313 0.000368342
17314 0.000368334
17315 0.000368325
17316 0.000368317
17317 0.000368308
17318 0.0003683
17319 0.000368291
17320 0.000368283
17321 0.000368275
17322 0.000368266
17323 0.000368258
17324 0.000368249
17325 0.000368241
17326 0.000368233
17327 0.000368224
17328 0.000368216
17329 0.000368208
17330 0.000368199
17331 0.000368191
17332 0.000368183
17333 0.000368174
17334 0.000368166
17335 0.000368158
17336 0.000368149
17337 0.000368141
17338 0.000368133
17339 0.000368125
17340 0.000368116
17341 0.000368108
17342 0.0003681
17343 0.000368092
17344 0.000368083
17345 0.000368075
17346 0.000368067
17347 0.000368059
17348 0.00036805
17349 0.000368042
17350 0.000368034
17351 0.000368026
17352 0.000368018
17353 0.000368009
17354 0.000368001
17355 0.000367993
17356 0.000367985
17357 0.000367977
17358 0.000367969
17359 0.00036796
17360 0.000367952
17361 0.000367944
17362 0.000367936
17363 0.000367928
17364 0.00036792
17365 0.000367912
17366 0.000367904
17367 0.000367895
17368 0.000367887
17369 0.000367879
17370 0.000367871
17371 0.000367863
17372 0.000367855
17373 0.000367847
17374 0.000367839
17375 0.000367831
17376 0.000367823
17377 0.000367815
17378 0.000367807
17379 0.000367798
17380 0.00036779
17381 0.000367782
17382 0.000367774
17383 0.000367766
17384 0.000367758
17385 0.00036775
17386 0.000367742
17387 0.000367734
17388 0.000367726
17389 0.000367718
17390 0.00036771
17391 0.000367702
17392 0.000367694
17393 0.000367686
17394 0.000367678
17395 0.00036767
17396 0.000367662
17397 0.000367654
17398 0.000367646
17399 0.000367638
17400 0.00036763
17401 0.000367622
17402 0.000367614
17403 0.000367606
17404 0.000367598
17405 0.00036759
17406 0.000367582
17407 0.000367574
17408 0.000367566
17409 0.000367558
17410 0.00036755
17411 0.000367542
17412 0.000367534
17413 0.000367526
17414 0.000367518
17415 0.00036751
17416 0.000367502
17417 0.000367494
17418 0.000367486
17419 0.000367478
17420 0.00036747
17421 0.000367462
17422 0.000367454
17423 0.000367446
17424 0.000367438
17425 0.00036743
17426 0.000367422
17427 0.000367414
17428 0.000367406
17429 0.000367398
17430 0.00036739
17431 0.000367382
17432 0.000367374
17433 0.000367366
17434 0.000367358
17435 0.00036735
17436 0.000367342
17437 0.000367334
17438 0.000367326
17439 0.000367318
17440 0.00036731
17441 0.000367302
17442 0.000367294
17443 0.000367286
17444 0.000367278
17445 0.00036727
17446 0.000367262
17447 0.000367254
17448 0.000367246
17449 0.000367238
17450 0.00036723
17451 0.000367221
17452 0.000367213
17453 0.000367205
17454 0.000367197
17455 0.000367189
17456 0.000367181
17457 0.000367173
17458 0.000367165
17459 0.000367157
17460 0.000367149
17461 0.000367141
17462 0.000367133
17463 0.000367125
17464 0.000367117
17465 0.000367108
17466 0.0003671
17467 0.000367092
17468 0.000367084
17469 0.000367076
17470 0.000367068
17471 0.00036706
17472 0.000367052
17473 0.000367043
17474 0.000367035
17475 0.000367027
17476 0.000367019
17477 0.000367011
17478 0.000367003
17479 0.000366995
17480 0.000366986
17481 0.000366978
17482 0.00036697
17483 0.000366962
17484 0.000366954
17485 0.000366945
17486 0.000366937
17487 0.000366929
17488 0.000366921
17489 0.000366912
17490 0.000366904
17491 0.000366896
17492 0.000366888
17493 0.000366879
17494 0.000366871
17495 0.000366863
17496 0.000366855
17497 0.000366846
17498 0.000366838
17499 0.00036683
17500 0.000366821
17501 0.000366813
17502 0.000366805
17503 0.000366797
17504 0.000366788
17505 0.00036678
17506 0.000366772
17507 0.000366763
17508 0.000366755
17509 0.000366746
17510 0.000366738
17511 0.00036673
17512 0.000366721
17513 0.000366713
17514 0.000366704
17515 0.000366696
17516 0.000366688
17517 0.000366679
17518 0.000366671
17519 0.000366662
17520 0.000366654
17521 0.000366645
17522 0.000366637
17523 0.000366628
17524 0.00036662
17525 0.000366611
17526 0.000366603
17527 0.000366594
17528 0.000366586
17529 0.000366577
17530 0.000366569
17531 0.00036656
17532 0.000366552
17533 0.000366543
17534 0.000366534
17535 0.000366526
17536 0.000366517
17537 0.000366509
17538 0.0003665
17539 0.000366491
17540 0.000366483
17541 0.000366474
17542 0.000366465
17543 0.000366457
17544 0.000366448
17545 0.000366439
17546 0.000366431
17547 0.000366422
17548 0.000366413
17549 0.000366405
17550 0.000366396
17551 0.000366387
17552 0.000366378
17553 0.00036637
17554 0.000366361
17555 0.000366352
17556 0.000366343
17557 0.000366334
17558 0.000366326
17559 0.000366317
17560 0.000366308
17561 0.000366299
17562 0.00036629
17563 0.000366281
17564 0.000366273
17565 0.000366264
17566 0.000366255
17567 0.000366246
17568 0.000366237
17569 0.000366228
17570 0.000366219
17571 0.00036621
17572 0.000366201
17573 0.000366192
17574 0.000366183
17575 0.000366174
17576 0.000366165
17577 0.000366156
17578 0.000366147
17579 0.000366138
17580 0.000366129
17581 0.00036612
17582 0.000366111
17583 0.000366102
17584 0.000366093
17585 0.000366084
17586 0.000366075
17587 0.000366066
17588 0.000366057
17589 0.000366048
17590 0.000366038
17591 0.000366029
17592 0.00036602
17593 0.000366011
17594 0.000366002
17595 0.000365993
17596 0.000365984
17597 0.000365974
17598 0.000365965
17599 0.000365956
17600 0.000365947
17601 0.000365937
17602 0.000365928
17603 0.000365919
17604 0.00036591
17605 0.0003659
17606 0.000365891
17607 0.000365882
17608 0.000365873
17609 0.000365863
17610 0.000365854
17611 0.000365845
17612 0.000365835
17613 0.000365826
17614 0.000365817
17615 0.000365807
17616 0.000365798
17617 0.000365788
17618 0.000365779
17619 0.00036577
17620 0.00036576
17621 0.000365751
17622 0.000365741
17623 0.000365732
17624 0.000365723
17625 0.000365713
17626 0.000365704
17627 0.000365694
17628 0.000365685
17629 0.000365675
17630 0.000365666
17631 0.000365656
17632 0.000365647
17633 0.000365637
17634 0.000365628
17635 0.000365618
17636 0.000365609
17637 0.000365599
17638 0.000365589
17639 0.00036558
17640 0.00036557
17641 0.000365561
17642 0.000365551
17643 0.000365541
17644 0.000365532
17645 0.000365522
17646 0.000365513
17647 0.000365503
17648 0.000365493
17649 0.000365484
17650 0.000365474
17651 0.000365464
17652 0.000365455
17653 0.000365445
17654 0.000365435
17655 0.000365426
17656 0.000365416
17657 0.000365406
17658 0.000365396
17659 0.000365387
17660 0.000365377
17661 0.000365367
17662 0.000365358
17663 0.000365348
17664 0.000365338
17665 0.000365328
17666 0.000365318
17667 0.000365309
17668 0.000365299
17669 0.000365289
17670 0.000365279
17671 0.00036527
17672 0.00036526
17673 0.00036525
17674 0.00036524
17675 0.00036523
17676 0.00036522
17677 0.000365211
17678 0.000365201
17679 0.000365191
17680 0.000365181
17681 0.000365171
17682 0.000365161
17683 0.000365151
17684 0.000365142
17685 0.000365132
17686 0.000365122
17687 0.000365112
17688 0.000365102
17689 0.000365092
17690 0.000365082
17691 0.000365072
17692 0.000365062
17693 0.000365052
17694 0.000365043
17695 0.000365033
17696 0.000365023
17697 0.000365013
17698 0.000365003
17699 0.000364993
17700 0.000364983
17701 0.000364973
17702 0.000364963
17703 0.000364953
17704 0.000364943
17705 0.000364933
17706 0.000364923
17707 0.000364913
17708 0.000364903
17709 0.000364893
17710 0.000364883
17711 0.000364873
17712 0.000364863
17713 0.000364853
17714 0.000364843
17715 0.000364833
17716 0.000364823
17717 0.000364813
17718 0.000364803
17719 0.000364793
17720 0.000364783
17721 0.000364773
17722 0.000364763
17723 0.000364753
17724 0.000364743
17725 0.000364733
17726 0.000364723
17727 0.000364713
17728 0.000364703
17729 0.000364693
17730 0.000364683
17731 0.000364673
17732 0.000364663
17733 0.000364653
17734 0.000364643
17735 0.000364633
17736 0.000364623
17737 0.000364613
17738 0.000364603
17739 0.000364593
17740 0.000364583
17741 0.000364573
17742 0.000364563
17743 0.000364553
17744 0.000364543
17745 0.000364533
17746 0.000364523
17747 0.000364513
17748 0.000364502
17749 0.000364492
17750 0.000364482
17751 0.000364472
17752 0.000364462
17753 0.000364452
17754 0.000364442
17755 0.000364432
17756 0.000364422
17757 0.000364412
17758 0.000364402
17759 0.000364392
17760 0.000364382
17761 0.000364372
17762 0.000364362
17763 0.000364352
17764 0.000364342
17765 0.000364332
17766 0.000364322
17767 0.000364312
17768 0.000364302
17769 0.000364292
17770 0.000364282
17771 0.000364272
17772 0.000364262
17773 0.000364252
17774 0.000364242
17775 0.000364232
17776 0.000364222
17777 0.000364212
17778 0.000364202
17779 0.000364192
17780 0.000364182
17781 0.000364172
17782 0.000364162
17783 0.000364152
17784 0.000364142
17785 0.000364132
17786 0.000364122
17787 0.000364112
17788 0.000364102
17789 0.000364092
17790 0.000364082
17791 0.000364072
17792 0.000364062
17793 0.000364052
17794 0.000364042
17795 0.000364032
17796 0.000364022
17797 0.000364012
17798 0.000364002
17799 0.000363992
17800 0.000363983
17801 0.000363973
17802 0.000363963
17803 0.000363953
17804 0.000363943
17805 0.000363933
17806 0.000363923
17807 0.000363913
17808 0.000363903
17809 0.000363893
17810 0.000363883
17811 0.000363874
17812 0.000363864
17813 0.000363854
17814 0.000363844
17815 0.000363834
17816 0.000363824
17817 0.000363814
17818 0.000363805
17819 0.000363795
17820 0.000363785
17821 0.000363775
17822 0.000363765
17823 0.000363755
17824 0.000363746
17825 0.000363736
17826 0.000363726
17827 0.000363716
17828 0.000363706
17829 0.000363697
17830 0.000363687
17831 0.000363677
17832 0.000363667
17833 0.000363658
17834 0.000363648
17835 0.000363638
17836 0.000363628
17837 0.000363619
17838 0.000363609
17839 0.000363599
17840 0.000363589
17841 0.00036358
17842 0.00036357
17843 0.00036356
17844 0.00036355
17845 0.000363541
17846 0.000363531
17847 0.000363521
17848 0.000363512
17849 0.000363502
17850 0.000363492
17851 0.000363483
17852 0.000363473
17853 0.000363463
17854 0.000363454
17855 0.000363444
17856 0.000363435
17857 0.000363425
17858 0.000363415
17859 0.000363406
17860 0.000363396
17861 0.000363387
17862 0.000363377
17863 0.000363367
17864 0.000363358
17865 0.000363348
17866 0.000363339
17867 0.000363329
17868 0.00036332
17869 0.00036331
17870 0.000363301
17871 0.000363291
17872 0.000363282
17873 0.000363272
17874 0.000363263
17875 0.000363253
17876 0.000363244
17877 0.000363234
17878 0.000363225
17879 0.000363215
17880 0.000363206
17881 0.000363196
17882 0.000363187
17883 0.000363178
17884 0.000363168
17885 0.000363159
17886 0.000363149
17887 0.00036314
17888 0.000363131
17889 0.000363121
17890 0.000363112
17891 0.000363102
17892 0.000363093
17893 0.000363084
17894 0.000363074
17895 0.000363065
17896 0.000363056
17897 0.000363046
17898 0.000363037
17899 0.000363028
17900 0.000363019
17901 0.000363009
17902 0.000363
17903 0.000362991
17904 0.000362982
17905 0.000362972
17906 0.000362963
17907 0.000362954
17908 0.000362945
17909 0.000362935
17910 0.000362926
17911 0.000362917
17912 0.000362908
17913 0.000362899
17914 0.000362889
17915 0.00036288
17916 0.000362871
17917 0.000362862
17918 0.000362853
17919 0.000362844
17920 0.000362834
17921 0.000362825
17922 0.000362816
17923 0.000362807
17924 0.000362798
17925 0.000362789
17926 0.00036278
17927 0.000362771
17928 0.000362762
17929 0.000362753
17930 0.000362744
17931 0.000362735
17932 0.000362726
17933 0.000362717
17934 0.000362708
17935 0.000362699
17936 0.00036269
17937 0.000362681
17938 0.000362672
17939 0.000362663
17940 0.000362654
17941 0.000362645
17942 0.000362636
17943 0.000362627
17944 0.000362618
17945 0.000362609
17946 0.0003626
17947 0.000362591
17948 0.000362582
17949 0.000362573
17950 0.000362564
17951 0.000362556
17952 0.000362547
17953 0.000362538
17954 0.000362529
17955 0.00036252
17956 0.000362511
17957 0.000362503
17958 0.000362494
17959 0.000362485
17960 0.000362476
17961 0.000362467
17962 0.000362459
17963 0.00036245
17964 0.000362441
17965 0.000362432
17966 0.000362423
17967 0.000362415
17968 0.000362406
17969 0.000362397
17970 0.000362389
17971 0.00036238
17972 0.000362371
17973 0.000362362
17974 0.000362354
17975 0.000362345
17976 0.000362336
17977 0.000362328
17978 0.000362319
17979 0.00036231
17980 0.000362302
17981 0.000362293
17982 0.000362285
17983 0.000362276
17984 0.000362267
17985 0.000362259
17986 0.00036225
17987 0.000362242
17988 0.000362233
17989 0.000362224
17990 0.000362216
17991 0.000362207
17992 0.000362199
17993 0.00036219
17994 0.000362182
17995 0.000362173
17996 0.000362165
17997 0.000362156
17998 0.000362148
17999 0.000362139
18000 0.000362131
18001 0.000362122
18002 0.000362114
18003 0.000362105
18004 0.000362097
18005 0.000362088
18006 0.00036208
18007 0.000362071
18008 0.000362063
18009 0.000362054
18010 0.000362046
18011 0.000362038
18012 0.000362029
18013 0.000362021
18014 0.000362012
18015 0.000362004
18016 0.000361996
18017 0.000361987
18018 0.000361979
18019 0.000361971
18020 0.000361962
18021 0.000361954
18022 0.000361946
18023 0.000361937
18024 0.000361929
18025 0.000361921
18026 0.000361912
18027 0.000361904
18028 0.000361896
18029 0.000361887
18030 0.000361879
18031 0.000361871
18032 0.000361863
18033 0.000361854
18034 0.000361846
18035 0.000361838
18036 0.000361829
18037 0.000361821
18038 0.000361813
18039 0.000361805
18040 0.000361797
18041 0.000361788
18042 0.00036178
18043 0.000361772
18044 0.000361764
18045 0.000361755
18046 0.000361747
18047 0.000361739
18048 0.000361731
18049 0.000361723
18050 0.000361715
18051 0.000361706
18052 0.000361698
18053 0.00036169
18054 0.000361682
18055 0.000361674
18056 0.000361666
18057 0.000361657
18058 0.000361649
18059 0.000361641
18060 0.000361633
18061 0.000361625
18062 0.000361617
18063 0.000361609
18064 0.000361601
18065 0.000361593
18066 0.000361584
18067 0.000361576
18068 0.000361568
18069 0.00036156
18070 0.000361552
18071 0.000361544
18072 0.000361536
18073 0.000361528
18074 0.00036152
18075 0.000361512
18076 0.000361504
18077 0.000361496
18078 0.000361488
18079 0.00036148
18080 0.000361472
18081 0.000361464
18082 0.000361455
18083 0.000361447
18084 0.000361439
18085 0.000361431
18086 0.000361423
18087 0.000361415
18088 0.000361407
18089 0.000361399
18090 0.000361391
18091 0.000361383
18092 0.000361375
18093 0.000361367
18094 0.000361359
18095 0.000361351
18096 0.000361343
18097 0.000361335
18098 0.000361327
18099 0.000361319
18100 0.000361311
18101 0.000361304
18102 0.000361296
18103 0.000361288
18104 0.00036128
18105 0.000361272
18106 0.000361264
18107 0.000361256
18108 0.000361248
18109 0.00036124
18110 0.000361232
18111 0.000361224
18112 0.000361216
18113 0.000361208
18114 0.0003612
18115 0.000361192
18116 0.000361184
18117 0.000361176
18118 0.000361168
18119 0.00036116
18120 0.000361152
18121 0.000361145
18122 0.000361137
18123 0.000361129
18124 0.000361121
18125 0.000361113
18126 0.000361105
18127 0.000361097
18128 0.000361089
18129 0.000361081
18130 0.000361073
18131 0.000361065
18132 0.000361057
18133 0.000361049
18134 0.000361042
18135 0.000361034
18136 0.000361026
18137 0.000361018
18138 0.00036101
18139 0.000361002
18140 0.000360994
18141 0.000360986
18142 0.000360978
18143 0.00036097
18144 0.000360962
18145 0.000360954
18146 0.000360947
18147 0.000360939
18148 0.000360931
18149 0.000360923
18150 0.000360915
18151 0.000360907
18152 0.000360899
18153 0.000360891
18154 0.000360883
18155 0.000360875
18156 0.000360867
18157 0.000360859
18158 0.000360851
18159 0.000360844
18160 0.000360836
18161 0.000360828
18162 0.00036082
18163 0.000360812
18164 0.000360804
18165 0.000360796
18166 0.000360788
18167 0.00036078
18168 0.000360772
18169 0.000360764
18170 0.000360756
18171 0.000360748
18172 0.00036074
18173 0.000360732
18174 0.000360724
18175 0.000360717
18176 0.000360709
18177 0.000360701
18178 0.000360693
18179 0.000360685
18180 0.000360677
18181 0.000360669
18182 0.000360661
18183 0.000360653
18184 0.000360645
18185 0.000360637
18186 0.000360629
18187 0.000360621
18188 0.000360613
18189 0.000360605
18190 0.000360597
18191 0.000360589
18192 0.000360581
18193 0.000360573
18194 0.000360565
18195 0.000360557
18196 0.000360549
18197 0.000360541
18198 0.000360533
18199 0.000360525
18200 0.000360517
18201 0.000360509
18202 0.000360501
18203 0.000360493
18204 0.000360485
18205 0.000360477
18206 0.000360469
18207 0.000360461
18208 0.000360453
18209 0.000360445
18210 0.000360437
18211 0.000360429
18212 0.00036042
18213 0.000360412
18214 0.000360404
18215 0.000360396
18216 0.000360388
18217 0.00036038
18218 0.000360372
18219 0.000360364
18220 0.000360356
18221 0.000360348
18222 0.00036034
18223 0.000360332
18224 0.000360323
18225 0.000360315
18226 0.000360307
18227 0.000360299
18228 0.000360291
18229 0.000360283
18230 0.000360275
18231 0.000360266
18232 0.000360258
18233 0.00036025
18234 0.000360242
18235 0.000360234
18236 0.000360226
18237 0.000360218
18238 0.000360209
18239 0.000360201
18240 0.000360193
18241 0.000360185
18242 0.000360177
18243 0.000360168
18244 0.00036016
18245 0.000360152
18246 0.000360144
18247 0.000360136
18248 0.000360127
18249 0.000360119
18250 0.000360111
18251 0.000360103
18252 0.000360094
18253 0.000360086
18254 0.000360078
18255 0.00036007
18256 0.000360061
18257 0.000360053
18258 0.000360045
18259 0.000360036
18260 0.000360028
18261 0.00036002
18262 0.000360011
18263 0.000360003
18264 0.000359995
18265 0.000359987
18266 0.000359978
18267 0.00035997
18268 0.000359962
18269 0.000359953
18270 0.000359945
18271 0.000359936
18272 0.000359928
18273 0.00035992
18274 0.000359911
18275 0.000359903
18276 0.000359895
18277 0.000359886
18278 0.000359878
18279 0.000359869
18280 0.000359861
18281 0.000359853
18282 0.000359844
18283 0.000359836
18284 0.000359827
18285 0.000359819
18286 0.00035981
18287 0.000359802
18288 0.000359793
18289 0.000359785
18290 0.000359776
18291 0.000359768
18292 0.00035976
18293 0.000359751
18294 0.000359743
18295 0.000359734
18296 0.000359726
18297 0.000359717
18298 0.000359708
18299 0.0003597
18300 0.000359691
18301 0.000359683
18302 0.000359674
18303 0.000359666
18304 0.000359657
18305 0.000359649
18306 0.00035964
18307 0.000359631
18308 0.000359623
18309 0.000359614
18310 0.000359606
18311 0.000359597
18312 0.000359588
18313 0.00035958
18314 0.000359571
18315 0.000359563
18316 0.000359554
18317 0.000359545
18318 0.000359537
18319 0.000359528
18320 0.000359519
18321 0.000359511
18322 0.000359502
18323 0.000359493
18324 0.000359485
18325 0.000359476
18326 0.000359467
18327 0.000359459
18328 0.00035945
18329 0.000359441
18330 0.000359432
18331 0.000359424
18332 0.000359415
18333 0.000359406
18334 0.000359398
18335 0.000359389
18336 0.00035938
18337 0.000359371
18338 0.000359362
18339 0.000359354
18340 0.000359345
18341 0.000359336
18342 0.000359327
18343 0.000359319
18344 0.00035931
18345 0.000359301
18346 0.000359292
18347 0.000359283
18348 0.000359274
18349 0.000359266
18350 0.000359257
18351 0.000359248
18352 0.000359239
18353 0.00035923
18354 0.000359221
18355 0.000359213
18356 0.000359204
18357 0.000359195
18358 0.000359186
18359 0.000359177
18360 0.000359168
18361 0.000359159
18362 0.00035915
18363 0.000359141
18364 0.000359133
18365 0.000359124
18366 0.000359115
18367 0.000359106
18368 0.000359097
18369 0.000359088
18370 0.000359079
18371 0.00035907
18372 0.000359061
18373 0.000359052
18374 0.000359043
18375 0.000359034
18376 0.000359025
18377 0.000359016
18378 0.000359007
18379 0.000358998
18380 0.000358989
18381 0.00035898
18382 0.000358971
18383 0.000358962
18384 0.000358953
18385 0.000358944
18386 0.000358935
18387 0.000358926
18388 0.000358917
18389 0.000358908
18390 0.000358899
18391 0.00035889
18392 0.000358881
18393 0.000358872
18394 0.000358863
18395 0.000358854
18396 0.000358845
18397 0.000358836
18398 0.000358827
18399 0.000358818
18400 0.000358809
18401 0.0003588
18402 0.00035879
18403 0.000358781
18404 0.000358772
18405 0.000358763
18406 0.000358754
18407 0.000358745
18408 0.000358736
18409 0.000358727
18410 0.000358718
18411 0.000358709
18412 0.000358699
18413 0.00035869
18414 0.000358681
18415 0.000358672
18416 0.000358663
18417 0.000358654
18418 0.000358645
18419 0.000358636
18420 0.000358626
18421 0.000358617
18422 0.000358608
18423 0.000358599
18424 0.00035859
18425 0.000358581
18426 0.000358572
18427 0.000358562
18428 0.000358553
18429 0.000358544
18430 0.000358535
18431 0.000358526
18432 0.000358517
18433 0.000358507
18434 0.000358498
18435 0.000358489
18436 0.00035848
18437 0.000358471
18438 0.000358462
18439 0.000358452
18440 0.000358443
18441 0.000358434
18442 0.000358425
18443 0.000358416
18444 0.000358406
18445 0.000358397
18446 0.000358388
18447 0.000358379
18448 0.00035837
18449 0.00035836
18450 0.000358351
18451 0.000358342
18452 0.000358333
18453 0.000358324
18454 0.000358314
18455 0.000358305
18456 0.000358296
18457 0.000358287
18458 0.000358278
18459 0.000358268
18460 0.000358259
18461 0.00035825
18462 0.000358241
18463 0.000358232
18464 0.000358222
18465 0.000358213
18466 0.000358204
18467 0.000358195
18468 0.000358186
18469 0.000358176
18470 0.000358167
18471 0.000358158
18472 0.000358149
18473 0.000358139
18474 0.00035813
18475 0.000358121
18476 0.000358112
18477 0.000358103
18478 0.000358093
18479 0.000358084
18480 0.000358075
18481 0.000358066
18482 0.000358057
18483 0.000358047
18484 0.000358038
18485 0.000358029
18486 0.00035802
18487 0.000358011
18488 0.000358001
18489 0.000357992
18490 0.000357983
18491 0.000357974
18492 0.000357965
18493 0.000357955
18494 0.000357946
18495 0.000357937
18496 0.000357928
18497 0.000357919
18498 0.000357909
18499 0.0003579
18500 0.000357891
18501 0.000357882
18502 0.000357873
18503 0.000357863
18504 0.000357854
18505 0.000357845
18506 0.000357836
18507 0.000357827
18508 0.000357817
18509 0.000357808
18510 0.000357799
18511 0.00035779
18512 0.000357781
18513 0.000357772
18514 0.000357762
18515 0.000357753
18516 0.000357744
18517 0.000357735
18518 0.000357726
18519 0.000357717
18520 0.000357707
18521 0.000357698
18522 0.000357689
18523 0.00035768
18524 0.000357671
18525 0.000357662
18526 0.000357652
18527 0.000357643
18528 0.000357634
18529 0.000357625
18530 0.000357616
18531 0.000357607
18532 0.000357598
18533 0.000357589
18534 0.000357579
18535 0.00035757
18536 0.000357561
18537 0.000357552
18538 0.000357543
18539 0.000357534
18540 0.000357525
18541 0.000357516
18542 0.000357507
18543 0.000357497
18544 0.000357488
18545 0.000357479
18546 0.00035747
18547 0.000357461
18548 0.000357452
18549 0.000357443
18550 0.000357434
18551 0.000357425
18552 0.000357416
18553 0.000357407
18554 0.000357398
18555 0.000357389
18556 0.00035738
18557 0.00035737
18558 0.000357361
18559 0.000357352
18560 0.000357343
18561 0.000357334
18562 0.000357325
18563 0.000357316
18564 0.000357307
18565 0.000357298
18566 0.000357289
18567 0.00035728
18568 0.000357271
18569 0.000357262
18570 0.000357253
18571 0.000357244
18572 0.000357235
18573 0.000357226
18574 0.000357217
18575 0.000357208
18576 0.000357199
18577 0.00035719
18578 0.000357181
18579 0.000357173
18580 0.000357164
18581 0.000357155
18582 0.000357146
18583 0.000357137
18584 0.000357128
18585 0.000357119
18586 0.00035711
18587 0.000357101
18588 0.000357092
18589 0.000357083
18590 0.000357074
18591 0.000357065
18592 0.000357057
18593 0.000357048
18594 0.000357039
18595 0.00035703
18596 0.000357021
18597 0.000357012
18598 0.000357003
18599 0.000356994
18600 0.000356986
18601 0.000356977
18602 0.000356968
18603 0.000356959
18604 0.00035695
18605 0.000356941
18606 0.000356933
18607 0.000356924
18608 0.000356915
18609 0.000356906
18610 0.000356897
18611 0.000356888
18612 0.00035688
18613 0.000356871
18614 0.000356862
18615 0.000356853
18616 0.000356845
18617 0.000356836
18618 0.000356827
18619 0.000356818
18620 0.00035681
18621 0.000356801
18622 0.000356792
18623 0.000356783
18624 0.000356775
18625 0.000356766
18626 0.000356757
18627 0.000356748
18628 0.00035674
18629 0.000356731
18630 0.000356722
18631 0.000356714
18632 0.000356705
18633 0.000356696
18634 0.000356688
18635 0.000356679
18636 0.00035667
18637 0.000356662
18638 0.000356653
18639 0.000356644
18640 0.000356636
18641 0.000356627
18642 0.000356618
18643 0.00035661
18644 0.000356601
18645 0.000356592
18646 0.000356584
18647 0.000356575
18648 0.000356567
18649 0.000356558
18650 0.000356549
18651 0.000356541
18652 0.000356532
18653 0.000356524
18654 0.000356515
18655 0.000356507
18656 0.000356498
18657 0.00035649
18658 0.000356481
18659 0.000356472
18660 0.000356464
18661 0.000356455
18662 0.000356447
18663 0.000356438
18664 0.00035643
18665 0.000356421
18666 0.000356413
18667 0.000356404
18668 0.000356396
18669 0.000356387
18670 0.000356379
18671 0.00035637
18672 0.000356362
18673 0.000356354
18674 0.000356345
18675 0.000356337
18676 0.000356328
18677 0.00035632
18678 0.000356311
18679 0.000356303
18680 0.000356294
18681 0.000356286
18682 0.000356278
18683 0.000356269
18684 0.000356261
18685 0.000356252
18686 0.000356244
18687 0.000356236
18688 0.000356227
18689 0.000356219
18690 0.000356211
18691 0.000356202
18692 0.000356194
18693 0.000356186
18694 0.000356177
18695 0.000356169
18696 0.000356161
18697 0.000356152
18698 0.000356144
18699 0.000356136
18700 0.000356127
18701 0.000356119
18702 0.000356111
18703 0.000356102
18704 0.000356094
18705 0.000356086
18706 0.000356078
18707 0.000356069
18708 0.000356061
18709 0.000356053
18710 0.000356044
18711 0.000356036
18712 0.000356028
18713 0.00035602
18714 0.000356011
18715 0.000356003
18716 0.000355995
18717 0.000355987
18718 0.000355979
18719 0.00035597
18720 0.000355962
18721 0.000355954
18722 0.000355946
18723 0.000355938
18724 0.000355929
18725 0.000355921
18726 0.000355913
18727 0.000355905
18728 0.000355897
18729 0.000355889
18730 0.00035588
18731 0.000355872
18732 0.000355864
18733 0.000355856
18734 0.000355848
18735 0.00035584
18736 0.000355832
18737 0.000355823
18738 0.000355815
18739 0.000355807
18740 0.000355799
18741 0.000355791
18742 0.000355783
18743 0.000355775
18744 0.000355767
18745 0.000355759
18746 0.00035575
18747 0.000355742
18748 0.000355734
18749 0.000355726
18750 0.000355718
18751 0.00035571
18752 0.000355702
18753 0.000355694
18754 0.000355686
18755 0.000355678
18756 0.00035567
18757 0.000355662
18758 0.000355654
18759 0.000355646
18760 0.000355638
18761 0.00035563
18762 0.000355622
18763 0.000355614
18764 0.000355606
18765 0.000355598
18766 0.00035559
18767 0.000355582
18768 0.000355574
18769 0.000355566
18770 0.000355558
18771 0.00035555
18772 0.000355542
18773 0.000355534
18774 0.000355526
18775 0.000355518
18776 0.00035551
18777 0.000355502
18778 0.000355494
18779 0.000355486
18780 0.000355478
18781 0.00035547
18782 0.000355462
18783 0.000355454
18784 0.000355446
18785 0.000355438
18786 0.000355431
18787 0.000355423
18788 0.000355415
18789 0.000355407
18790 0.000355399
18791 0.000355391
18792 0.000355383
18793 0.000355375
18794 0.000355367
18795 0.000355359
18796 0.000355351
18797 0.000355344
18798 0.000355336
18799 0.000355328
18800 0.00035532
18801 0.000355312
18802 0.000355304
18803 0.000355296
18804 0.000355288
18805 0.000355281
18806 0.000355273
18807 0.000355265
18808 0.000355257
18809 0.000355249
18810 0.000355241
18811 0.000355233
18812 0.000355225
18813 0.000355218
18814 0.00035521
18815 0.000355202
18816 0.000355194
18817 0.000355186
18818 0.000355178
18819 0.000355171
18820 0.000355163
18821 0.000355155
18822 0.000355147
18823 0.000355139
18824 0.000355131
18825 0.000355124
18826 0.000355116
18827 0.000355108
18828 0.0003551
18829 0.000355092
18830 0.000355084
18831 0.000355077
18832 0.000355069
18833 0.000355061
18834 0.000355053
18835 0.000355045
18836 0.000355038
18837 0.00035503
18838 0.000355022
18839 0.000355014
18840 0.000355006
18841 0.000354999
18842 0.000354991
18843 0.000354983
18844 0.000354975
18845 0.000354967
18846 0.00035496
18847 0.000354952
18848 0.000354944
18849 0.000354936
18850 0.000354928
18851 0.000354921
18852 0.000354913
18853 0.000354905
18854 0.000354897
18855 0.000354889
18856 0.000354882
18857 0.000354874
18858 0.000354866
18859 0.000354858
18860 0.00035485
18861 0.000354843
18862 0.000354835
18863 0.000354827
18864 0.000354819
18865 0.000354811
18866 0.000354804
18867 0.000354796
18868 0.000354788
18869 0.00035478
18870 0.000354773
18871 0.000354765
18872 0.000354757
18873 0.000354749
18874 0.000354741
18875 0.000354734
18876 0.000354726
18877 0.000354718
18878 0.00035471
18879 0.000354702
18880 0.000354695
18881 0.000354687
18882 0.000354679
18883 0.000354671
18884 0.000354663
18885 0.000354656
18886 0.000354648
18887 0.00035464
18888 0.000354632
18889 0.000354624
18890 0.000354617
18891 0.000354609
18892 0.000354601
18893 0.000354593
18894 0.000354585
18895 0.000354578
18896 0.00035457
18897 0.000354562
18898 0.000354554
18899 0.000354546
18900 0.000354539
18901 0.000354531
18902 0.000354523
18903 0.000354515
18904 0.000354507
18905 0.0003545
18906 0.000354492
18907 0.000354484
18908 0.000354476
18909 0.000354468
18910 0.000354461
18911 0.000354453
18912 0.000354445
18913 0.000354437
18914 0.000354429
18915 0.000354421
18916 0.000354414
18917 0.000354406
18918 0.000354398
18919 0.00035439
18920 0.000354382
18921 0.000354374
18922 0.000354367
18923 0.000354359
18924 0.000354351
18925 0.000354343
18926 0.000354335
18927 0.000354327
18928 0.000354319
18929 0.000354312
18930 0.000354304
18931 0.000354296
18932 0.000354288
18933 0.00035428
18934 0.000354272
18935 0.000354264
18936 0.000354257
18937 0.000354249
18938 0.000354241
18939 0.000354233
18940 0.000354225
18941 0.000354217
18942 0.000354209
18943 0.000354201
18944 0.000354193
18945 0.000354186
18946 0.000354178
18947 0.00035417
18948 0.000354162
18949 0.000354154
18950 0.000354146
18951 0.000354138
18952 0.00035413
18953 0.000354122
18954 0.000354114
18955 0.000354106
18956 0.000354099
18957 0.000354091
18958 0.000354083
18959 0.000354075
18960 0.000354067
18961 0.000354059
18962 0.000354051
18963 0.000354043
18964 0.000354035
18965 0.000354027
18966 0.000354019
18967 0.000354011
18968 0.000354003
18969 0.000353995
18970 0.000353987
18971 0.000353979
18972 0.000353971
18973 0.000353963
18974 0.000353955
18975 0.000353947
18976 0.000353939
18977 0.000353931
18978 0.000353923
18979 0.000353915
18980 0.000353907
18981 0.000353899
18982 0.000353891
18983 0.000353883
18984 0.000353875
18985 0.000353867
18986 0.000353859
18987 0.000353851
18988 0.000353843
18989 0.000353835
18990 0.000353827
18991 0.000353819
18992 0.000353811
18993 0.000353803
18994 0.000353795
18995 0.000353787
18996 0.000353779
18997 0.000353771
18998 0.000353763
18999 0.000353755
19000 0.000353747
19001 0.000353739
19002 0.00035373
19003 0.000353722
19004 0.000353714
19005 0.000353706
19006 0.000353698
19007 0.00035369
19008 0.000353682
19009 0.000353674
19010 0.000353666
19011 0.000353658
19012 0.000353649
19013 0.000353641
19014 0.000353633
19015 0.000353625
19016 0.000353617
19017 0.000353609
19018 0.000353601
19019 0.000353592
19020 0.000353584
19021 0.000353576
19022 0.000353568
19023 0.00035356
19024 0.000353552
19025 0.000353544
19026 0.000353535
19027 0.000353527
19028 0.000353519
19029 0.000353511
19030 0.000353503
19031 0.000353494
19032 0.000353486
19033 0.000353478
19034 0.00035347
19035 0.000353462
19036 0.000353453
19037 0.000353445
19038 0.000353437
19039 0.000353429
19040 0.00035342
19041 0.000353412
19042 0.000353404
19043 0.000353396
19044 0.000353388
19045 0.000353379
19046 0.000353371
19047 0.000353363
19048 0.000353355
19049 0.000353346
19050 0.000353338
19051 0.00035333
19052 0.000353321
19053 0.000353313
19054 0.000353305
19055 0.000353297
19056 0.000353288
19057 0.00035328
19058 0.000353272
19059 0.000353263
19060 0.000353255
19061 0.000353247
19062 0.000353239
19063 0.00035323
19064 0.000353222
19065 0.000353214
19066 0.000353205
19067 0.000353197
19068 0.000353189
19069 0.00035318
19070 0.000353172
19071 0.000353164
19072 0.000353155
19073 0.000353147
19074 0.000353138
19075 0.00035313
19076 0.000353122
19077 0.000353113
19078 0.000353105
19079 0.000353097
19080 0.000353088
19081 0.00035308
19082 0.000353072
19083 0.000353063
19084 0.000353055
19085 0.000353046
19086 0.000353038
19087 0.00035303
19088 0.000353021
19089 0.000353013
19090 0.000353004
19091 0.000352996
19092 0.000352988
19093 0.000352979
19094 0.000352971
19095 0.000352962
19096 0.000352954
19097 0.000352945
19098 0.000352937
19099 0.000352929
19100 0.00035292
19101 0.000352912
19102 0.000352903
19103 0.000352895
19104 0.000352886
19105 0.000352878
19106 0.000352869
19107 0.000352861
19108 0.000352852
19109 0.000352844
19110 0.000352836
19111 0.000352827
19112 0.000352819
19113 0.00035281
19114 0.000352802
19115 0.000352793
19116 0.000352785
19117 0.000352776
19118 0.000352768
19119 0.000352759
19120 0.000352751
19121 0.000352742
19122 0.000352734
19123 0.000352725
19124 0.000352717
19125 0.000352708
19126 0.0003527
19127 0.000352691
19128 0.000352683
19129 0.000352674
19130 0.000352666
19131 0.000352657
19132 0.000352649
19133 0.00035264
19134 0.000352632
19135 0.000352623
19136 0.000352615
19137 0.000352606
19138 0.000352597
19139 0.000352589
19140 0.00035258
19141 0.000352572
19142 0.000352563
19143 0.000352555
19144 0.000352546
19145 0.000352538
19146 0.000352529
19147 0.000352521
19148 0.000352512
19149 0.000352503
19150 0.000352495
19151 0.000352486
19152 0.000352478
19153 0.000352469
19154 0.000352461
19155 0.000352452
19156 0.000352443
19157 0.000352435
19158 0.000352426
19159 0.000352418
19160 0.000352409
19161 0.000352401
19162 0.000352392
19163 0.000352383
19164 0.000352375
19165 0.000352366
19166 0.000352358
19167 0.000352349
19168 0.000352341
19169 0.000352332
19170 0.000352323
19171 0.000352315
19172 0.000352306
19173 0.000352298
19174 0.000352289
19175 0.000352281
19176 0.000352272
19177 0.000352263
19178 0.000352255
19179 0.000352246
19180 0.000352238
19181 0.000352229
19182 0.00035222
19183 0.000352212
19184 0.000352203
19185 0.000352195
19186 0.000352186
19187 0.000352177
19188 0.000352169
19189 0.00035216
19190 0.000352152
19191 0.000352143
19192 0.000352134
19193 0.000352126
19194 0.000352117
19195 0.000352109
19196 0.0003521
19197 0.000352091
19198 0.000352083
19199 0.000352074
19200 0.000352066
19201 0.000352057
19202 0.000352048
19203 0.00035204
19204 0.000352031
19205 0.000352023
19206 0.000352014
19207 0.000352005
19208 0.000351997
19209 0.000351988
19210 0.00035198
19211 0.000351971
19212 0.000351963
19213 0.000351954
19214 0.000351945
19215 0.000351937
19216 0.000351928
19217 0.00035192
19218 0.000351911
19219 0.000351902
19220 0.000351894
19221 0.000351885
19222 0.000351877
19223 0.000351868
19224 0.000351859
19225 0.000351851
19226 0.000351842
19227 0.000351834
19228 0.000351825
19229 0.000351817
19230 0.000351808
19231 0.000351799
19232 0.000351791
19233 0.000351782
19234 0.000351774
19235 0.000351765
19236 0.000351756
19237 0.000351748
19238 0.000351739
19239 0.000351731
19240 0.000351722
19241 0.000351714
19242 0.000351705
19243 0.000351696
19244 0.000351688
19245 0.000351679
19246 0.000351671
19247 0.000351662
19248 0.000351654
19249 0.000351645
19250 0.000351637
19251 0.000351628
19252 0.000351619
19253 0.000351611
19254 0.000351602
19255 0.000351594
19256 0.000351585
19257 0.000351577
19258 0.000351568
19259 0.00035156
19260 0.000351551
19261 0.000351543
19262 0.000351534
19263 0.000351526
19264 0.000351517
19265 0.000351508
19266 0.0003515
19267 0.000351491
19268 0.000351483
19269 0.000351474
19270 0.000351466
19271 0.000351457
19272 0.000351449
19273 0.00035144
19274 0.000351432
19275 0.000351423
19276 0.000351415
19277 0.000351406
19278 0.000351398
19279 0.000351389
19280 0.000351381
19281 0.000351372
19282 0.000351364
19283 0.000351355
19284 0.000351347
19285 0.000351338
19286 0.00035133
19287 0.000351321
19288 0.000351313
19289 0.000351305
19290 0.000351296
19291 0.000351288
19292 0.000351279
19293 0.000351271
19294 0.000351262
19295 0.000351254
19296 0.000351245
19297 0.000351237
19298 0.000351228
19299 0.00035122
19300 0.000351212
19301 0.000351203
19302 0.000351195
19303 0.000351186
19304 0.000351178
19305 0.000351169
19306 0.000351161
19307 0.000351153
19308 0.000351144
19309 0.000351136
19310 0.000351127
19311 0.000351119
19312 0.000351111
19313 0.000351102
19314 0.000351094
19315 0.000351085
19316 0.000351077
19317 0.000351069
19318 0.00035106
19319 0.000351052
19320 0.000351043
19321 0.000351035
19322 0.000351027
19323 0.000351018
19324 0.00035101
19325 0.000351002
19326 0.000350993
19327 0.000350985
19328 0.000350977
19329 0.000350968
19330 0.00035096
19331 0.000350951
19332 0.000350943
19333 0.000350935
19334 0.000350926
19335 0.000350918
19336 0.00035091
19337 0.000350902
19338 0.000350893
19339 0.000350885
19340 0.000350877
19341 0.000350868
19342 0.00035086
19343 0.000350852
19344 0.000350843
19345 0.000350835
19346 0.000350827
19347 0.000350819
19348 0.00035081
19349 0.000350802
19350 0.000350794
19351 0.000350785
19352 0.000350777
19353 0.000350769
19354 0.000350761
19355 0.000350752
19356 0.000350744
19357 0.000350736
19358 0.000350728
19359 0.000350719
19360 0.000350711
19361 0.000350703
19362 0.000350695
19363 0.000350686
19364 0.000350678
19365 0.00035067
19366 0.000350662
19367 0.000350654
19368 0.000350645
19369 0.000350637
19370 0.000350629
19371 0.000350621
19372 0.000350613
19373 0.000350604
19374 0.000350596
19375 0.000350588
19376 0.00035058
19377 0.000350572
19378 0.000350564
19379 0.000350555
19380 0.000350547
19381 0.000350539
19382 0.000350531
19383 0.000350523
19384 0.000350515
19385 0.000350506
19386 0.000350498
19387 0.00035049
19388 0.000350482
19389 0.000350474
19390 0.000350466
19391 0.000350458
19392 0.00035045
19393 0.000350441
19394 0.000350433
19395 0.000350425
19396 0.000350417
19397 0.000350409
19398 0.000350401
19399 0.000350393
19400 0.000350385
19401 0.000350377
19402 0.000350369
19403 0.000350361
19404 0.000350352
19405 0.000350344
19406 0.000350336
19407 0.000350328
19408 0.00035032
19409 0.000350312
19410 0.000350304
19411 0.000350296
19412 0.000350288
19413 0.00035028
19414 0.000350272
19415 0.000350264
19416 0.000350256
19417 0.000350248
19418 0.00035024
19419 0.000350232
19420 0.000350224
19421 0.000350216
19422 0.000350208
19423 0.0003502
19424 0.000350192
19425 0.000350184
19426 0.000350176
19427 0.000350168
19428 0.00035016
19429 0.000350152
19430 0.000350144
19431 0.000350136
19432 0.000350128
19433 0.00035012
19434 0.000350112
19435 0.000350104
19436 0.000350096
19437 0.000350088
19438 0.00035008
19439 0.000350072
19440 0.000350064
19441 0.000350056
19442 0.000350048
19443 0.000350041
19444 0.000350033
19445 0.000350025
19446 0.000350017
19447 0.000350009
19448 0.000350001
19449 0.000349993
19450 0.000349985
19451 0.000349977
19452 0.000349969
19453 0.000349961
19454 0.000349954
19455 0.000349946
19456 0.000349938
19457 0.00034993
19458 0.000349922
19459 0.000349914
19460 0.000349906
19461 0.000349898
19462 0.000349891
19463 0.000349883
19464 0.000349875
19465 0.000349867
19466 0.000349859
19467 0.000349851
19468 0.000349843
19469 0.000349836
19470 0.000349828
19471 0.00034982
19472 0.000349812
19473 0.000349804
19474 0.000349796
19475 0.000349789
19476 0.000349781
19477 0.000349773
19478 0.000349765
19479 0.000349757
19480 0.000349749
19481 0.000349742
19482 0.000349734
19483 0.000349726
19484 0.000349718
19485 0.00034971
19486 0.000349703
19487 0.000349695
19488 0.000349687
19489 0.000349679
19490 0.000349672
19491 0.000349664
19492 0.000349656
19493 0.000349648
19494 0.00034964
19495 0.000349633
19496 0.000349625
19497 0.000349617
19498 0.000349609
19499 0.000349602
19500 0.000349594
19501 0.000349586
19502 0.000349578
19503 0.000349571
19504 0.000349563
19505 0.000349555
19506 0.000349547
19507 0.00034954
19508 0.000349532
19509 0.000349524
19510 0.000349516
19511 0.000349509
19512 0.000349501
19513 0.000349493
19514 0.000349485
19515 0.000349478
19516 0.00034947
19517 0.000349462
19518 0.000349455
19519 0.000349447
19520 0.000349439
19521 0.000349431
19522 0.000349424
19523 0.000349416
19524 0.000349408
19525 0.000349401
19526 0.000349393
19527 0.000349385
19528 0.000349378
19529 0.00034937
19530 0.000349362
19531 0.000349354
19532 0.000349347
19533 0.000349339
19534 0.000349331
19535 0.000349324
19536 0.000349316
19537 0.000349308
19538 0.000349301
19539 0.000349293
19540 0.000349285
19541 0.000349278
19542 0.00034927
19543 0.000349262
19544 0.000349255
19545 0.000349247
19546 0.000349239
19547 0.000349232
19548 0.000349224
19549 0.000349216
19550 0.000349209
19551 0.000349201
19552 0.000349193
19553 0.000349186
19554 0.000349178
19555 0.00034917
19556 0.000349163
19557 0.000349155
19558 0.000349147
19559 0.00034914
19560 0.000349132
19561 0.000349124
19562 0.000349117
19563 0.000349109
19564 0.000349101
19565 0.000349094
19566 0.000349086
19567 0.000349079
19568 0.000349071
19569 0.000349063
19570 0.000349056
19571 0.000349048
19572 0.00034904
19573 0.000349033
19574 0.000349025
19575 0.000349017
19576 0.00034901
19577 0.000349002
19578 0.000348995
19579 0.000348987
19580 0.000348979
19581 0.000348972
19582 0.000348964
19583 0.000348956
19584 0.000348949
19585 0.000348941
19586 0.000348933
19587 0.000348926
19588 0.000348918
19589 0.000348911
19590 0.000348903
19591 0.000348895
19592 0.000348888
19593 0.00034888
19594 0.000348872
19595 0.000348865
19596 0.000348857
19597 0.000348849
19598 0.000348842
19599 0.000348834
19600 0.000348827
19601 0.000348819
19602 0.000348811
19603 0.000348804
19604 0.000348796
19605 0.000348788
19606 0.000348781
19607 0.000348773
19608 0.000348766
19609 0.000348758
19610 0.00034875
19611 0.000348743
19612 0.000348735
19613 0.000348727
19614 0.00034872
19615 0.000348712
19616 0.000348704
19617 0.000348697
19618 0.000348689
19619 0.000348682
19620 0.000348674
19621 0.000348666
19622 0.000348659
19623 0.000348651
19624 0.000348643
19625 0.000348636
19626 0.000348628
19627 0.00034862
19628 0.000348613
19629 0.000348605
19630 0.000348597
19631 0.00034859
19632 0.000348582
19633 0.000348575
19634 0.000348567
19635 0.000348559
19636 0.000348552
19637 0.000348544
19638 0.000348536
19639 0.000348529
19640 0.000348521
19641 0.000348513
19642 0.000348506
19643 0.000348498
19644 0.00034849
19645 0.000348483
19646 0.000348475
19647 0.000348467
19648 0.00034846
19649 0.000348452
19650 0.000348444
19651 0.000348437
19652 0.000348429
19653 0.000348421
19654 0.000348414
19655 0.000348406
19656 0.000348398
19657 0.000348391
19658 0.000348383
19659 0.000348375
19660 0.000348368
19661 0.00034836
19662 0.000348352
19663 0.000348345
19664 0.000348337
19665 0.000348329
19666 0.000348322
19667 0.000348314
19668 0.000348306
19669 0.000348298
19670 0.000348291
19671 0.000348283
19672 0.000348275
19673 0.000348268
19674 0.00034826
19675 0.000348252
19676 0.000348245
19677 0.000348237
19678 0.000348229
19679 0.000348221
19680 0.000348214
19681 0.000348206
19682 0.000348198
19683 0.000348191
19684 0.000348183
19685 0.000348175
19686 0.000348167
19687 0.00034816
19688 0.000348152
19689 0.000348144
19690 0.000348137
19691 0.000348129
19692 0.000348121
19693 0.000348113
19694 0.000348106
19695 0.000348098
19696 0.00034809
19697 0.000348082
19698 0.000348075
19699 0.000348067
19700 0.000348059
19701 0.000348051
19702 0.000348044
19703 0.000348036
19704 0.000348028
19705 0.00034802
19706 0.000348013
19707 0.000348005
19708 0.000347997
19709 0.000347989
19710 0.000347982
19711 0.000347974
19712 0.000347966
19713 0.000347958
19714 0.00034795
19715 0.000347943
19716 0.000347935
19717 0.000347927
19718 0.000347919
19719 0.000347912
19720 0.000347904
19721 0.000347896
19722 0.000347888
19723 0.00034788
19724 0.000347873
19725 0.000347865
19726 0.000347857
19727 0.000347849
19728 0.000347841
19729 0.000347833
19730 0.000347826
19731 0.000347818
19732 0.00034781
19733 0.000347802
19734 0.000347794
19735 0.000347787
19736 0.000347779
19737 0.000347771
19738 0.000347763
19739 0.000347755
19740 0.000347747
19741 0.00034774
19742 0.000347732
19743 0.000347724
19744 0.000347716
19745 0.000347708
19746 0.0003477
19747 0.000347692
19748 0.000347685
19749 0.000347677
19750 0.000347669
19751 0.000347661
19752 0.000347653
19753 0.000347645
19754 0.000347637
19755 0.00034763
19756 0.000347622
19757 0.000347614
19758 0.000347606
19759 0.000347598
19760 0.00034759
19761 0.000347582
19762 0.000347574
19763 0.000347566
19764 0.000347559
19765 0.000347551
19766 0.000347543
19767 0.000347535
19768 0.000347527
19769 0.000347519
19770 0.000347511
19771 0.000347503
19772 0.000347495
19773 0.000347487
19774 0.000347479
19775 0.000347472
19776 0.000347464
19777 0.000347456
19778 0.000347448
19779 0.00034744
19780 0.000347432
19781 0.000347424
19782 0.000347416
19783 0.000347408
19784 0.0003474
19785 0.000347392
19786 0.000347384
19787 0.000347376
19788 0.000347368
19789 0.00034736
19790 0.000347352
19791 0.000347344
19792 0.000347336
19793 0.000347329
19794 0.000347321
19795 0.000347313
19796 0.000347305
19797 0.000347297
19798 0.000347289
19799 0.000347281
19800 0.000347273
19801 0.000347265
19802 0.000347257
19803 0.000347249
19804 0.000347241
19805 0.000347233
19806 0.000347225
19807 0.000347217
19808 0.000347209
19809 0.000347201
19810 0.000347193
19811 0.000347185
19812 0.000347177
19813 0.000347169
19814 0.000347161
19815 0.000347153
19816 0.000347145
19817 0.000347137
19818 0.000347129
19819 0.000347121
19820 0.000347113
19821 0.000347105
19822 0.000347097
19823 0.000347089
19824 0.000347081
19825 0.000347073
19826 0.000347065
19827 0.000347056
19828 0.000347048
19829 0.00034704
19830 0.000347032
19831 0.000347024
19832 0.000347016
19833 0.000347008
19834 0.000347
19835 0.000346992
19836 0.000346984
19837 0.000346976
19838 0.000346968
19839 0.00034696
19840 0.000346952
19841 0.000346944
19842 0.000346936
19843 0.000346928
19844 0.00034692
19845 0.000346912
19846 0.000346904
19847 0.000346895
19848 0.000346887
19849 0.000346879
19850 0.000346871
19851 0.000346863
19852 0.000346855
19853 0.000346847
19854 0.000346839
19855 0.000346831
19856 0.000346823
19857 0.000346815
19858 0.000346807
19859 0.000346799
19860 0.00034679
19861 0.000346782
19862 0.000346774
19863 0.000346766
19864 0.000346758
19865 0.00034675
19866 0.000346742
19867 0.000346734
19868 0.000346726
19869 0.000346718
19870 0.00034671
19871 0.000346701
19872 0.000346693
19873 0.000346685
19874 0.000346677
19875 0.000346669
19876 0.000346661
19877 0.000346653
19878 0.000346645
19879 0.000346637
19880 0.000346628
19881 0.00034662
19882 0.000346612
19883 0.000346604
19884 0.000346596
19885 0.000346588
19886 0.00034658
19887 0.000346572
19888 0.000346564
19889 0.000346555
19890 0.000346547
19891 0.000346539
19892 0.000346531
19893 0.000346523
19894 0.000346515
19895 0.000346507
19896 0.000346499
19897 0.000346491
19898 0.000346482
19899 0.000346474
19900 0.000346466
19901 0.000346458
19902 0.00034645
19903 0.000346442
19904 0.000346434
19905 0.000346426
19906 0.000346417
19907 0.000346409
19908 0.000346401
19909 0.000346393
19910 0.000346385
19911 0.000346377
19912 0.000346369
19913 0.000346361
19914 0.000346352
19915 0.000346344
19916 0.000346336
19917 0.000346328
19918 0.00034632
19919 0.000346312
19920 0.000346304
19921 0.000346296
19922 0.000346287
19923 0.000346279
19924 0.000346271
19925 0.000346263
19926 0.000346255
19927 0.000346247
19928 0.000346239
19929 0.000346231
19930 0.000346222
19931 0.000346214
19932 0.000346206
19933 0.000346198
19934 0.00034619
19935 0.000346182
19936 0.000346174
19937 0.000346166
19938 0.000346157
19939 0.000346149
19940 0.000346141
19941 0.000346133
19942 0.000346125
19943 0.000346117
19944 0.000346109
19945 0.000346101
19946 0.000346092
19947 0.000346084
19948 0.000346076
19949 0.000346068
19950 0.00034606
19951 0.000346052
19952 0.000346044
19953 0.000346036
19954 0.000346027
19955 0.000346019
19956 0.000346011
19957 0.000346003
19958 0.000345995
19959 0.000345987
19960 0.000345979
19961 0.000345971
19962 0.000345963
19963 0.000345954
19964 0.000345946
19965 0.000345938
19966 0.00034593
19967 0.000345922
19968 0.000345914
19969 0.000345906
19970 0.000345898
19971 0.00034589
19972 0.000345882
19973 0.000345873
19974 0.000345865
19975 0.000345857
19976 0.000345849
19977 0.000345841
19978 0.000345833
19979 0.000345825
19980 0.000345817
19981 0.000345809
19982 0.000345801
19983 0.000345792
19984 0.000345784
19985 0.000345776
19986 0.000345768
19987 0.00034576
19988 0.000345752
19989 0.000345744
19990 0.000345736
19991 0.000345728
19992 0.00034572
19993 0.000345712
19994 0.000345704
19995 0.000345696
19996 0.000345687
19997 0.000345679
19998 0.000345671
19999 0.000345663
