TITLE = "Residual History"
VARIABLES = "Iteration" "ContinuityResidual"
ZONE F=POINT
0 0.0156848
1 0.0270462
2 0.0353799
3 0.0415488
4 0.0461564
5 0.0496385
6 0.0523146
7 0.0544205
8 0.0561301
9 0.0575698
10 0.0588305
11 0.0599753
12 0.0610466
13 0.0620719
14 0.0630673
15 0.0640418
16 0.0649993
17 0.0659408
18 0.0668656
19 0.0677723
20 0.0686589
21 0.0695239
22 0.0703659
23 0.0711835
24 0.0719759
25 0.0727424
26 0.0734823
27 0.0741953
28 0.074881
29 0.0755397
30 0.0761714
31 0.0767764
32 0.0773551
33 0.0779078
34 0.0784351
35 0.0789374
36 0.0794136
37 0.0798637
38 0.0802888
39 0.0806902
40 0.0810688
41 0.0814256
42 0.0817614
43 0.0820772
44 0.0823736
45 0.0826515
46 0.0829115
47 0.0831543
48 0.0833805
49 0.0835908
50 0.0837859
51 0.0839662
52 0.0841324
53 0.084285
54 0.0844246
55 0.0845518
56 0.084667
57 0.0847708
58 0.0848637
59 0.0849464
60 0.0850192
61 0.0850828
62 0.0851376
63 0.0851842
64 0.085223
65 0.0852545
66 0.0852792
67 0.0852976
68 0.08531
69 0.085317
70 0.0853189
71 0.0853162
72 0.0853092
73 0.0852982
74 0.0852836
75 0.0852659
76 0.0852451
77 0.0852217
78 0.0851959
79 0.085168
80 0.0851382
81 0.0851067
82 0.0850738
83 0.0850394
84 0.085004
85 0.0849674
86 0.08493
87 0.0848917
88 0.0848525
89 0.0848126
90 0.0847719
91 0.0847303
92 0.0846877
93 0.0846441
94 0.0845992
95 0.0845529
96 0.0845049
97 0.0844549
98 0.0844025
99 0.0843463
100 0.084286
101 0.0842217
102 0.084153
103 0.0840795
104 0.084001
105 0.083917
106 0.0838269
107 0.0837303
108 0.0836266
109 0.0835151
110 0.0833954
111 0.0832669
112 0.0831289
113 0.082981
114 0.0828227
115 0.0826534
116 0.0824729
117 0.0822806
118 0.0820763
119 0.0818597
120 0.0816306
121 0.0813888
122 0.0811342
123 0.0808669
124 0.0805869
125 0.0802942
126 0.079989
127 0.0796714
128 0.0793419
129 0.0790005
130 0.0786478
131 0.078284
132 0.0779095
133 0.0775249
134 0.0771306
135 0.076727
136 0.0763146
137 0.075894
138 0.0754657
139 0.0750302
140 0.074588
141 0.0741396
142 0.0736856
143 0.0732263
144 0.0727624
145 0.0722942
146 0.0718221
147 0.0713467
148 0.0708683
149 0.0703872
150 0.0699039
151 0.0694187
152 0.0689318
153 0.0684437
154 0.0679544
155 0.0674644
156 0.0669737
157 0.0664827
158 0.0659915
159 0.0655002
160 0.0650091
161 0.0645182
162 0.0640278
163 0.0635379
164 0.0630486
165 0.0625599
166 0.0620721
167 0.0615852
168 0.0610992
169 0.0606141
170 0.0601301
171 0.0596472
172 0.0591654
173 0.0586847
174 0.0582052
175 0.0577269
176 0.0572498
177 0.0567739
178 0.0562993
179 0.0558259
180 0.0553538
181 0.054883
182 0.0544134
183 0.0539452
184 0.0534782
185 0.0530124
186 0.0525479
187 0.0520847
188 0.0516229
189 0.0511624
190 0.0507032
191 0.0502452
192 0.0497886
193 0.0493332
194 0.048879
195 0.0484261
196 0.0479744
197 0.047524
198 0.0470748
199 0.0466268
200 0.0461802
201 0.0457349
202 0.0452909
203 0.0448485
204 0.0444077
205 0.0439687
206 0.0435316
207 0.0430965
208 0.0426635
209 0.0422327
210 0.0418043
211 0.0413784
212 0.0409553
213 0.0405351
214 0.0401182
215 0.0397047
216 0.0392951
217 0.0388896
218 0.0384887
219 0.0380928
220 0.0377024
221 0.0373178
222 0.0369397
223 0.0365686
224 0.0362052
225 0.03585
226 0.0355037
227 0.035167
228 0.0348407
229 0.0345255
230 0.0342222
231 0.0339315
232 0.0336544
233 0.0333916
234 0.0331439
235 0.0329122
236 0.0326973
237 0.0325
238 0.032321
239 0.0321611
240 0.0320211
241 0.0319014
242 0.0318028
243 0.0317257
244 0.0316707
245 0.031638
246 0.0316279
247 0.0316407
248 0.0316765
249 0.0317352
250 0.0318168
251 0.031921
252 0.0320475
253 0.0321959
254 0.0323659
255 0.0325569
256 0.0327684
257 0.0329997
258 0.0332501
259 0.0335187
260 0.0338049
261 0.0341076
262 0.034426
263 0.0347591
264 0.0351062
265 0.0354661
266 0.035838
267 0.0362209
268 0.0366139
269 0.0370162
270 0.0374267
271 0.0378447
272 0.0382692
273 0.0386996
274 0.0391349
275 0.0395741
276 0.0400167
277 0.040462
278 0.0409095
279 0.0413584
280 0.0418084
281 0.0422587
282 0.0427089
283 0.0431586
284 0.0436072
285 0.0440542
286 0.0444994
287 0.0449424
288 0.0453827
289 0.0458201
290 0.0462543
291 0.0466849
292 0.0471119
293 0.0475349
294 0.0479537
295 0.0483682
296 0.0487781
297 0.0491835
298 0.049584
299 0.0499797
300 0.0503703
301 0.0507559
302 0.0511364
303 0.0515117
304 0.0518817
305 0.0522464
306 0.0526058
307 0.0529598
308 0.0533085
309 0.0536518
310 0.0539898
311 0.0543223
312 0.0546494
313 0.0549712
314 0.0552876
315 0.0555986
316 0.0559042
317 0.0562045
318 0.0564994
319 0.0567889
320 0.0570731
321 0.057352
322 0.0576255
323 0.0578936
324 0.0581564
325 0.0584139
326 0.0586659
327 0.0589126
328 0.0591538
329 0.0593896
330 0.0596199
331 0.0598447
332 0.0600639
333 0.0602776
334 0.0604856
335 0.0606879
336 0.0608845
337 0.0610752
338 0.06126
339 0.0614389
340 0.0616117
341 0.0617784
342 0.0619389
343 0.062093
344 0.0622407
345 0.0623819
346 0.0625164
347 0.0626443
348 0.0627653
349 0.0628794
350 0.0629865
351 0.0630865
352 0.0631793
353 0.0632647
354 0.0633426
355 0.063413
356 0.0634757
357 0.0635306
358 0.0635776
359 0.0636166
360 0.0636476
361 0.0636704
362 0.0636849
363 0.0636911
364 0.0636888
365 0.0636781
366 0.0636588
367 0.0636309
368 0.0635943
369 0.063549
370 0.0634949
371 0.0634321
372 0.0633603
373 0.0632798
374 0.0631904
375 0.0630921
376 0.0629851
377 0.0628692
378 0.0627446
379 0.0626112
380 0.0624691
381 0.0623183
382 0.0621589
383 0.061991
384 0.0618146
385 0.0616297
386 0.0614365
387 0.0612351
388 0.0610255
389 0.0608079
390 0.0605823
391 0.0603488
392 0.0601077
393 0.0598589
394 0.0596027
395 0.0593391
396 0.0590684
397 0.0587905
398 0.0585057
399 0.0582141
400 0.0579159
401 0.0576112
402 0.0573001
403 0.0569828
404 0.0566595
405 0.0563303
406 0.0559952
407 0.0556546
408 0.0553085
409 0.0549571
410 0.0546005
411 0.0542388
412 0.0538721
413 0.0535006
414 0.0531244
415 0.0527437
416 0.0523586
417 0.0519693
418 0.0515757
419 0.0511782
420 0.0507768
421 0.0503715
422 0.0499626
423 0.04955
424 0.049134
425 0.0487145
426 0.0482917
427 0.0478657
428 0.0474365
429 0.0470043
430 0.046569
431 0.0461308
432 0.0456897
433 0.0452459
434 0.0447993
435 0.04435
436 0.0438981
437 0.0434436
438 0.0429866
439 0.0425272
440 0.0420653
441 0.0416011
442 0.0411345
443 0.0406657
444 0.0401947
445 0.0397216
446 0.0392463
447 0.0387689
448 0.0382894
449 0.037808
450 0.0373247
451 0.0368396
452 0.0363528
453 0.0358643
454 0.0353741
455 0.0348825
456 0.0343895
457 0.0338951
458 0.0333995
459 0.0329028
460 0.0324051
461 0.0319065
462 0.0314072
463 0.0309074
464 0.0304072
465 0.0299067
466 0.0294063
467 0.0289061
468 0.0284063
469 0.0279072
470 0.0274091
471 0.0269122
472 0.026417
473 0.0259236
474 0.0254325
475 0.0249441
476 0.0244588
477 0.023977
478 0.0234992
479 0.023026
480 0.0225579
481 0.0220954
482 0.0216393
483 0.0211902
484 0.0207489
485 0.020316
486 0.0198925
487 0.0194792
488 0.0190771
489 0.018687
490 0.01831
491 0.0179471
492 0.0175995
493 0.0172683
494 0.0169545
495 0.0166595
496 0.0163842
497 0.0161299
498 0.0158977
499 0.0156884
500 0.0155032
501 0.0153429
502 0.0152084
503 0.0151004
504 0.0150195
505 0.0149661
506 0.0149403
507 0.0149422
508 0.0149717
509 0.0150284
510 0.0151117
511 0.0152211
512 0.0153557
513 0.0155145
514 0.0156966
515 0.0159008
516 0.016126
517 0.0163708
518 0.0166341
519 0.0169147
520 0.0172112
521 0.0175225
522 0.0178474
523 0.0181847
524 0.0185334
525 0.0188923
526 0.0192605
527 0.0196371
528 0.020021
529 0.0204115
530 0.0208078
531 0.021209
532 0.0216145
533 0.0220236
534 0.0224357
535 0.0228502
536 0.0232666
537 0.0236844
538 0.0241031
539 0.0245223
540 0.0249414
541 0.0253602
542 0.0257784
543 0.0261954
544 0.0266112
545 0.0270253
546 0.0274376
547 0.0278477
548 0.0282555
549 0.0286607
550 0.029063
551 0.0294624
552 0.0298586
553 0.0302515
554 0.0306409
555 0.0310267
556 0.0314087
557 0.0317868
558 0.0321608
559 0.0325308
560 0.0328966
561 0.033258
562 0.0336151
563 0.0339676
564 0.0343156
565 0.034659
566 0.0349977
567 0.0353316
568 0.0356607
569 0.0359848
570 0.0363039
571 0.036618
572 0.036927
573 0.0372309
574 0.0375296
575 0.0378232
576 0.0381116
577 0.0383947
578 0.0386726
579 0.038945
580 0.0392121
581 0.0394738
582 0.0397299
583 0.0399805
584 0.0402256
585 0.0404651
586 0.0406989
587 0.040927
588 0.0411494
589 0.041366
590 0.0415768
591 0.0417817
592 0.0419808
593 0.0421739
594 0.0423609
595 0.042542
596 0.042717
597 0.0428858
598 0.0430485
599 0.043205
600 0.0433553
601 0.0434992
602 0.0436369
603 0.0437681
604 0.043893
605 0.0440114
606 0.0441234
607 0.0442288
608 0.0443276
609 0.0444199
610 0.0445055
611 0.0445845
612 0.0446568
613 0.0447224
614 0.0447812
615 0.0448333
616 0.0448786
617 0.044917
618 0.0449487
619 0.0449735
620 0.0449914
621 0.0450025
622 0.0450068
623 0.0450041
624 0.0449945
625 0.0449781
626 0.0449548
627 0.0449246
628 0.0448875
629 0.0448435
630 0.0447927
631 0.044735
632 0.0446705
633 0.0445991
634 0.044521
635 0.0444361
636 0.0443445
637 0.0442462
638 0.0441412
639 0.0440295
640 0.0439113
641 0.0437866
642 0.0436553
643 0.0435175
644 0.0433734
645 0.0432229
646 0.0430661
647 0.042903
648 0.0427338
649 0.0425584
650 0.0423768
651 0.0421893
652 0.0419958
653 0.0417964
654 0.0415913
655 0.0413805
656 0.041164
657 0.040942
658 0.0407145
659 0.0404816
660 0.0402434
661 0.0399999
662 0.0397513
663 0.0394976
664 0.0392389
665 0.0389753
666 0.0387068
667 0.0384335
668 0.0381556
669 0.0378731
670 0.0375861
671 0.0372946
672 0.0369988
673 0.0366987
674 0.0363945
675 0.0360861
676 0.0357738
677 0.0354575
678 0.0351373
679 0.0348134
680 0.0344859
681 0.0341547
682 0.0338201
683 0.033482
684 0.0331406
685 0.032796
686 0.0324481
687 0.0320972
688 0.0317433
689 0.0313865
690 0.0310269
691 0.0306645
692 0.0302994
693 0.0299318
694 0.0295617
695 0.0291893
696 0.0288145
697 0.0284375
698 0.0280584
699 0.0276773
700 0.0272944
701 0.0269095
702 0.026523
703 0.0261349
704 0.0257454
705 0.0253545
706 0.0249624
707 0.0245693
708 0.0241752
709 0.0237803
710 0.0233847
711 0.0229887
712 0.0225924
713 0.0221959
714 0.0217994
715 0.0214031
716 0.0210071
717 0.0206117
718 0.0202172
719 0.0198239
720 0.0194319
721 0.0190417
722 0.0186535
723 0.0182677
724 0.0178846
725 0.0175046
726 0.0171281
727 0.0167556
728 0.0163875
729 0.0160244
730 0.0156667
731 0.015315
732 0.01497
733 0.0146323
734 0.0143026
735 0.0139817
736 0.0136703
737 0.0133694
738 0.0130798
739 0.0128024
740 0.0125382
741 0.0122881
742 0.0120533
743 0.0118348
744 0.0116335
745 0.0114504
746 0.0112867
747 0.0111433
748 0.0110209
749 0.0109204
750 0.0108424
751 0.0107874
752 0.0107559
753 0.0107479
754 0.0107635
755 0.0108026
756 0.0108649
757 0.0109498
758 0.0110568
759 0.0111852
760 0.011334
761 0.0115023
762 0.0116892
763 0.0118937
764 0.0121146
765 0.0123509
766 0.0126015
767 0.0128655
768 0.0131417
769 0.0134292
770 0.0137271
771 0.0140344
772 0.0143504
773 0.0146742
774 0.015005
775 0.0153422
776 0.0156851
777 0.0160331
778 0.0163856
779 0.016742
780 0.0171019
781 0.0174647
782 0.0178301
783 0.0181975
784 0.0185667
785 0.0189371
786 0.0193085
787 0.0196805
788 0.0200528
789 0.0204251
790 0.0207971
791 0.0211687
792 0.0215396
793 0.0219096
794 0.0222784
795 0.022646
796 0.023012
797 0.0233764
798 0.0237389
799 0.0240993
800 0.0244576
801 0.0248136
802 0.0251671
803 0.025518
804 0.0258662
805 0.0262116
806 0.026554
807 0.0268934
808 0.0272296
809 0.0275626
810 0.0278922
811 0.0282183
812 0.0285409
813 0.0288599
814 0.0291753
815 0.0294868
816 0.0297945
817 0.0300983
818 0.0303981
819 0.0306939
820 0.0309855
821 0.031273
822 0.0315563
823 0.0318353
824 0.0321099
825 0.0323802
826 0.032646
827 0.0329074
828 0.0331642
829 0.0334164
830 0.033664
831 0.033907
832 0.0341452
833 0.0343787
834 0.0346074
835 0.0348313
836 0.0350504
837 0.0352645
838 0.0354737
839 0.035678
840 0.0358772
841 0.0360715
842 0.0362607
843 0.0364448
844 0.0366238
845 0.0367976
846 0.0369663
847 0.0371298
848 0.037288
849 0.0374411
850 0.0375888
851 0.0377312
852 0.0378682
853 0.038
854 0.0381263
855 0.0382473
856 0.0383629
857 0.0384731
858 0.0385779
859 0.0386773
860 0.0387712
861 0.0388596
862 0.0389425
863 0.03902
864 0.0390919
865 0.0391583
866 0.0392191
867 0.0392745
868 0.0393242
869 0.0393685
870 0.0394071
871 0.0394402
872 0.0394678
873 0.0394897
874 0.0395061
875 0.0395169
876 0.0395222
877 0.0395219
878 0.0395161
879 0.0395046
880 0.0394877
881 0.0394652
882 0.0394371
883 0.0394036
884 0.0393645
885 0.0393199
886 0.0392699
887 0.0392144
888 0.0391534
889 0.039087
890 0.0390152
891 0.0389381
892 0.0388555
893 0.0387676
894 0.0386744
895 0.0385758
896 0.0384721
897 0.038363
898 0.0382488
899 0.0381294
900 0.0380048
901 0.0378752
902 0.0377404
903 0.0376006
904 0.0374558
905 0.0373061
906 0.0371514
907 0.0369918
908 0.0368274
909 0.0366581
910 0.0364841
911 0.0363054
912 0.0361219
913 0.0359339
914 0.0357413
915 0.0355441
916 0.0353424
917 0.0351362
918 0.0349257
919 0.0347108
920 0.0344915
921 0.0342681
922 0.0340405
923 0.0338087
924 0.0335729
925 0.033333
926 0.0330892
927 0.0328414
928 0.0325898
929 0.0323343
930 0.0320751
931 0.0318122
932 0.0315457
933 0.0312756
934 0.031002
935 0.0307249
936 0.0304444
937 0.0301606
938 0.0298735
939 0.0295832
940 0.0292898
941 0.0289933
942 0.0286937
943 0.0283912
944 0.0280858
945 0.0277776
946 0.0274667
947 0.027153
948 0.0268368
949 0.026518
950 0.0261967
951 0.0258731
952 0.0255471
953 0.0252189
954 0.0248885
955 0.0245561
956 0.0242216
957 0.0238852
958 0.0235471
959 0.0232071
960 0.0228655
961 0.0225224
962 0.0221778
963 0.0218319
964 0.0214848
965 0.0211365
966 0.0207871
967 0.0204369
968 0.0200859
969 0.0197342
970 0.019382
971 0.0190294
972 0.0186766
973 0.0183236
974 0.0179708
975 0.0176181
976 0.0172659
977 0.0169143
978 0.0165636
979 0.0162139
980 0.0158654
981 0.0155186
982 0.0151735
983 0.0148305
984 0.0144898
985 0.0141519
986 0.013817
987 0.0134856
988 0.0131579
989 0.0128345
990 0.0125159
991 0.0122024
992 0.0118948
993 0.0115934
994 0.0112991
995 0.0110123
996 0.010734
997 0.0104647
998 0.0102054
999 0.00995686
1000 0.00972002
1001 0.00949581
1002 0.0092852
1003 0.00908918
1004 0.00890874
1005 0.00874486
1006 0.0085985
1007 0.00847057
1008 0.00836189
1009 0.00827319
1010 0.00820508
1011 0.008158
1012 0.00813226
1013 0.00812797
1014 0.00814508
1015 0.00818334
1016 0.00824234
1017 0.00832151
1018 0.00842013
1019 0.00853737
1020 0.00867233
1021 0.008824
1022 0.00899138
1023 0.0091734
1024 0.00936902
1025 0.00957721
1026 0.00979696
1027 0.0100273
1028 0.0102673
1029 0.010516
1030 0.0107727
1031 0.0110364
1032 0.0113066
1033 0.0115825
1034 0.0118636
1035 0.0121492
1036 0.0124388
1037 0.0127319
1038 0.013028
1039 0.0133268
1040 0.0136277
1041 0.0139305
1042 0.0142348
1043 0.0145402
1044 0.0148464
1045 0.0151533
1046 0.0154604
1047 0.0157676
1048 0.0160747
1049 0.0163813
1050 0.0166874
1051 0.0169928
1052 0.0172972
1053 0.0176005
1054 0.0179025
1055 0.0182031
1056 0.0185022
1057 0.0187995
1058 0.0190951
1059 0.0193887
1060 0.0196803
1061 0.0199697
1062 0.0202569
1063 0.0205417
1064 0.020824
1065 0.0211038
1066 0.021381
1067 0.0216554
1068 0.0219271
1069 0.0221958
1070 0.0224617
1071 0.0227245
1072 0.0229843
1073 0.0232409
1074 0.0234943
1075 0.0237444
1076 0.0239912
1077 0.0242346
1078 0.0244745
1079 0.024711
1080 0.0249439
1081 0.0251732
1082 0.0253989
1083 0.0256209
1084 0.0258392
1085 0.0260538
1086 0.0262645
1087 0.0264715
1088 0.0266745
1089 0.0268736
1090 0.0270688
1091 0.0272601
1092 0.0274473
1093 0.0276304
1094 0.0278095
1095 0.0279845
1096 0.0281554
1097 0.0283221
1098 0.0284846
1099 0.0286429
1100 0.0287969
1101 0.0289467
1102 0.0290922
1103 0.0292334
1104 0.0293703
1105 0.0295028
1106 0.029631
1107 0.0297548
1108 0.0298742
1109 0.0299891
1110 0.0300997
1111 0.0302058
1112 0.0303074
1113 0.0304045
1114 0.0304972
1115 0.0305854
1116 0.0306691
1117 0.0307482
1118 0.0308228
1119 0.030893
1120 0.0309585
1121 0.0310196
1122 0.0310761
1123 0.031128
1124 0.0311754
1125 0.0312182
1126 0.0312565
1127 0.0312902
1128 0.0313194
1129 0.031344
1130 0.031364
1131 0.0313795
1132 0.0313905
1133 0.0313969
1134 0.0313988
1135 0.0313962
1136 0.0313891
1137 0.0313774
1138 0.0313613
1139 0.0313407
1140 0.0313156
1141 0.0312861
1142 0.0312521
1143 0.0312136
1144 0.0311708
1145 0.0311235
1146 0.0310719
1147 0.0310158
1148 0.0309555
1149 0.0308908
1150 0.0308218
1151 0.0307484
1152 0.0306709
1153 0.030589
1154 0.030503
1155 0.0304127
1156 0.0303183
1157 0.0302197
1158 0.030117
1159 0.0300102
1160 0.0298993
1161 0.0297844
1162 0.0296654
1163 0.0295425
1164 0.0294157
1165 0.0292849
1166 0.0291502
1167 0.0290117
1168 0.0288693
1169 0.0287232
1170 0.0285733
1171 0.0284197
1172 0.0282625
1173 0.0281016
1174 0.0279372
1175 0.0277692
1176 0.0275976
1177 0.0274227
1178 0.0272442
1179 0.0270624
1180 0.0268773
1181 0.0266888
1182 0.0264971
1183 0.0263022
1184 0.0261041
1185 0.025903
1186 0.0256987
1187 0.0254914
1188 0.0252812
1189 0.0250681
1190 0.024852
1191 0.0246332
1192 0.0244116
1193 0.0241873
1194 0.0239604
1195 0.0237308
1196 0.0234988
1197 0.0232642
1198 0.0230273
1199 0.022788
1200 0.0225463
1201 0.0223025
1202 0.0220564
1203 0.0218083
1204 0.0215581
1205 0.0213059
1206 0.0210519
1207 0.020796
1208 0.0205384
1209 0.0202791
1210 0.0200182
1211 0.0197558
1212 0.0194919
1213 0.0192267
1214 0.0189603
1215 0.0186927
1216 0.018424
1217 0.0181543
1218 0.0178838
1219 0.0176124
1220 0.0173405
1221 0.0170679
1222 0.016795
1223 0.0165217
1224 0.0162483
1225 0.0159748
1226 0.0157014
1227 0.0154282
1228 0.0151554
1229 0.0148832
1230 0.0146117
1231 0.014341
1232 0.0140715
1233 0.0138032
1234 0.0135365
1235 0.0132715
1236 0.0130084
1237 0.0127475
1238 0.0124892
1239 0.0122335
1240 0.0119809
1241 0.0117317
1242 0.0114862
1243 0.0112447
1244 0.0110076
1245 0.0107754
1246 0.0105484
1247 0.0103271
1248 0.010112
1249 0.0099035
1250 0.00970215
1251 0.00950849
1252 0.00932305
1253 0.0091464
1254 0.00897912
1255 0.00882178
1256 0.00867498
1257 0.00853931
1258 0.00841533
1259 0.00830358
1260 0.00820459
1261 0.00811881
1262 0.00804668
1263 0.00798854
1264 0.00794468
1265 0.00791531
1266 0.00790054
1267 0.00790042
1268 0.00791488
1269 0.00794376
1270 0.00798684
1271 0.00804381
1272 0.00811429
1273 0.00819784
1274 0.00829395
1275 0.00840209
1276 0.00852169
1277 0.00865214
1278 0.00879283
1279 0.00894316
1280 0.00910249
1281 0.00927024
1282 0.0094458
1283 0.0096286
1284 0.00981808
1285 0.0100137
1286 0.010215
1287 0.0104214
1288 0.0106325
1289 0.0108479
1290 0.0110671
1291 0.0112898
1292 0.0115155
1293 0.011744
1294 0.0119749
1295 0.012208
1296 0.0124429
1297 0.0126793
1298 0.012917
1299 0.0131558
1300 0.0133955
1301 0.0136357
1302 0.0138764
1303 0.0141174
1304 0.0143584
1305 0.0145993
1306 0.0148399
1307 0.0150802
1308 0.0153198
1309 0.0155588
1310 0.0157969
1311 0.0160341
1312 0.0162703
1313 0.0165053
1314 0.016739
1315 0.0169713
1316 0.0172021
1317 0.0174314
1318 0.017659
1319 0.0178849
1320 0.0181089
1321 0.018331
1322 0.0185512
1323 0.0187693
1324 0.0189853
1325 0.0191992
1326 0.0194107
1327 0.01962
1328 0.0198269
1329 0.0200313
1330 0.0202333
1331 0.0204328
1332 0.0206296
1333 0.0208238
1334 0.0210154
1335 0.0212042
1336 0.0213902
1337 0.0215734
1338 0.0217537
1339 0.0219312
1340 0.0221057
1341 0.0222772
1342 0.0224457
1343 0.0226111
1344 0.0227735
1345 0.0229327
1346 0.0230888
1347 0.0232417
1348 0.0233913
1349 0.0235378
1350 0.0236809
1351 0.0238208
1352 0.0239573
1353 0.0240905
1354 0.0242204
1355 0.0243468
1356 0.0244698
1357 0.0245893
1358 0.0247055
1359 0.0248181
1360 0.0249272
1361 0.0250328
1362 0.0251349
1363 0.0252334
1364 0.0253284
1365 0.0254198
1366 0.0255076
1367 0.0255918
1368 0.0256723
1369 0.0257493
1370 0.0258225
1371 0.0258922
1372 0.0259582
1373 0.0260205
1374 0.0260791
1375 0.0261341
1376 0.0261854
1377 0.0262329
1378 0.0262768
1379 0.026317
1380 0.0263534
1381 0.0263862
1382 0.0264152
1383 0.0264406
1384 0.0264622
1385 0.0264801
1386 0.0264943
1387 0.0265047
1388 0.0265115
1389 0.0265146
1390 0.026514
1391 0.0265096
1392 0.0265016
1393 0.0264899
1394 0.0264745
1395 0.0264555
1396 0.0264327
1397 0.0264064
1398 0.0263763
1399 0.0263427
1400 0.0263054
1401 0.0262645
1402 0.02622
1403 0.0261719
1404 0.0261202
1405 0.026065
1406 0.0260062
1407 0.0259439
1408 0.025878
1409 0.0258087
1410 0.0257359
1411 0.0256596
1412 0.0255798
1413 0.0254967
1414 0.0254101
1415 0.0253201
1416 0.0252267
1417 0.02513
1418 0.02503
1419 0.0249267
1420 0.0248201
1421 0.0247102
1422 0.0245971
1423 0.0244807
1424 0.0243612
1425 0.0242386
1426 0.0241128
1427 0.0239839
1428 0.0238519
1429 0.0237169
1430 0.0235788
1431 0.0234378
1432 0.0232938
1433 0.0231468
1434 0.022997
1435 0.0228443
1436 0.0226888
1437 0.0225305
1438 0.0223694
1439 0.0222055
1440 0.022039
1441 0.0218698
1442 0.021698
1443 0.0215235
1444 0.0213466
1445 0.0211671
1446 0.0209851
1447 0.0208007
1448 0.0206139
1449 0.0204248
1450 0.0202333
1451 0.0200395
1452 0.0198436
1453 0.0196454
1454 0.0194451
1455 0.0192427
1456 0.0190382
1457 0.0188317
1458 0.0186233
1459 0.018413
1460 0.0182008
1461 0.0179868
1462 0.017771
1463 0.0175536
1464 0.0173345
1465 0.0171138
1466 0.0168916
1467 0.0166678
1468 0.0164427
1469 0.0162162
1470 0.0159885
1471 0.0157595
1472 0.0155293
1473 0.015298
1474 0.0150658
1475 0.0148325
1476 0.0145985
1477 0.0143636
1478 0.014128
1479 0.0138918
1480 0.013655
1481 0.0134178
1482 0.0131803
1483 0.0129425
1484 0.0127046
1485 0.0124666
1486 0.0122287
1487 0.0119911
1488 0.0117537
1489 0.0115169
1490 0.0112806
1491 0.0110451
1492 0.0108106
1493 0.0105771
1494 0.0103449
1495 0.0101142
1496 0.00988522
1497 0.00965812
1498 0.00943315
1499 0.00921059
1500 0.0089907
1501 0.00877377
1502 0.00856012
1503 0.00835009
1504 0.00814404
1505 0.00794236
1506 0.00774547
1507 0.0075538
1508 0.00736783
1509 0.00718806
1510 0.00701503
1511 0.00684929
1512 0.00669144
1513 0.00654207
1514 0.00640181
1515 0.0062713
1516 0.00615117
1517 0.00604205
1518 0.00594455
1519 0.00585923
1520 0.00578662
1521 0.00572718
1522 0.00568128
1523 0.00564922
1524 0.00563118
1525 0.00562724
1526 0.00563736
1527 0.00566138
1528 0.00569905
1529 0.00575001
1530 0.00581382
1531 0.00588996
1532 0.00597783
1533 0.00607683
1534 0.0061863
1535 0.00630557
1536 0.00643396
1537 0.00657082
1538 0.00671548
1539 0.00686733
1540 0.00702574
1541 0.00719016
1542 0.00736002
1543 0.00753482
1544 0.00771408
1545 0.00789734
1546 0.00808418
1547 0.00827422
1548 0.00846708
1549 0.00866242
1550 0.00885994
1551 0.00905934
1552 0.00926034
1553 0.0094627
1554 0.00966618
1555 0.00987057
1556 0.0100756
1557 0.0102812
1558 0.0104872
1559 0.0106932
1560 0.0108993
1561 0.0111053
1562 0.011311
1563 0.0115162
1564 0.011721
1565 0.0119251
1566 0.0121285
1567 0.012331
1568 0.0125325
1569 0.0127331
1570 0.0129325
1571 0.0131307
1572 0.0133276
1573 0.0135232
1574 0.0137173
1575 0.0139099
1576 0.014101
1577 0.0142904
1578 0.0144781
1579 0.0146641
1580 0.0148483
1581 0.0150306
1582 0.0152111
1583 0.0153895
1584 0.015566
1585 0.0157404
1586 0.0159127
1587 0.0160829
1588 0.0162509
1589 0.0164167
1590 0.0165802
1591 0.0167415
1592 0.0169004
1593 0.0170569
1594 0.0172111
1595 0.0173628
1596 0.0175121
1597 0.0176588
1598 0.0178031
1599 0.0179448
1600 0.0180839
1601 0.0182205
1602 0.0183544
1603 0.0184857
1604 0.0186142
1605 0.0187401
1606 0.0188633
1607 0.0189837
1608 0.0191014
1609 0.0192163
1610 0.0193284
1611 0.0194376
1612 0.0195441
1613 0.0196477
1614 0.0197484
1615 0.0198462
1616 0.0199411
1617 0.0200332
1618 0.0201223
1619 0.0202084
1620 0.0202916
1621 0.0203719
1622 0.0204491
1623 0.0205234
1624 0.0205947
1625 0.020663
1626 0.0207283
1627 0.0207906
1628 0.0208498
1629 0.0209061
1630 0.0209592
1631 0.0210094
1632 0.0210565
1633 0.0211005
1634 0.0211415
1635 0.0211794
1636 0.0212143
1637 0.0212461
1638 0.0212749
1639 0.0213006
1640 0.0213232
1641 0.0213427
1642 0.0213592
1643 0.0213727
1644 0.0213831
1645 0.0213904
1646 0.0213947
1647 0.0213959
1648 0.0213941
1649 0.0213893
1650 0.0213814
1651 0.0213705
1652 0.0213565
1653 0.0213396
1654 0.0213196
1655 0.0212967
1656 0.0212708
1657 0.0212418
1658 0.02121
1659 0.0211751
1660 0.0211373
1661 0.0210966
1662 0.0210529
1663 0.0210064
1664 0.0209569
1665 0.0209045
1666 0.0208493
1667 0.0207912
1668 0.0207303
1669 0.0206665
1670 0.0205999
1671 0.0205305
1672 0.0204583
1673 0.0203834
1674 0.0203057
1675 0.0202253
1676 0.0201422
1677 0.0200564
1678 0.0199679
1679 0.0198768
1680 0.019783
1681 0.0196867
1682 0.0195877
1683 0.0194862
1684 0.0193822
1685 0.0192756
1686 0.0191665
1687 0.019055
1688 0.018941
1689 0.0188246
1690 0.0187058
1691 0.0185846
1692 0.0184611
1693 0.0183352
1694 0.0182071
1695 0.0180767
1696 0.0179441
1697 0.0178093
1698 0.0176723
1699 0.0175332
1700 0.0173919
1701 0.0172486
1702 0.0171032
1703 0.0169558
1704 0.0168064
1705 0.0166551
1706 0.0165019
1707 0.0163468
1708 0.0161898
1709 0.016031
1710 0.0158705
1711 0.0157082
1712 0.0155443
1713 0.0153786
1714 0.0152114
1715 0.0150426
1716 0.0148723
1717 0.0147004
1718 0.0145271
1719 0.0143525
1720 0.0141764
1721 0.0139991
1722 0.0138205
1723 0.0136407
1724 0.0134597
1725 0.0132777
1726 0.0130945
1727 0.0129104
1728 0.0127254
1729 0.0125394
1730 0.0123526
1731 0.0121651
1732 0.0119769
1733 0.011788
1734 0.0115986
1735 0.0114087
1736 0.0112184
1737 0.0110278
1738 0.0108369
1739 0.0106458
1740 0.0104547
1741 0.0102635
1742 0.0100725
1743 0.00988173
1744 0.00969126
1745 0.00950123
1746 0.00931177
1747 0.00912299
1748 0.00893504
1749 0.00874806
1750 0.0085622
1751 0.00837762
1752 0.0081945
1753 0.00801302
1754 0.00783337
1755 0.00765577
1756 0.00748044
1757 0.00730763
1758 0.00713757
1759 0.00697056
1760 0.00680687
1761 0.00664683
1762 0.00649075
1763 0.006339
1764 0.00619194
1765 0.00604997
1766 0.0059135
1767 0.00578296
1768 0.00565879
1769 0.00554146
1770 0.00543144
1771 0.00532919
1772 0.00523519
1773 0.00514989
1774 0.00507374
1775 0.00500716
1776 0.00495051
1777 0.00490413
1778 0.00486827
1779 0.00484316
1780 0.00482891
1781 0.00482558
1782 0.00483314
1783 0.00485149
1784 0.00488044
1785 0.00491973
1786 0.00496905
1787 0.00502803
1788 0.00509624
1789 0.00517323
1790 0.00525852
1791 0.00535163
1792 0.00545206
1793 0.00555929
1794 0.00567286
1795 0.00579226
1796 0.00591706
1797 0.00604678
1798 0.00618103
1799 0.00631938
1800 0.00646147
1801 0.00660694
1802 0.00675544
1803 0.00690667
1804 0.00706034
1805 0.00721616
1806 0.00737388
1807 0.00753326
1808 0.00769409
1809 0.00785614
1810 0.00801923
1811 0.00818318
1812 0.00834782
1813 0.00851298
1814 0.00867852
1815 0.0088443
1816 0.0090102
1817 0.00917608
1818 0.00934183
1819 0.00950734
1820 0.00967252
1821 0.00983726
1822 0.0100015
1823 0.0101651
1824 0.010328
1825 0.0104901
1826 0.0106514
1827 0.0108117
1828 0.0109711
1829 0.0111295
1830 0.0112867
1831 0.0114427
1832 0.0115976
1833 0.0117511
1834 0.0119033
1835 0.0120542
1836 0.0122036
1837 0.0123516
1838 0.012498
1839 0.0126429
1840 0.0127862
1841 0.0129278
1842 0.0130678
1843 0.0132061
1844 0.0133426
1845 0.0134774
1846 0.0136103
1847 0.0137414
1848 0.0138706
1849 0.013998
1850 0.0141234
1851 0.0142468
1852 0.0143683
1853 0.0144877
1854 0.0146051
1855 0.0147205
1856 0.0148338
1857 0.014945
1858 0.015054
1859 0.0151609
1860 0.0152657
1861 0.0153682
1862 0.0154686
1863 0.0155667
1864 0.0156626
1865 0.0157563
1866 0.0158477
1867 0.0159367
1868 0.0160235
1869 0.016108
1870 0.0161901
1871 0.0162699
1872 0.0163473
1873 0.0164224
1874 0.0164951
1875 0.0165654
1876 0.0166333
1877 0.0166988
1878 0.0167619
1879 0.0168225
1880 0.0168807
1881 0.0169365
1882 0.0169898
1883 0.0170406
1884 0.017089
1885 0.0171349
1886 0.0171784
1887 0.0172193
1888 0.0172578
1889 0.0172938
1890 0.0173273
1891 0.0173583
1892 0.0173868
1893 0.0174128
1894 0.0174363
1895 0.0174574
1896 0.0174759
1897 0.0174919
1898 0.0175054
1899 0.0175164
1900 0.017525
1901 0.017531
1902 0.0175345
1903 0.0175356
1904 0.0175342
1905 0.0175303
1906 0.0175239
1907 0.017515
1908 0.0175037
1909 0.0174899
1910 0.0174736
1911 0.0174549
1912 0.0174338
1913 0.0174102
1914 0.0173842
1915 0.0173558
1916 0.017325
1917 0.0172918
1918 0.0172561
1919 0.0172181
1920 0.0171778
1921 0.017135
1922 0.0170899
1923 0.0170425
1924 0.0169928
1925 0.0169407
1926 0.0168864
1927 0.0168297
1928 0.0167708
1929 0.0167096
1930 0.0166462
1931 0.0165805
1932 0.0165127
1933 0.0164426
1934 0.0163704
1935 0.016296
1936 0.0162194
1937 0.0161407
1938 0.0160599
1939 0.015977
1940 0.0158921
1941 0.015805
1942 0.015716
1943 0.0156249
1944 0.0155318
1945 0.0154368
1946 0.0153398
1947 0.0152409
1948 0.01514
1949 0.0150373
1950 0.0149327
1951 0.0148263
1952 0.014718
1953 0.014608
1954 0.0144962
1955 0.0143827
1956 0.0142674
1957 0.0141505
1958 0.0140319
1959 0.0139117
1960 0.0137898
1961 0.0136664
1962 0.0135415
1963 0.013415
1964 0.0132871
1965 0.0131576
1966 0.0130268
1967 0.0128946
1968 0.012761
1969 0.0126261
1970 0.0124899
1971 0.0123525
1972 0.0122139
1973 0.012074
1974 0.0119331
1975 0.011791
1976 0.0116479
1977 0.0115037
1978 0.0113586
1979 0.0112126
1980 0.0110656
1981 0.0109178
1982 0.0107692
1983 0.0106199
1984 0.0104699
1985 0.0103192
1986 0.010168
1987 0.0100162
1988 0.00986391
1989 0.00971123
1990 0.00955819
1991 0.00940487
1992 0.00925132
1993 0.00909763
1994 0.00894386
1995 0.00879009
1996 0.0086364
1997 0.00848288
1998 0.00832961
1999 0.0081767
2000 0.00802423
2001 0.00787231
2002 0.00772104
2003 0.00757055
2004 0.00742096
2005 0.00727239
2006 0.00712498
2007 0.00697887
2008 0.00683422
2009 0.00669119
2010 0.00654996
2011 0.0064107
2012 0.00627362
2013 0.00613891
2014 0.0060068
2015 0.00587752
2016 0.00575132
2017 0.00562844
2018 0.00550917
2019 0.00539379
2020 0.0052826
2021 0.0051759
2022 0.00507401
2023 0.00497726
2024 0.00488599
2025 0.00480053
2026 0.00472121
2027 0.00464838
2028 0.00458233
2029 0.00452339
2030 0.00447183
2031 0.0044279
2032 0.00439183
2033 0.00436379
2034 0.00434393
2035 0.00433233
2036 0.00432903
2037 0.00433402
2038 0.00434722
2039 0.00436853
2040 0.00439777
2041 0.00443475
2042 0.0044792
2043 0.00453086
2044 0.00458941
2045 0.00465453
2046 0.00472588
2047 0.00480311
2048 0.00488586
2049 0.00497378
2050 0.00506652
2051 0.00516374
2052 0.00526512
2053 0.00537032
2054 0.00547904
2055 0.00559099
2056 0.00570589
2057 0.00582347
2058 0.00594349
2059 0.00606571
2060 0.0061899
2061 0.00631587
2062 0.0064434
2063 0.00657232
2064 0.00670245
2065 0.00683364
2066 0.00696572
2067 0.00709856
2068 0.00723201
2069 0.00736596
2070 0.00750029
2071 0.00763487
2072 0.00776961
2073 0.0079044
2074 0.00803916
2075 0.00817379
2076 0.0083082
2077 0.00844232
2078 0.00857608
2079 0.00870939
2080 0.0088422
2081 0.00897443
2082 0.00910603
2083 0.00923694
2084 0.00936709
2085 0.00949644
2086 0.00962494
2087 0.00975253
2088 0.00987917
2089 0.0100048
2090 0.0101294
2091 0.0102529
2092 0.0103753
2093 0.0104966
2094 0.0106166
2095 0.0107354
2096 0.010853
2097 0.0109692
2098 0.0110842
2099 0.0111977
2100 0.0113099
2101 0.0114206
2102 0.0115299
2103 0.0116377
2104 0.0117441
2105 0.0118488
2106 0.0119521
2107 0.0120538
2108 0.0121538
2109 0.0122523
2110 0.0123491
2111 0.0124443
2112 0.0125378
2113 0.0126296
2114 0.0127197
2115 0.012808
2116 0.0128946
2117 0.0129794
2118 0.0130625
2119 0.0131437
2120 0.0132231
2121 0.0133007
2122 0.0133765
2123 0.0134504
2124 0.0135225
2125 0.0135926
2126 0.0136609
2127 0.0137273
2128 0.0137917
2129 0.0138543
2130 0.0139149
2131 0.0139735
2132 0.0140303
2133 0.014085
2134 0.0141378
2135 0.0141886
2136 0.0142374
2137 0.0142843
2138 0.0143291
2139 0.014372
2140 0.0144128
2141 0.0144517
2142 0.0144885
2143 0.0145233
2144 0.014556
2145 0.0145868
2146 0.0146155
2147 0.0146422
2148 0.0146669
2149 0.0146895
2150 0.0147101
2151 0.0147286
2152 0.0147451
2153 0.0147596
2154 0.014772
2155 0.0147824
2156 0.0147908
2157 0.0147971
2158 0.0148014
2159 0.0148037
2160 0.0148039
2161 0.0148021
2162 0.0147983
2163 0.0147925
2164 0.0147847
2165 0.0147748
2166 0.014763
2167 0.0147491
2168 0.0147333
2169 0.0147155
2170 0.0146956
2171 0.0146739
2172 0.0146501
2173 0.0146244
2174 0.0145967
2175 0.0145671
2176 0.0145356
2177 0.0145021
2178 0.0144667
2179 0.0144294
2180 0.0143902
2181 0.0143491
2182 0.0143061
2183 0.0142613
2184 0.0142146
2185 0.014166
2186 0.0141156
2187 0.0140635
2188 0.0140094
2189 0.0139537
2190 0.0138961
2191 0.0138367
2192 0.0137756
2193 0.0137128
2194 0.0136482
2195 0.0135819
2196 0.013514
2197 0.0134443
2198 0.013373
2199 0.0133
2200 0.0132255
2201 0.0131493
2202 0.0130715
2203 0.0129921
2204 0.0129112
2205 0.0128287
2206 0.0127447
2207 0.0126592
2208 0.0125723
2209 0.0124838
2210 0.012394
2211 0.0123027
2212 0.01221
2213 0.012116
2214 0.0120205
2215 0.0119238
2216 0.0118258
2217 0.0117265
2218 0.0116259
2219 0.0115241
2220 0.011421
2221 0.0113168
2222 0.0112115
2223 0.011105
2224 0.0109974
2225 0.0108888
2226 0.0107791
2227 0.0106683
2228 0.0105566
2229 0.010444
2230 0.0103304
2231 0.0102159
2232 0.0101006
2233 0.00998444
2234 0.0098675
2235 0.00974981
2236 0.0096314
2237 0.0095123
2238 0.00939257
2239 0.00927223
2240 0.00915134
2241 0.00902992
2242 0.00890803
2243 0.00878571
2244 0.008663
2245 0.00853995
2246 0.00841662
2247 0.00829306
2248 0.00816931
2249 0.00804543
2250 0.00792148
2251 0.00779752
2252 0.00767362
2253 0.00754983
2254 0.00742622
2255 0.00730287
2256 0.00717985
2257 0.00705723
2258 0.0069351
2259 0.00681354
2260 0.00669264
2261 0.00657249
2262 0.00645319
2263 0.00633485
2264 0.00621757
2265 0.00610146
2266 0.00598665
2267 0.00587326
2268 0.00576143
2269 0.00565129
2270 0.00554299
2271 0.00543668
2272 0.00533253
2273 0.0052307
2274 0.00513138
2275 0.00503473
2276 0.00494096
2277 0.00485026
2278 0.00476284
2279 0.0046789
2280 0.00459867
2281 0.00452235
2282 0.00445016
2283 0.00438233
2284 0.00431907
2285 0.0042606
2286 0.00420711
2287 0.0041588
2288 0.00411584
2289 0.00407841
2290 0.00404664
2291 0.00402066
2292 0.00400056
2293 0.00398641
2294 0.00397825
2295 0.00397608
2296 0.00397989
2297 0.00398962
2298 0.0040052
2299 0.0040265
2300 0.0040534
2301 0.00408575
2302 0.00412335
2303 0.00416602
2304 0.00421355
2305 0.00426571
2306 0.00432228
2307 0.00438303
2308 0.00444773
2309 0.00451613
2310 0.00458801
2311 0.00466314
2312 0.00474129
2313 0.00482224
2314 0.0049058
2315 0.00499174
2316 0.00507989
2317 0.00517005
2318 0.00526205
2319 0.00535571
2320 0.00545088
2321 0.0055474
2322 0.00564513
2323 0.00574394
2324 0.00584368
2325 0.00594424
2326 0.00604551
2327 0.00614737
2328 0.00624971
2329 0.00635244
2330 0.00645547
2331 0.0065587
2332 0.00666206
2333 0.00676546
2334 0.00686883
2335 0.00697209
2336 0.00707519
2337 0.00717804
2338 0.0072806
2339 0.00738279
2340 0.00748458
2341 0.0075859
2342 0.0076867
2343 0.00778693
2344 0.00788656
2345 0.00798552
2346 0.00808379
2347 0.00818131
2348 0.00827806
2349 0.00837399
2350 0.00846906
2351 0.00856325
2352 0.00865652
2353 0.00874884
2354 0.00884017
2355 0.00893049
2356 0.00901977
2357 0.00910798
2358 0.00919509
2359 0.00928109
2360 0.00936594
2361 0.00944962
2362 0.00953211
2363 0.00961338
2364 0.00969342
2365 0.00977221
2366 0.00984972
2367 0.00992594
2368 0.0100008
2369 0.0100744
2370 0.0101467
2371 0.0102175
2372 0.010287
2373 0.0103551
2374 0.0104218
2375 0.010487
2376 0.0105508
2377 0.0106132
2378 0.0106741
2379 0.0107335
2380 0.0107915
2381 0.0108479
2382 0.0109028
2383 0.0109563
2384 0.0110081
2385 0.0110585
2386 0.0111073
2387 0.0111545
2388 0.0112002
2389 0.0112443
2390 0.0112868
2391 0.0113277
2392 0.011367
2393 0.0114048
2394 0.0114409
2395 0.0114754
2396 0.0115083
2397 0.0115396
2398 0.0115692
2399 0.0115973
2400 0.0116236
2401 0.0116484
2402 0.0116715
2403 0.011693
2404 0.0117128
2405 0.011731
2406 0.0117475
2407 0.0117624
2408 0.0117756
2409 0.0117872
2410 0.0117972
2411 0.0118054
2412 0.0118121
2413 0.0118171
2414 0.0118204
2415 0.0118221
2416 0.0118221
2417 0.0118206
2418 0.0118173
2419 0.0118125
2420 0.011806
2421 0.0117978
2422 0.0117881
2423 0.0117767
2424 0.0117637
2425 0.0117491
2426 0.0117329
2427 0.0117151
2428 0.0116957
2429 0.0116747
2430 0.0116521
2431 0.0116279
2432 0.0116022
2433 0.0115749
2434 0.0115461
2435 0.0115157
2436 0.0114837
2437 0.0114503
2438 0.0114153
2439 0.0113788
2440 0.0113407
2441 0.0113012
2442 0.0112602
2443 0.0112178
2444 0.0111739
2445 0.0111285
2446 0.0110817
2447 0.0110334
2448 0.0109837
2449 0.0109327
2450 0.0108802
2451 0.0108263
2452 0.0107711
2453 0.0107145
2454 0.0106566
2455 0.0105974
2456 0.0105368
2457 0.010475
2458 0.0104119
2459 0.0103475
2460 0.0102818
2461 0.010215
2462 0.0101469
2463 0.0100776
2464 0.0100071
2465 0.00993547
2466 0.00986268
2467 0.00978876
2468 0.00971373
2469 0.00963762
2470 0.00956043
2471 0.00948219
2472 0.00940292
2473 0.00932265
2474 0.00924138
2475 0.00915916
2476 0.00907599
2477 0.0089919
2478 0.00890691
2479 0.00882105
2480 0.00873435
2481 0.00864683
2482 0.00855851
2483 0.00846942
2484 0.00837959
2485 0.00828905
2486 0.00819782
2487 0.00810594
2488 0.00801344
2489 0.00792034
2490 0.00782669
2491 0.00773252
2492 0.00763785
2493 0.00754272
2494 0.00744718
2495 0.00735125
2496 0.00725497
2497 0.00715839
2498 0.00706155
2499 0.00696448
2500 0.00686724
2501 0.00676987
2502 0.00667242
2503 0.00657494
2504 0.00647748
2505 0.0063801
2506 0.00628284
2507 0.00618578
2508 0.00608897
2509 0.00599248
2510 0.00589637
2511 0.00580071
2512 0.00570558
2513 0.00561105
2514 0.0055172
2515 0.00542412
2516 0.0053319
2517 0.00524062
2518 0.00515038
2519 0.00506129
2520 0.00497344
2521 0.00488696
2522 0.00480195
2523 0.00471853
2524 0.00463684
2525 0.00455699
2526 0.00447913
2527 0.00440339
2528 0.00432992
2529 0.00425887
2530 0.0041904
2531 0.00412465
2532 0.00406178
2533 0.00400197
2534 0.00394535
2535 0.00389211
2536 0.00384238
2537 0.00379633
2538 0.0037541
2539 0.00371583
2540 0.00368165
2541 0.00365168
2542 0.00362603
2543 0.00360479
2544 0.00358802
2545 0.0035758
2546 0.00356815
2547 0.00356509
2548 0.00356661
2549 0.00357271
2550 0.00358332
2551 0.00359839
2552 0.00361784
2553 0.00364157
2554 0.00366946
2555 0.00370139
2556 0.00373722
2557 0.0037768
2558 0.00381998
2559 0.0038666
2560 0.0039165
2561 0.00396949
2562 0.00402543
2563 0.00408413
2564 0.00414544
2565 0.0042092
2566 0.00427523
2567 0.0043434
2568 0.00441354
2569 0.00448552
2570 0.00455919
2571 0.00463441
2572 0.00471107
2573 0.00478903
2574 0.00486818
2575 0.00494841
2576 0.00502959
2577 0.00511164
2578 0.00519446
2579 0.00527794
2580 0.00536201
2581 0.00544658
2582 0.00553157
2583 0.0056169
2584 0.0057025
2585 0.00578831
2586 0.00587425
2587 0.00596026
2588 0.00604629
2589 0.00613228
2590 0.00621817
2591 0.00630391
2592 0.00638945
2593 0.00647474
2594 0.00655975
2595 0.00664442
2596 0.00672872
2597 0.0068126
2598 0.00689603
2599 0.00697897
2600 0.00706139
2601 0.00714324
2602 0.00722451
2603 0.00730515
2604 0.00738513
2605 0.00746444
2606 0.00754303
2607 0.00762089
2608 0.00769799
2609 0.0077743
2610 0.0078498
2611 0.00792447
2612 0.00799828
2613 0.00807121
2614 0.00814324
2615 0.00821435
2616 0.00828453
2617 0.00835375
2618 0.00842199
2619 0.00848924
2620 0.00855548
2621 0.0086207
2622 0.00868487
2623 0.00874799
2624 0.00881004
2625 0.008871
2626 0.00893086
2627 0.0089896
2628 0.00904722
2629 0.0091037
2630 0.00915903
2631 0.00921319
2632 0.00926618
2633 0.00931799
2634 0.00936859
2635 0.009418
2636 0.00946619
2637 0.00951315
2638 0.00955888
2639 0.00960337
2640 0.00964661
2641 0.00968859
2642 0.00972931
2643 0.00976876
2644 0.00980692
2645 0.0098438
2646 0.00987939
2647 0.00991369
2648 0.00994668
2649 0.00997836
2650 0.0100087
2651 0.0100378
2652 0.0100655
2653 0.0100919
2654 0.010117
2655 0.0101407
2656 0.0101631
2657 0.0101842
2658 0.010204
2659 0.0102223
2660 0.0102394
2661 0.0102551
2662 0.0102694
2663 0.0102824
2664 0.0102941
2665 0.0103044
2666 0.0103133
2667 0.0103209
2668 0.0103272
2669 0.0103321
2670 0.0103356
2671 0.0103379
2672 0.0103387
2673 0.0103382
2674 0.0103364
2675 0.0103333
2676 0.0103288
2677 0.0103229
2678 0.0103158
2679 0.0103073
2680 0.0102974
2681 0.0102863
2682 0.0102738
2683 0.0102601
2684 0.010245
2685 0.0102286
2686 0.0102109
2687 0.010192
2688 0.0101717
2689 0.0101502
2690 0.0101273
2691 0.0101033
2692 0.0100779
2693 0.0100513
2694 0.0100234
2695 0.00999434
2696 0.00996401
2697 0.00993245
2698 0.00989968
2699 0.00986569
2700 0.0098305
2701 0.00979412
2702 0.00975656
2703 0.00971782
2704 0.00967791
2705 0.00963685
2706 0.00959465
2707 0.00955131
2708 0.00950685
2709 0.00946127
2710 0.00941459
2711 0.00936682
2712 0.00931797
2713 0.00926806
2714 0.00921708
2715 0.00916507
2716 0.00911203
2717 0.00905797
2718 0.0090029
2719 0.00894685
2720 0.00888981
2721 0.00883182
2722 0.00877288
2723 0.008713
2724 0.00865221
2725 0.00859052
2726 0.00852793
2727 0.00846448
2728 0.00840017
2729 0.00833502
2730 0.00826905
2731 0.00820228
2732 0.00813472
2733 0.00806639
2734 0.00799732
2735 0.00792751
2736 0.00785699
2737 0.00778578
2738 0.00771389
2739 0.00764136
2740 0.00756819
2741 0.00749442
2742 0.00742006
2743 0.00734513
2744 0.00726967
2745 0.00719368
2746 0.00711721
2747 0.00704026
2748 0.00696287
2749 0.00688506
2750 0.00680687
2751 0.00672831
2752 0.00664942
2753 0.00657022
2754 0.00649074
2755 0.00641102
2756 0.00633109
2757 0.00625098
2758 0.00617073
2759 0.00609036
2760 0.00600992
2761 0.00592944
2762 0.00584896
2763 0.00576852
2764 0.00568816
2765 0.00560793
2766 0.00552786
2767 0.00544801
2768 0.00536843
2769 0.00528915
2770 0.00521024
2771 0.00513174
2772 0.00505372
2773 0.00497623
2774 0.00489933
2775 0.00482308
2776 0.00474755
2777 0.0046728
2778 0.00459891
2779 0.00452595
2780 0.00445399
2781 0.00438312
2782 0.00431341
2783 0.00424495
2784 0.00417783
2785 0.00411213
2786 0.00404795
2787 0.00398539
2788 0.00392455
2789 0.00386551
2790 0.0038084
2791 0.00375331
2792 0.00370034
2793 0.00364961
2794 0.00360122
2795 0.00355527
2796 0.00351187
2797 0.00347112
2798 0.00343312
2799 0.00339797
2800 0.00336575
2801 0.00333655
2802 0.00331045
2803 0.00328751
2804 0.00326779
2805 0.00325134
2806 0.0032382
2807 0.0032284
2808 0.00322195
2809 0.00321886
2810 0.0032191
2811 0.00322268
2812 0.00322953
2813 0.00323963
2814 0.00325292
2815 0.00326932
2816 0.00328877
2817 0.00331117
2818 0.00333643
2819 0.00336445
2820 0.00339514
2821 0.00342837
2822 0.00346405
2823 0.00350205
2824 0.00354226
2825 0.00358456
2826 0.00362884
2827 0.00367499
2828 0.00372288
2829 0.00377242
2830 0.00382349
2831 0.00387599
2832 0.0039298
2833 0.00398485
2834 0.00404101
2835 0.00409821
2836 0.00415635
2837 0.00421535
2838 0.00427512
2839 0.00433559
2840 0.00439667
2841 0.0044583
2842 0.00452041
2843 0.00458292
2844 0.00464577
2845 0.00470891
2846 0.00477227
2847 0.00483579
2848 0.00489944
2849 0.00496314
2850 0.00502686
2851 0.00509055
2852 0.00515415
2853 0.00521764
2854 0.00528097
2855 0.0053441
2856 0.00540698
2857 0.0054696
2858 0.0055319
2859 0.00559386
2860 0.00565545
2861 0.00571664
2862 0.00577739
2863 0.00583768
2864 0.00589747
2865 0.00595676
2866 0.0060155
2867 0.00607368
2868 0.00613128
2869 0.00618826
2870 0.00624461
2871 0.00630031
2872 0.00635534
2873 0.00640968
2874 0.00646331
2875 0.00651621
2876 0.00656837
2877 0.00661977
2878 0.00667039
2879 0.00672022
2880 0.00676924
2881 0.00681744
2882 0.0068648
2883 0.00691132
2884 0.00695698
2885 0.00700176
2886 0.00704566
2887 0.00708866
2888 0.00713076
2889 0.00717193
2890 0.00721218
2891 0.00725149
2892 0.00728985
2893 0.00732725
2894 0.00736369
2895 0.00739916
2896 0.00743364
2897 0.00746714
2898 0.00749964
2899 0.00753113
2900 0.00756162
2901 0.00759109
2902 0.00761953
2903 0.00764695
2904 0.00767334
2905 0.00769868
2906 0.00772299
2907 0.00774624
2908 0.00776845
2909 0.00778959
2910 0.00780968
2911 0.00782871
2912 0.00784667
2913 0.00786356
2914 0.00787938
2915 0.00789412
2916 0.0079078
2917 0.00792039
2918 0.0079319
2919 0.00794234
2920 0.00795169
2921 0.00795996
2922 0.00796715
2923 0.00797325
2924 0.00797827
2925 0.00798221
2926 0.00798507
2927 0.00798684
2928 0.00798754
2929 0.00798715
2930 0.00798569
2931 0.00798315
2932 0.00797954
2933 0.00797485
2934 0.00796909
2935 0.00796227
2936 0.00795438
2937 0.00794543
2938 0.00793542
2939 0.00792436
2940 0.00791225
2941 0.00789908
2942 0.00788488
2943 0.00786964
2944 0.00785336
2945 0.00783605
2946 0.00781772
2947 0.00779837
2948 0.00777801
2949 0.00775664
2950 0.00773427
2951 0.0077109
2952 0.00768654
2953 0.00766121
2954 0.00763489
2955 0.00760761
2956 0.00757937
2957 0.00755017
2958 0.00752003
2959 0.00748896
2960 0.00745695
2961 0.00742402
2962 0.00739019
2963 0.00735545
2964 0.00731981
2965 0.0072833
2966 0.0072459
2967 0.00720765
2968 0.00716854
2969 0.00712859
2970 0.00708781
2971 0.0070462
2972 0.00700379
2973 0.00696058
2974 0.00691658
2975 0.00687181
2976 0.00682627
2977 0.00677999
2978 0.00673298
2979 0.00668524
2980 0.00663679
2981 0.00658765
2982 0.00653783
2983 0.00648734
2984 0.0064362
2985 0.00638443
2986 0.00633204
2987 0.00627905
2988 0.00622547
2989 0.00617133
2990 0.00611663
2991 0.0060614
2992 0.00600565
2993 0.00594941
2994 0.00589269
2995 0.00583552
2996 0.00577791
2997 0.00571988
2998 0.00566146
2999 0.00560266
3000 0.00554352
3001 0.00548405
3002 0.00542428
3003 0.00536424
3004 0.00530394
3005 0.00524342
3006 0.0051827
3007 0.00512181
3008 0.00506078
3009 0.00499964
3010 0.00493843
3011 0.00487716
3012 0.00481589
3013 0.00475463
3014 0.00469343
3015 0.00463232
3016 0.00457134
3017 0.00451054
3018 0.00444994
3019 0.0043896
3020 0.00432955
3021 0.00426985
3022 0.00421054
3023 0.00415167
3024 0.00409329
3025 0.00403545
3026 0.00397821
3027 0.00392162
3028 0.00386575
3029 0.00381065
3030 0.00375639
3031 0.00370303
3032 0.00365064
3033 0.00359929
3034 0.00354905
3035 0.00349999
3036 0.00345218
3037 0.00340571
3038 0.00336065
3039 0.00331708
3040 0.00327508
3041 0.00323472
3042 0.0031961
3043 0.00315929
3044 0.00312436
3045 0.0030914
3046 0.00306049
3047 0.0030317
3048 0.00300509
3049 0.00298074
3050 0.00295871
3051 0.00293906
3052 0.00292183
3053 0.00290709
3054 0.00289486
3055 0.00288517
3056 0.00287805
3057 0.00287352
3058 0.00287158
3059 0.00287223
3060 0.00287547
3061 0.00288127
3062 0.0028896
3063 0.00290044
3064 0.00291373
3065 0.00292944
3066 0.0029475
3067 0.00296786
3068 0.00299044
3069 0.00301519
3070 0.00304201
3071 0.00307085
3072 0.00310161
3073 0.00313421
3074 0.00316858
3075 0.00320463
3076 0.00324227
3077 0.00328143
3078 0.00332201
3079 0.00336395
3080 0.00340715
3081 0.00345154
3082 0.00349705
3083 0.00354359
3084 0.0035911
3085 0.00363951
3086 0.00368874
3087 0.00373873
3088 0.00378942
3089 0.00384074
3090 0.00389264
3091 0.00394505
3092 0.00399793
3093 0.00405122
3094 0.00410487
3095 0.00415882
3096 0.00421304
3097 0.00426748
3098 0.0043221
3099 0.00437684
3100 0.00443168
3101 0.00448657
3102 0.00454149
3103 0.00459638
3104 0.00465122
3105 0.00470598
3106 0.00476062
3107 0.00481511
3108 0.00486943
3109 0.00492355
3110 0.00497743
3111 0.00503106
3112 0.0050844
3113 0.00513744
3114 0.00519016
3115 0.00524251
3116 0.0052945
3117 0.00534609
3118 0.00539727
3119 0.00544801
3120 0.0054983
3121 0.00554813
3122 0.00559746
3123 0.00564628
3124 0.00569459
3125 0.00574236
3126 0.00578957
3127 0.00583622
3128 0.00588228
3129 0.00592775
3130 0.00597261
3131 0.00601685
3132 0.00606045
3133 0.0061034
3134 0.0061457
3135 0.00618733
3136 0.00622827
3137 0.00626852
3138 0.00630807
3139 0.00634691
3140 0.00638503
3141 0.00642242
3142 0.00645906
3143 0.00649496
3144 0.0065301
3145 0.00656448
3146 0.00659808
3147 0.0066309
3148 0.00666294
3149 0.00669418
3150 0.00672462
3151 0.00675426
3152 0.00678308
3153 0.00681108
3154 0.00683826
3155 0.0068646
3156 0.00689011
3157 0.00691478
3158 0.00693861
3159 0.00696158
3160 0.00698371
3161 0.00700497
3162 0.00702538
3163 0.00704492
3164 0.00706359
3165 0.00708139
3166 0.00709831
3167 0.00711436
3168 0.00712953
3169 0.00714382
3170 0.00715723
3171 0.00716975
3172 0.00718138
3173 0.00719213
3174 0.00720198
3175 0.00721095
3176 0.00721902
3177 0.00722621
3178 0.0072325
3179 0.0072379
3180 0.0072424
3181 0.00724601
3182 0.00724874
3183 0.00725057
3184 0.0072515
3185 0.00725155
3186 0.00725071
3187 0.00724899
3188 0.00724637
3189 0.00724288
3190 0.0072385
3191 0.00723324
3192 0.0072271
3193 0.00722008
3194 0.00721219
3195 0.00720344
3196 0.00719381
3197 0.00718332
3198 0.00717197
3199 0.00715976
3200 0.00714669
3201 0.00713278
3202 0.00711802
3203 0.00710241
3204 0.00708597
3205 0.0070687
3206 0.00705059
3207 0.00703167
3208 0.00701192
3209 0.00699136
3210 0.00697
3211 0.00694783
3212 0.00692486
3213 0.0069011
3214 0.00687656
3215 0.00685124
3216 0.00682515
3217 0.00679829
3218 0.00677067
3219 0.00674231
3220 0.0067132
3221 0.00668335
3222 0.00665277
3223 0.00662147
3224 0.00658946
3225 0.00655674
3226 0.00652333
3227 0.00648922
3228 0.00645444
3229 0.00641898
3230 0.00638287
3231 0.0063461
3232 0.00630869
3233 0.00627064
3234 0.00623197
3235 0.00619269
3236 0.00615281
3237 0.00611233
3238 0.00607127
3239 0.00602964
3240 0.00598745
3241 0.00594472
3242 0.00590144
3243 0.00585765
3244 0.00581334
3245 0.00576853
3246 0.00572323
3247 0.00567746
3248 0.00563123
3249 0.00558455
3250 0.00553744
3251 0.00548991
3252 0.00544198
3253 0.00539366
3254 0.00534496
3255 0.0052959
3256 0.0052465
3257 0.00519677
3258 0.00514673
3259 0.0050964
3260 0.00504579
3261 0.00499492
3262 0.00494381
3263 0.00489248
3264 0.00484095
3265 0.00478924
3266 0.00473736
3267 0.00468534
3268 0.0046332
3269 0.00458096
3270 0.00452864
3271 0.00447627
3272 0.00442387
3273 0.00437147
3274 0.00431909
3275 0.00426675
3276 0.00421449
3277 0.00416232
3278 0.00411028
3279 0.00405841
3280 0.00400671
3281 0.00395524
3282 0.00390402
3283 0.00385308
3284 0.00380247
3285 0.0037522
3286 0.00370232
3287 0.00365287
3288 0.00360389
3289 0.00355541
3290 0.00350748
3291 0.00346013
3292 0.00341342
3293 0.00336739
3294 0.00332207
3295 0.00327753
3296 0.0032338
3297 0.00319094
3298 0.003149
3299 0.00310802
3300 0.00306807
3301 0.00302919
3302 0.00299143
3303 0.00295486
3304 0.00291952
3305 0.00288548
3306 0.00285277
3307 0.00282147
3308 0.00279161
3309 0.00276326
3310 0.00273646
3311 0.00271126
3312 0.00268771
3313 0.00266586
3314 0.00264573
3315 0.00262739
3316 0.00261084
3317 0.00259614
3318 0.0025833
3319 0.00257234
3320 0.00256329
3321 0.00255614
3322 0.00255092
3323 0.00254762
3324 0.00254623
3325 0.00254675
3326 0.00254915
3327 0.00255343
3328 0.00255955
3329 0.00256748
3330 0.00257719
3331 0.00258864
3332 0.00260178
3333 0.00261657
3334 0.00263296
3335 0.0026509
3336 0.00267033
3337 0.0026912
3338 0.00271344
3339 0.00273701
3340 0.00276183
3341 0.00278786
3342 0.00281502
3343 0.00284326
3344 0.00287253
3345 0.00290275
3346 0.00293388
3347 0.00296586
3348 0.00299862
3349 0.00303212
3350 0.00306631
3351 0.00310112
3352 0.00313651
3353 0.00317243
3354 0.00320883
3355 0.00324567
3356 0.0032829
3357 0.00332048
3358 0.00335836
3359 0.00339651
3360 0.00343489
3361 0.00347346
3362 0.00351218
3363 0.00355101
3364 0.00358994
3365 0.00362891
3366 0.00366791
3367 0.0037069
3368 0.00374585
3369 0.00378474
3370 0.00382354
3371 0.00386222
3372 0.00390076
3373 0.00393913
3374 0.00397732
3375 0.0040153
3376 0.00405304
3377 0.00409053
3378 0.00412776
3379 0.00416469
3380 0.00420131
3381 0.00423761
3382 0.00427356
3383 0.00430916
3384 0.00434438
3385 0.0043792
3386 0.00441363
3387 0.00444763
3388 0.0044812
3389 0.00451433
3390 0.004547
3391 0.0045792
3392 0.00461091
3393 0.00464213
3394 0.00467285
3395 0.00470305
3396 0.00473272
3397 0.00476186
3398 0.00479046
3399 0.0048185
3400 0.00484597
3401 0.00487288
3402 0.00489921
3403 0.00492495
3404 0.0049501
3405 0.00497464
3406 0.00499858
3407 0.0050219
3408 0.0050446
3409 0.00506668
3410 0.00508811
3411 0.00510892
3412 0.00512907
3413 0.00514858
3414 0.00516743
3415 0.00518562
3416 0.00520315
3417 0.00522002
3418 0.00523621
3419 0.00525173
3420 0.00526657
3421 0.00528072
3422 0.00529419
3423 0.00530698
3424 0.00531907
3425 0.00533048
3426 0.00534118
3427 0.00535119
3428 0.00536051
3429 0.00536912
3430 0.00537703
3431 0.00538424
3432 0.00539074
3433 0.00539654
3434 0.00540163
3435 0.00540601
3436 0.00540969
3437 0.00541266
3438 0.00541493
3439 0.00541649
3440 0.00541734
3441 0.00541749
3442 0.00541693
3443 0.00541567
3444 0.00541371
3445 0.00541104
3446 0.00540767
3447 0.00540361
3448 0.00539885
3449 0.00539339
3450 0.00538724
3451 0.0053804
3452 0.00537287
3453 0.00536466
3454 0.00535576
3455 0.00534618
3456 0.00533593
3457 0.005325
3458 0.0053134
3459 0.00530113
3460 0.0052882
3461 0.00527462
3462 0.00526037
3463 0.00524548
3464 0.00522994
3465 0.00521376
3466 0.00519694
3467 0.00517949
3468 0.00516142
3469 0.00514272
3470 0.00512341
3471 0.00510348
3472 0.00508295
3473 0.00506183
3474 0.00504011
3475 0.0050178
3476 0.00499491
3477 0.00497146
3478 0.00494743
3479 0.00492285
3480 0.00489771
3481 0.00487204
3482 0.00484582
3483 0.00481908
3484 0.00479182
3485 0.00476404
3486 0.00473576
3487 0.00470699
3488 0.00467773
3489 0.00464799
3490 0.00461779
3491 0.00458713
3492 0.00455602
3493 0.00452447
3494 0.0044925
3495 0.00446011
3496 0.00442732
3497 0.00439413
3498 0.00436055
3499 0.00432661
3500 0.00429231
3501 0.00425766
3502 0.00422267
3503 0.00418737
3504 0.00415176
3505 0.00411585
3506 0.00407966
3507 0.00404321
3508 0.00400651
3509 0.00396957
3510 0.00393242
3511 0.00389505
3512 0.00385751
3513 0.00381979
3514 0.00378192
3515 0.00374391
3516 0.00370579
3517 0.00366757
3518 0.00362927
3519 0.00359091
3520 0.00355252
3521 0.00351412
3522 0.00347572
3523 0.00343734
3524 0.00339903
3525 0.00336079
3526 0.00332265
3527 0.00328464
3528 0.00324678
3529 0.0032091
3530 0.00317164
3531 0.00313441
3532 0.00309745
3533 0.00306078
3534 0.00302445
3535 0.00298848
3536 0.00295291
3537 0.00291777
3538 0.00288309
3539 0.00284892
3540 0.00281528
3541 0.00278222
3542 0.00274978
3543 0.00271799
3544 0.0026869
3545 0.00265654
3546 0.00262697
3547 0.00259821
3548 0.00257031
3549 0.00254332
3550 0.00251728
3551 0.00249223
3552 0.00246821
3553 0.00244527
3554 0.00242345
3555 0.00240278
3556 0.00238331
3557 0.00236507
3558 0.00234811
3559 0.00233245
3560 0.00231813
3561 0.00230518
3562 0.00229363
3563 0.0022835
3564 0.00227481
3565 0.00226759
3566 0.00226184
3567 0.00225758
3568 0.00225481
3569 0.00225355
3570 0.00225378
3571 0.00225551
3572 0.00225873
3573 0.00226342
3574 0.00226957
3575 0.00227716
3576 0.00228617
3577 0.00229657
3578 0.00230834
3579 0.00232144
3580 0.00233585
3581 0.00235151
3582 0.00236841
3583 0.00238649
3584 0.00240572
3585 0.00242606
3586 0.00244746
3587 0.00246987
3588 0.00249327
3589 0.0025176
3590 0.00254281
3591 0.00256888
3592 0.00259574
3593 0.00262336
3594 0.0026517
3595 0.00268071
3596 0.00271036
3597 0.0027406
3598 0.00277139
3599 0.0028027
3600 0.00283448
3601 0.00286671
3602 0.00289934
3603 0.00293234
3604 0.00296568
3605 0.00299933
3606 0.00303325
3607 0.00306741
3608 0.00310178
3609 0.00313634
3610 0.00317105
3611 0.00320589
3612 0.00324084
3613 0.00327586
3614 0.00331094
3615 0.00334605
3616 0.00338117
3617 0.00341627
3618 0.00345134
3619 0.00348635
3620 0.00352128
3621 0.00355613
3622 0.00359085
3623 0.00362545
3624 0.0036599
3625 0.00369419
3626 0.00372829
3627 0.0037622
3628 0.00379589
3629 0.00382936
3630 0.00386258
3631 0.00389555
3632 0.00392826
3633 0.00396068
3634 0.00399281
3635 0.00402463
3636 0.00405614
3637 0.00408732
3638 0.00411816
3639 0.00414865
3640 0.00417878
3641 0.00420854
3642 0.00423791
3643 0.0042669
3644 0.00429549
3645 0.00432368
3646 0.00435145
3647 0.00437879
3648 0.0044057
3649 0.00443217
3650 0.0044582
3651 0.00448377
3652 0.00450888
3653 0.00453352
3654 0.00455769
3655 0.00458137
3656 0.00460457
3657 0.00462728
3658 0.00464949
3659 0.00467119
3660 0.00469239
3661 0.00471307
3662 0.00473323
3663 0.00475286
3664 0.00477197
3665 0.00479055
3666 0.00480859
3667 0.00482608
3668 0.00484304
3669 0.00485944
3670 0.00487529
3671 0.00489059
3672 0.00490533
3673 0.0049195
3674 0.00493312
3675 0.00494616
3676 0.00495864
3677 0.00497054
3678 0.00498187
3679 0.00499263
3680 0.00500281
3681 0.0050124
3682 0.00502142
3683 0.00502985
3684 0.0050377
3685 0.00504497
3686 0.00505164
3687 0.00505774
3688 0.00506324
3689 0.00506815
3690 0.00507248
3691 0.00507621
3692 0.00507936
3693 0.00508192
3694 0.00508388
3695 0.00508526
3696 0.00508605
3697 0.00508625
3698 0.00508586
3699 0.00508489
3700 0.00508333
3701 0.00508118
3702 0.00507845
3703 0.00507513
3704 0.00507124
3705 0.00506676
3706 0.00506171
3707 0.00505607
3708 0.00504987
3709 0.00504309
3710 0.00503574
3711 0.00502782
3712 0.00501933
3713 0.00501028
3714 0.00500067
3715 0.00499051
3716 0.00497978
3717 0.00496851
3718 0.00495668
3719 0.00494431
3720 0.00493139
3721 0.00491794
3722 0.00490395
3723 0.00488943
3724 0.00487438
3725 0.00485881
3726 0.00484271
3727 0.0048261
3728 0.00480898
3729 0.00479136
3730 0.00477323
3731 0.0047546
3732 0.00473548
3733 0.00471587
3734 0.00469579
3735 0.00467522
3736 0.00465418
3737 0.00463268
3738 0.00461071
3739 0.00458829
3740 0.00456542
3741 0.00454211
3742 0.00451836
3743 0.00449418
3744 0.00446958
3745 0.00444456
3746 0.00441913
3747 0.00439329
3748 0.00436706
3749 0.00434044
3750 0.00431344
3751 0.00428606
3752 0.00425832
3753 0.00423021
3754 0.00420176
3755 0.00417296
3756 0.00414383
3757 0.00411438
3758 0.0040846
3759 0.00405452
3760 0.00402413
3761 0.00399346
3762 0.00396251
3763 0.00393128
3764 0.00389979
3765 0.00386806
3766 0.00383608
3767 0.00380386
3768 0.00377143
3769 0.00373879
3770 0.00370596
3771 0.00367293
3772 0.00363973
3773 0.00360637
3774 0.00357286
3775 0.00353921
3776 0.00350543
3777 0.00347154
3778 0.00343755
3779 0.00340348
3780 0.00336934
3781 0.00333514
3782 0.00330089
3783 0.00326662
3784 0.00323234
3785 0.00319806
3786 0.0031638
3787 0.00312958
3788 0.00309542
3789 0.00306132
3790 0.00302732
3791 0.00299342
3792 0.00295965
3793 0.00292603
3794 0.00289258
3795 0.00285931
3796 0.00282625
3797 0.00279342
3798 0.00276084
3799 0.00272854
3800 0.00269653
3801 0.00266485
3802 0.00263351
3803 0.00260254
3804 0.00257197
3805 0.00254182
3806 0.00251211
3807 0.00248289
3808 0.00245416
3809 0.00242596
3810 0.00239833
3811 0.00237128
3812 0.00234485
3813 0.00231906
3814 0.00229394
3815 0.00226954
3816 0.00224586
3817 0.00222295
3818 0.00220083
3819 0.00217953
3820 0.00215908
3821 0.00213951
3822 0.00212085
3823 0.00210312
3824 0.00208634
3825 0.00207055
3826 0.00205576
3827 0.002042
3828 0.00202928
3829 0.00201763
3830 0.00200705
3831 0.00199758
3832 0.0019892
3833 0.00198195
3834 0.00197582
3835 0.00197081
3836 0.00196694
3837 0.0019642
3838 0.00196258
3839 0.00196208
3840 0.0019627
3841 0.00196442
3842 0.00196723
3843 0.00197111
3844 0.00197605
3845 0.00198203
3846 0.00198902
3847 0.001997
3848 0.00200594
3849 0.00201583
3850 0.00202662
3851 0.0020383
3852 0.00205083
3853 0.00206418
3854 0.00207831
3855 0.0020932
3856 0.00210882
3857 0.00212512
3858 0.00214208
3859 0.00215967
3860 0.00217785
3861 0.00219658
3862 0.00221585
3863 0.0022356
3864 0.00225583
3865 0.00227648
3866 0.00229754
3867 0.00231897
3868 0.00234074
3869 0.00236283
3870 0.0023852
3871 0.00240784
3872 0.00243071
3873 0.00245379
3874 0.00247705
3875 0.00250047
3876 0.00252403
3877 0.0025477
3878 0.00257146
3879 0.0025953
3880 0.00261918
3881 0.00264309
3882 0.00266701
3883 0.00269093
3884 0.00271482
3885 0.00273866
3886 0.00276245
3887 0.00278616
3888 0.00280977
3889 0.00283328
3890 0.00285667
3891 0.00287992
3892 0.00290301
3893 0.00292595
3894 0.00294871
3895 0.00297128
3896 0.00299364
3897 0.0030158
3898 0.00303773
3899 0.00305943
3900 0.00308089
3901 0.00310209
3902 0.00312302
3903 0.00314368
3904 0.00316406
3905 0.00318415
3906 0.00320394
3907 0.00322342
3908 0.00324258
3909 0.00326142
3910 0.00327993
3911 0.0032981
3912 0.00331593
3913 0.00333341
3914 0.00335053
3915 0.00336729
3916 0.00338367
3917 0.00339969
3918 0.00341532
3919 0.00343057
3920 0.00344542
3921 0.00345989
3922 0.00347395
3923 0.00348761
3924 0.00350086
3925 0.0035137
3926 0.00352612
3927 0.00353812
3928 0.00354971
3929 0.00356086
3930 0.00357159
3931 0.00358188
3932 0.00359174
3933 0.00360116
3934 0.00361014
3935 0.00361868
3936 0.00362677
3937 0.00363442
3938 0.00364162
3939 0.00364837
3940 0.00365466
3941 0.00366051
3942 0.0036659
3943 0.00367083
3944 0.00367531
3945 0.00367933
3946 0.00368289
3947 0.00368599
3948 0.00368863
3949 0.00369081
3950 0.00369254
3951 0.0036938
3952 0.0036946
3953 0.00369494
3954 0.00369483
3955 0.00369425
3956 0.00369322
3957 0.00369173
3958 0.00368978
3959 0.00368738
3960 0.00368452
3961 0.0036812
3962 0.00367744
3963 0.00367322
3964 0.00366856
3965 0.00366344
3966 0.00365788
3967 0.00365188
3968 0.00364544
3969 0.00363855
3970 0.00363123
3971 0.00362347
3972 0.00361528
3973 0.00360666
3974 0.00359761
3975 0.00358814
3976 0.00357824
3977 0.00356793
3978 0.0035572
3979 0.00354606
3980 0.00353452
3981 0.00352257
3982 0.00351021
3983 0.00349747
3984 0.00348432
3985 0.00347079
3986 0.00345688
3987 0.00344258
3988 0.00342792
3989 0.00341287
3990 0.00339747
3991 0.0033817
3992 0.00336558
3993 0.0033491
3994 0.00333228
3995 0.00331512
3996 0.00329763
3997 0.00327981
3998 0.00326167
3999 0.00324321
4000 0.00322444
4001 0.00320537
4002 0.003186
4003 0.00316634
4004 0.0031464
4005 0.00312618
4006 0.00310569
4007 0.00308495
4008 0.00306395
4009 0.0030427
4010 0.00302122
4011 0.00299951
4012 0.00297757
4013 0.00295543
4014 0.00293308
4015 0.00291054
4016 0.00288782
4017 0.00286492
4018 0.00284186
4019 0.00281864
4020 0.00279528
4021 0.00277179
4022 0.00274817
4023 0.00272444
4024 0.00270061
4025 0.0026767
4026 0.00265271
4027 0.00262865
4028 0.00260455
4029 0.00258041
4030 0.00255624
4031 0.00253207
4032 0.0025079
4033 0.00248375
4034 0.00245963
4035 0.00243556
4036 0.00241156
4037 0.00238764
4038 0.00236382
4039 0.00234011
4040 0.00231654
4041 0.00229312
4042 0.00226986
4043 0.0022468
4044 0.00222394
4045 0.00220131
4046 0.00217893
4047 0.00215681
4048 0.00213498
4049 0.00211347
4050 0.00209228
4051 0.00207145
4052 0.002051
4053 0.00203095
4054 0.00201132
4055 0.00199214
4056 0.00197342
4057 0.00195521
4058 0.00193751
4059 0.00192035
4060 0.00190375
4061 0.00188775
4062 0.00187236
4063 0.00185761
4064 0.00184351
4065 0.0018301
4066 0.00181739
4067 0.00180541
4068 0.00179417
4069 0.00178369
4070 0.001774
4071 0.00176511
4072 0.00175703
4073 0.00174979
4074 0.00174339
4075 0.00173784
4076 0.00173316
4077 0.00172936
4078 0.00172643
4079 0.00172439
4080 0.00172324
4081 0.00172298
4082 0.0017236
4083 0.00172511
4084 0.0017275
4085 0.00173076
4086 0.00173489
4087 0.00173987
4088 0.00174569
4089 0.00175234
4090 0.00175981
4091 0.00176807
4092 0.00177712
4093 0.00178692
4094 0.00179747
4095 0.00180874
4096 0.00182071
4097 0.00183335
4098 0.00184665
4099 0.00186059
4100 0.00187512
4101 0.00189025
4102 0.00190593
4103 0.00192215
4104 0.00193888
4105 0.00195609
4106 0.00197377
4107 0.00199189
4108 0.00201043
4109 0.00202935
4110 0.00204865
4111 0.00206829
4112 0.00208825
4113 0.00210852
4114 0.00212906
4115 0.00214987
4116 0.00217091
4117 0.00219218
4118 0.00221364
4119 0.00223528
4120 0.00225709
4121 0.00227903
4122 0.00230111
4123 0.00232329
4124 0.00234556
4125 0.00236791
4126 0.00239032
4127 0.00241277
4128 0.00243525
4129 0.00245774
4130 0.00248024
4131 0.00250272
4132 0.00252518
4133 0.0025476
4134 0.00256996
4135 0.00259226
4136 0.00261449
4137 0.00263663
4138 0.00265867
4139 0.00268061
4140 0.00270242
4141 0.0027241
4142 0.00274565
4143 0.00276705
4144 0.00278828
4145 0.00280936
4146 0.00283025
4147 0.00285096
4148 0.00287148
4149 0.0028918
4150 0.00291192
4151 0.00293181
4152 0.00295149
4153 0.00297093
4154 0.00299014
4155 0.0030091
4156 0.00302782
4157 0.00304627
4158 0.00306447
4159 0.0030824
4160 0.00310005
4161 0.00311743
4162 0.00313452
4163 0.00315132
4164 0.00316783
4165 0.00318404
4166 0.00319994
4167 0.00321554
4168 0.00323082
4169 0.00324579
4170 0.00326043
4171 0.00327475
4172 0.00328874
4173 0.00330239
4174 0.00331571
4175 0.00332869
4176 0.00334133
4177 0.00335362
4178 0.00336556
4179 0.00337715
4180 0.00338838
4181 0.00339926
4182 0.00340977
4183 0.00341992
4184 0.00342971
4185 0.00343913
4186 0.00344818
4187 0.00345686
4188 0.00346517
4189 0.0034731
4190 0.00348066
4191 0.00348783
4192 0.00349463
4193 0.00350105
4194 0.00350708
4195 0.00351273
4196 0.003518
4197 0.00352288
4198 0.00352737
4199 0.00353148
4200 0.0035352
4201 0.00353853
4202 0.00354147
4203 0.00354403
4204 0.00354619
4205 0.00354797
4206 0.00354936
4207 0.00355035
4208 0.00355096
4209 0.00355118
4210 0.00355101
4211 0.00355045
4212 0.0035495
4213 0.00354817
4214 0.00354645
4215 0.00354434
4216 0.00354185
4217 0.00353898
4218 0.00353572
4219 0.00353208
4220 0.00352805
4221 0.00352365
4222 0.00351887
4223 0.00351372
4224 0.00350819
4225 0.00350228
4226 0.00349601
4227 0.00348936
4228 0.00348234
4229 0.00347496
4230 0.00346722
4231 0.00345911
4232 0.00345064
4233 0.00344182
4234 0.00343264
4235 0.00342311
4236 0.00341323
4237 0.003403
4238 0.00339243
4239 0.00338151
4240 0.00337026
4241 0.00335867
4242 0.00334675
4243 0.0033345
4244 0.00332192
4245 0.00330903
4246 0.00329581
4247 0.00328227
4248 0.00326843
4249 0.00325427
4250 0.00323981
4251 0.00322505
4252 0.00321
4253 0.00319465
4254 0.00317901
4255 0.00316309
4256 0.00314689
4257 0.00313042
4258 0.00311367
4259 0.00309666
4260 0.00307939
4261 0.00306186
4262 0.00304408
4263 0.00302606
4264 0.00300779
4265 0.00298929
4266 0.00297056
4267 0.0029516
4268 0.00293243
4269 0.00291304
4270 0.00289344
4271 0.00287364
4272 0.00285365
4273 0.00283347
4274 0.00281311
4275 0.00279257
4276 0.00277186
4277 0.00275099
4278 0.00272996
4279 0.00270878
4280 0.00268747
4281 0.00266602
4282 0.00264444
4283 0.00262274
4284 0.00260093
4285 0.00257902
4286 0.00255701
4287 0.00253492
4288 0.00251275
4289 0.00249051
4290 0.00246821
4291 0.00244586
4292 0.00242346
4293 0.00240103
4294 0.00237858
4295 0.00235612
4296 0.00233365
4297 0.00231119
4298 0.00228875
4299 0.00226634
4300 0.00224397
4301 0.00222164
4302 0.00219938
4303 0.0021772
4304 0.0021551
4305 0.0021331
4306 0.00211121
4307 0.00208945
4308 0.00206782
4309 0.00204634
4310 0.00202503
4311 0.0020039
4312 0.00198296
4313 0.00196222
4314 0.00194171
4315 0.00192143
4316 0.00190141
4317 0.00188166
4318 0.00186218
4319 0.00184301
4320 0.00182415
4321 0.00180563
4322 0.00178745
4323 0.00176964
4324 0.00175221
4325 0.00173518
4326 0.00171857
4327 0.00170238
4328 0.00168665
4329 0.00167138
4330 0.0016566
4331 0.00164231
4332 0.00162854
4333 0.0016153
4334 0.0016026
4335 0.00159046
4336 0.0015789
4337 0.00156793
4338 0.00155756
4339 0.00154781
4340 0.00153868
4341 0.00153018
4342 0.00152233
4343 0.00151514
4344 0.00150861
4345 0.00150275
4346 0.00149756
4347 0.00149305
4348 0.00148921
4349 0.00148606
4350 0.0014836
4351 0.00148181
4352 0.0014807
4353 0.00148026
4354 0.0014805
4355 0.00148139
4356 0.00148294
4357 0.00148514
4358 0.00148797
4359 0.00149142
4360 0.00149549
4361 0.00150015
4362 0.0015054
4363 0.00151122
4364 0.0015176
4365 0.00152451
4366 0.00153195
4367 0.00153988
4368 0.00154831
4369 0.0015572
4370 0.00156654
4371 0.00157631
4372 0.00158649
4373 0.00159707
4374 0.00160802
4375 0.00161933
4376 0.00163097
4377 0.00164293
4378 0.00165519
4379 0.00166774
4380 0.00168054
4381 0.00169359
4382 0.00170687
4383 0.00172036
4384 0.00173405
4385 0.00174791
4386 0.00176193
4387 0.0017761
4388 0.0017904
4389 0.00180481
4390 0.00181932
4391 0.00183392
4392 0.00184859
4393 0.00186332
4394 0.00187809
4395 0.00189289
4396 0.00190772
4397 0.00192255
4398 0.00193738
4399 0.00195219
4400 0.00196697
4401 0.00198172
4402 0.00199641
4403 0.00201105
4404 0.00202562
4405 0.00204012
4406 0.00205452
4407 0.00206883
4408 0.00208304
4409 0.00209713
4410 0.0021111
4411 0.00212495
4412 0.00213865
4413 0.00215222
4414 0.00216563
4415 0.00217888
4416 0.00219197
4417 0.00220489
4418 0.00221763
4419 0.00223019
4420 0.00224256
4421 0.00225474
4422 0.00226672
4423 0.00227849
4424 0.00229005
4425 0.0023014
4426 0.00231252
4427 0.00232343
4428 0.0023341
4429 0.00234454
4430 0.00235475
4431 0.00236471
4432 0.00237443
4433 0.0023839
4434 0.00239312
4435 0.00240209
4436 0.0024108
4437 0.00241924
4438 0.00242743
4439 0.00243534
4440 0.00244299
4441 0.00245037
4442 0.00245747
4443 0.00246429
4444 0.00247084
4445 0.00247711
4446 0.00248309
4447 0.00248879
4448 0.00249421
4449 0.00249933
4450 0.00250417
4451 0.00250871
4452 0.00251297
4453 0.00251693
4454 0.0025206
4455 0.00252397
4456 0.00252705
4457 0.00252983
4458 0.00253231
4459 0.0025345
4460 0.00253639
4461 0.00253797
4462 0.00253926
4463 0.00254026
4464 0.00254095
4465 0.00254134
4466 0.00254143
4467 0.00254123
4468 0.00254072
4469 0.00253992
4470 0.00253882
4471 0.00253742
4472 0.00253572
4473 0.00253373
4474 0.00253145
4475 0.00252887
4476 0.00252599
4477 0.00252282
4478 0.00251937
4479 0.00251562
4480 0.00251158
4481 0.00250726
4482 0.00250265
4483 0.00249776
4484 0.00249258
4485 0.00248713
4486 0.00248139
4487 0.00247538
4488 0.0024691
4489 0.00246254
4490 0.00245571
4491 0.00244861
4492 0.00244125
4493 0.00243362
4494 0.00242573
4495 0.00241759
4496 0.00240918
4497 0.00240053
4498 0.00239163
4499 0.00238248
4500 0.00237308
4501 0.00236345
4502 0.00235358
4503 0.00234347
4504 0.00233314
4505 0.00232258
4506 0.00231179
4507 0.00230079
4508 0.00228957
4509 0.00227814
4510 0.0022665
4511 0.00225467
4512 0.00224263
4513 0.0022304
4514 0.00221797
4515 0.00220537
4516 0.00219258
4517 0.00217962
4518 0.00216649
4519 0.0021532
4520 0.00213974
4521 0.00212613
4522 0.00211238
4523 0.00209848
4524 0.00208444
4525 0.00207028
4526 0.00205599
4527 0.00204158
4528 0.00202705
4529 0.00201243
4530 0.0019977
4531 0.00198289
4532 0.00196798
4533 0.00195301
4534 0.00193796
4535 0.00192285
4536 0.00190768
4537 0.00189247
4538 0.00187722
4539 0.00186194
4540 0.00184664
4541 0.00183133
4542 0.00181601
4543 0.0018007
4544 0.0017854
4545 0.00177013
4546 0.00175489
4547 0.0017397
4548 0.00172457
4549 0.00170949
4550 0.0016945
4551 0.00167959
4552 0.00166478
4553 0.00165008
4554 0.0016355
4555 0.00162106
4556 0.00160676
4557 0.00159262
4558 0.00157865
4559 0.00156486
4560 0.00155127
4561 0.00153789
4562 0.00152473
4563 0.00151181
4564 0.00149913
4565 0.00148672
4566 0.00147459
4567 0.00146274
4568 0.0014512
4569 0.00143998
4570 0.00142909
4571 0.00141854
4572 0.00140835
4573 0.00139854
4574 0.00138911
4575 0.00138007
4576 0.00137145
4577 0.00136326
4578 0.00135549
4579 0.00134818
4580 0.00134132
4581 0.00133493
4582 0.00132902
4583 0.0013236
4584 0.00131867
4585 0.00131424
4586 0.00131033
4587 0.00130693
4588 0.00130405
4589 0.0013017
4590 0.00129988
4591 0.00129859
4592 0.00129783
4593 0.00129761
4594 0.00129792
4595 0.00129877
4596 0.00130014
4597 0.00130204
4598 0.00130446
4599 0.0013074
4600 0.00131085
4601 0.00131481
4602 0.00131926
4603 0.0013242
4604 0.00132961
4605 0.0013355
4606 0.00134184
4607 0.00134863
4608 0.00135586
4609 0.00136351
4610 0.00137157
4611 0.00138003
4612 0.00138888
4613 0.0013981
4614 0.00140767
4615 0.00141759
4616 0.00142785
4617 0.00143842
4618 0.00144929
4619 0.00146046
4620 0.0014719
4621 0.0014836
4622 0.00149555
4623 0.00150774
4624 0.00152015
4625 0.00153276
4626 0.00154557
4627 0.00155857
4628 0.00157173
4629 0.00158505
4630 0.00159852
4631 0.00161212
4632 0.00162584
4633 0.00163967
4634 0.0016536
4635 0.00166762
4636 0.00168172
4637 0.00169588
4638 0.00171009
4639 0.00172436
4640 0.00173865
4641 0.00175298
4642 0.00176732
4643 0.00178167
4644 0.00179602
4645 0.00181036
4646 0.00182468
4647 0.00183898
4648 0.00185324
4649 0.00186746
4650 0.00188163
4651 0.00189574
4652 0.00190979
4653 0.00192377
4654 0.00193768
4655 0.00195149
4656 0.00196522
4657 0.00197885
4658 0.00199238
4659 0.0020058
4660 0.0020191
4661 0.00203229
4662 0.00204535
4663 0.00205828
4664 0.00207107
4665 0.00208372
4666 0.00209623
4667 0.00210859
4668 0.00212079
4669 0.00213283
4670 0.00214471
4671 0.00215642
4672 0.00216796
4673 0.00217933
4674 0.00219051
4675 0.00220151
4676 0.00221233
4677 0.00222295
4678 0.00223339
4679 0.00224362
4680 0.00225366
4681 0.00226349
4682 0.00227311
4683 0.00228253
4684 0.00229174
4685 0.00230073
4686 0.0023095
4687 0.00231806
4688 0.00232639
4689 0.0023345
4690 0.00234239
4691 0.00235004
4692 0.00235747
4693 0.00236466
4694 0.00237162
4695 0.00237835
4696 0.00238483
4697 0.00239108
4698 0.00239708
4699 0.00240285
4700 0.00240837
4701 0.00241364
4702 0.00241867
4703 0.00242346
4704 0.00242799
4705 0.00243228
4706 0.00243631
4707 0.00244009
4708 0.00244362
4709 0.0024469
4710 0.00244993
4711 0.0024527
4712 0.00245521
4713 0.00245748
4714 0.00245948
4715 0.00246123
4716 0.00246273
4717 0.00246397
4718 0.00246495
4719 0.00246568
4720 0.00246615
4721 0.00246636
4722 0.00246632
4723 0.00246602
4724 0.00246547
4725 0.00246466
4726 0.00246359
4727 0.00246227
4728 0.0024607
4729 0.00245888
4730 0.0024568
4731 0.00245447
4732 0.00245189
4733 0.00244906
4734 0.00244598
4735 0.00244265
4736 0.00243907
4737 0.00243525
4738 0.00243118
4739 0.00242686
4740 0.00242231
4741 0.00241751
4742 0.00241247
4743 0.0024072
4744 0.00240169
4745 0.00239594
4746 0.00238995
4747 0.00238374
4748 0.00237729
4749 0.00237062
4750 0.00236372
4751 0.00235659
4752 0.00234924
4753 0.00234167
4754 0.00233388
4755 0.00232587
4756 0.00231765
4757 0.00230922
4758 0.00230058
4759 0.00229173
4760 0.00228267
4761 0.00227342
4762 0.00226396
4763 0.00225431
4764 0.00224446
4765 0.00223442
4766 0.00222419
4767 0.00221377
4768 0.00220318
4769 0.0021924
4770 0.00218145
4771 0.00217032
4772 0.00215902
4773 0.00214756
4774 0.00213593
4775 0.00212414
4776 0.0021122
4777 0.0021001
4778 0.00208786
4779 0.00207547
4780 0.00206294
4781 0.00205027
4782 0.00203747
4783 0.00202454
4784 0.00201148
4785 0.0019983
4786 0.00198501
4787 0.00197161
4788 0.00195809
4789 0.00194448
4790 0.00193076
4791 0.00191696
4792 0.00190306
4793 0.00188908
4794 0.00187503
4795 0.0018609
4796 0.0018467
4797 0.00183244
4798 0.00181812
4799 0.00180375
4800 0.00178933
4801 0.00177488
4802 0.00176039
4803 0.00174588
4804 0.00173134
4805 0.00171679
4806 0.00170222
4807 0.00168766
4808 0.0016731
4809 0.00165855
4810 0.00164402
4811 0.00162952
4812 0.00161505
4813 0.00160061
4814 0.00158623
4815 0.0015719
4816 0.00155763
4817 0.00154343
4818 0.00152932
4819 0.00151529
4820 0.00150135
4821 0.00148752
4822 0.0014738
4823 0.0014602
4824 0.00144674
4825 0.00143341
4826 0.00142023
4827 0.0014072
4828 0.00139435
4829 0.00138167
4830 0.00136917
4831 0.00135687
4832 0.00134478
4833 0.0013329
4834 0.00132124
4835 0.00130982
4836 0.00129865
4837 0.00128772
4838 0.00127706
4839 0.00126668
4840 0.00125657
4841 0.00124676
4842 0.00123725
4843 0.00122805
4844 0.00121917
4845 0.00121062
4846 0.00120241
4847 0.00119454
4848 0.00118703
4849 0.00117987
4850 0.00117309
4851 0.00116668
4852 0.00116064
4853 0.001155
4854 0.00114975
4855 0.0011449
4856 0.00114044
4857 0.00113639
4858 0.00113275
4859 0.00112952
4860 0.0011267
4861 0.00112429
4862 0.0011223
4863 0.00112071
4864 0.00111954
4865 0.00111878
4866 0.00111842
4867 0.00111847
4868 0.00111892
4869 0.00111976
4870 0.00112099
4871 0.00112261
4872 0.0011246
4873 0.00112697
4874 0.0011297
4875 0.00113278
4876 0.00113622
4877 0.00113999
4878 0.00114409
4879 0.00114852
4880 0.00115325
4881 0.00115829
4882 0.00116361
4883 0.00116922
4884 0.0011751
4885 0.00118124
4886 0.00118762
4887 0.00119424
4888 0.00120109
4889 0.00120816
4890 0.00121543
4891 0.00122289
4892 0.00123054
4893 0.00123836
4894 0.00124635
4895 0.00125448
4896 0.00126276
4897 0.00127117
4898 0.0012797
4899 0.00128834
4900 0.00129708
4901 0.00130591
4902 0.00131483
4903 0.00132382
4904 0.00133287
4905 0.00134198
4906 0.00135114
4907 0.00136033
4908 0.00136956
4909 0.0013788
4910 0.00138807
4911 0.00139733
4912 0.0014066
4913 0.00141586
4914 0.00142511
4915 0.00143433
4916 0.00144353
4917 0.00145269
4918 0.00146181
4919 0.00147088
4920 0.0014799
4921 0.00148886
4922 0.00149775
4923 0.00150658
4924 0.00151533
4925 0.001524
4926 0.00153258
4927 0.00154108
4928 0.00154947
4929 0.00155777
4930 0.00156597
4931 0.00157405
4932 0.00158203
4933 0.00158988
4934 0.00159762
4935 0.00160524
4936 0.00161272
4937 0.00162008
4938 0.0016273
4939 0.00163438
4940 0.00164132
4941 0.00164812
4942 0.00165477
4943 0.00166127
4944 0.00166762
4945 0.00167382
4946 0.00167986
4947 0.00168573
4948 0.00169145
4949 0.001697
4950 0.00170238
4951 0.0017076
4952 0.00171265
4953 0.00171752
4954 0.00172222
4955 0.00172674
4956 0.00173109
4957 0.00173525
4958 0.00173924
4959 0.00174304
4960 0.00174667
4961 0.0017501
4962 0.00175336
4963 0.00175642
4964 0.0017593
4965 0.00176199
4966 0.00176449
4967 0.0017668
4968 0.00176892
4969 0.00177085
4970 0.00177259
4971 0.00177413
4972 0.00177548
4973 0.00177664
4974 0.00177761
4975 0.00177838
4976 0.00177896
4977 0.00177935
4978 0.00177954
4979 0.00177953
4980 0.00177934
4981 0.00177895
4982 0.00177837
4983 0.00177759
4984 0.00177662
4985 0.00177546
4986 0.00177411
4987 0.00177257
4988 0.00177084
4989 0.00176891
4990 0.0017668
4991 0.0017645
4992 0.00176202
4993 0.00175934
4994 0.00175648
4995 0.00175344
4996 0.00175022
4997 0.00174681
4998 0.00174322
4999 0.00173945
5000 0.0017355
5001 0.00173138
5002 0.00172708
5003 0.00172261
5004 0.00171796
5005 0.00171315
5006 0.00170817
5007 0.00170301
5008 0.0016977
5009 0.00169222
5010 0.00168658
5011 0.00168078
5012 0.00167483
5013 0.00166871
5014 0.00166245
5015 0.00165604
5016 0.00164948
5017 0.00164277
5018 0.00163592
5019 0.00162893
5020 0.0016218
5021 0.00161454
5022 0.00160715
5023 0.00159962
5024 0.00159197
5025 0.0015842
5026 0.00157631
5027 0.0015683
5028 0.00156018
5029 0.00155194
5030 0.0015436
5031 0.00153516
5032 0.00152661
5033 0.00151797
5034 0.00150924
5035 0.00150042
5036 0.00149152
5037 0.00148253
5038 0.00147347
5039 0.00146434
5040 0.00145513
5041 0.00144587
5042 0.00143654
5043 0.00142717
5044 0.00141774
5045 0.00140826
5046 0.00139875
5047 0.0013892
5048 0.00137963
5049 0.00137002
5050 0.0013604
5051 0.00135077
5052 0.00134112
5053 0.00133148
5054 0.00132183
5055 0.0013122
5056 0.00130258
5057 0.00129299
5058 0.00128342
5059 0.00127388
5060 0.00126438
5061 0.00125494
5062 0.00124554
5063 0.00123621
5064 0.00122694
5065 0.00121774
5066 0.00120863
5067 0.00119961
5068 0.00119068
5069 0.00118186
5070 0.00117315
5071 0.00116455
5072 0.00115608
5073 0.00114775
5074 0.00113955
5075 0.00113151
5076 0.00112362
5077 0.0011159
5078 0.00110835
5079 0.00110098
5080 0.0010938
5081 0.00108681
5082 0.00108003
5083 0.00107345
5084 0.0010671
5085 0.00106097
5086 0.00105508
5087 0.00104942
5088 0.00104402
5089 0.00103886
5090 0.00103397
5091 0.00102934
5092 0.00102499
5093 0.00102091
5094 0.00101712
5095 0.00101362
5096 0.0010104
5097 0.00100749
5098 0.00100487
5099 0.00100256
5100 0.00100056
5101 0.000998869
5102 0.000997488
5103 0.00099642
5104 0.000995667
5105 0.00099523
5106 0.000995107
5107 0.000995299
5108 0.000995806
5109 0.000996625
5110 0.000997755
5111 0.000999194
5112 0.00100094
5113 0.00100299
5114 0.00100533
5115 0.00100797
5116 0.00101091
5117 0.00101413
5118 0.00101762
5119 0.0010214
5120 0.00102544
5121 0.00102975
5122 0.00103431
5123 0.00103913
5124 0.00104418
5125 0.00104948
5126 0.001055
5127 0.00106075
5128 0.00106671
5129 0.00107288
5130 0.00107924
5131 0.0010858
5132 0.00109254
5133 0.00109946
5134 0.00110655
5135 0.00111379
5136 0.00112119
5137 0.00112874
5138 0.00113642
5139 0.00114423
5140 0.00115216
5141 0.00116021
5142 0.00116837
5143 0.00117662
5144 0.00118497
5145 0.0011934
5146 0.00120191
5147 0.00121049
5148 0.00121914
5149 0.00122784
5150 0.00123659
5151 0.00124539
5152 0.00125423
5153 0.0012631
5154 0.00127199
5155 0.00128091
5156 0.00128984
5157 0.00129877
5158 0.00130771
5159 0.00131665
5160 0.00132558
5161 0.00133449
5162 0.00134339
5163 0.00135226
5164 0.00136111
5165 0.00136992
5166 0.0013787
5167 0.00138743
5168 0.00139611
5169 0.00140475
5170 0.00141333
5171 0.00142185
5172 0.0014303
5173 0.00143869
5174 0.00144701
5175 0.00145525
5176 0.00146342
5177 0.0014715
5178 0.0014795
5179 0.00148741
5180 0.00149523
5181 0.00150295
5182 0.00151058
5183 0.0015181
5184 0.00152552
5185 0.00153284
5186 0.00154004
5187 0.00154713
5188 0.00155411
5189 0.00156097
5190 0.00156771
5191 0.00157433
5192 0.00158083
5193 0.0015872
5194 0.00159344
5195 0.00159955
5196 0.00160553
5197 0.00161137
5198 0.00161708
5199 0.00162265
5200 0.00162808
5201 0.00163336
5202 0.00163851
5203 0.00164351
5204 0.00164836
5205 0.00165307
5206 0.00165762
5207 0.00166203
5208 0.00166629
5209 0.00167039
5210 0.00167434
5211 0.00167813
5212 0.00168177
5213 0.00168525
5214 0.00168857
5215 0.00169173
5216 0.00169474
5217 0.00169758
5218 0.00170027
5219 0.00170279
5220 0.00170515
5221 0.00170734
5222 0.00170937
5223 0.00171124
5224 0.00171294
5225 0.00171448
5226 0.00171586
5227 0.00171707
5228 0.00171811
5229 0.00171899
5230 0.0017197
5231 0.00172024
5232 0.00172062
5233 0.00172084
5234 0.00172089
5235 0.00172077
5236 0.00172048
5237 0.00172003
5238 0.00171942
5239 0.00171864
5240 0.0017177
5241 0.00171659
5242 0.00171532
5243 0.00171388
5244 0.00171228
5245 0.00171052
5246 0.0017086
5247 0.00170651
5248 0.00170427
5249 0.00170186
5250 0.0016993
5251 0.00169658
5252 0.0016937
5253 0.00169067
5254 0.00168748
5255 0.00168413
5256 0.00168063
5257 0.00167698
5258 0.00167318
5259 0.00166923
5260 0.00166512
5261 0.00166087
5262 0.00165648
5263 0.00165194
5264 0.00164725
5265 0.00164243
5266 0.00163746
5267 0.00163235
5268 0.00162711
5269 0.00162172
5270 0.00161621
5271 0.00161056
5272 0.00160478
5273 0.00159887
5274 0.00159283
5275 0.00158667
5276 0.00158038
5277 0.00157397
5278 0.00156745
5279 0.0015608
5280 0.00155404
5281 0.00154716
5282 0.00154017
5283 0.00153308
5284 0.00152587
5285 0.00151857
5286 0.00151116
5287 0.00150365
5288 0.00149604
5289 0.00148834
5290 0.00148054
5291 0.00147266
5292 0.00146469
5293 0.00145663
5294 0.0014485
5295 0.00144028
5296 0.00143199
5297 0.00142363
5298 0.0014152
5299 0.0014067
5300 0.00139814
5301 0.00138951
5302 0.00138083
5303 0.0013721
5304 0.00136332
5305 0.00135449
5306 0.00134562
5307 0.0013367
5308 0.00132775
5309 0.00131877
5310 0.00130976
5311 0.00130072
5312 0.00129167
5313 0.00128259
5314 0.00127351
5315 0.00126441
5316 0.00125531
5317 0.00124621
5318 0.00123711
5319 0.00122802
5320 0.00121894
5321 0.00120988
5322 0.00120084
5323 0.00119183
5324 0.00118285
5325 0.0011739
5326 0.001165
5327 0.00115614
5328 0.00114732
5329 0.00113857
5330 0.00112987
5331 0.00112124
5332 0.00111268
5333 0.0011042
5334 0.0010958
5335 0.00108748
5336 0.00107926
5337 0.00107113
5338 0.00106311
5339 0.00105519
5340 0.00104739
5341 0.00103971
5342 0.00103215
5343 0.00102472
5344 0.00101743
5345 0.00101028
5346 0.00100327
5347 0.000996418
5348 0.000989723
5349 0.00098319
5350 0.000976826
5351 0.000970635
5352 0.000964622
5353 0.000958792
5354 0.00095315
5355 0.000947701
5356 0.00094245
5357 0.0009374
5358 0.000932556
5359 0.000927923
5360 0.000923503
5361 0.000919301
5362 0.000915319
5363 0.000911562
5364 0.000908032
5365 0.000904731
5366 0.000901662
5367 0.000898828
5368 0.000896229
5369 0.000893867
5370 0.000891744
5371 0.00088986
5372 0.000888215
5373 0.00088681
5374 0.000885645
5375 0.00088472
5376 0.000884032
5377 0.000883582
5378 0.000883367
5379 0.000883386
5380 0.000883637
5381 0.000884117
5382 0.000884824
5383 0.000885754
5384 0.000886904
5385 0.000888271
5386 0.00088985
5387 0.000891638
5388 0.000893631
5389 0.000895823
5390 0.000898211
5391 0.000900788
5392 0.000903551
5393 0.000906494
5394 0.000909611
5395 0.000912897
5396 0.000916347
5397 0.000919955
5398 0.000923715
5399 0.000927621
5400 0.000931667
5401 0.000935848
5402 0.000940157
5403 0.000944589
5404 0.000949137
5405 0.000953796
5406 0.00095856
5407 0.000963422
5408 0.000968378
5409 0.00097342
5410 0.000978544
5411 0.000983743
5412 0.000989012
5413 0.000994346
5414 0.000999738
5415 0.00100518
5416 0.00101068
5417 0.00101621
5418 0.00102179
5419 0.00102739
5420 0.00103303
5421 0.00103868
5422 0.00104436
5423 0.00105004
5424 0.00105574
5425 0.00106143
5426 0.00106713
5427 0.00107282
5428 0.00107851
5429 0.00108417
5430 0.00108983
5431 0.00109546
5432 0.00110106
5433 0.00110663
5434 0.00111218
5435 0.00111768
5436 0.00112315
5437 0.00112857
5438 0.00113394
5439 0.00113927
5440 0.00114454
5441 0.00114976
5442 0.00115492
5443 0.00116001
5444 0.00116504
5445 0.00117
5446 0.0011749
5447 0.00117972
5448 0.00118446
5449 0.00118913
5450 0.00119371
5451 0.00119822
5452 0.00120264
5453 0.00120697
5454 0.00121122
5455 0.00121537
5456 0.00121944
5457 0.0012234
5458 0.00122728
5459 0.00123105
5460 0.00123473
5461 0.0012383
5462 0.00124177
5463 0.00124514
5464 0.0012484
5465 0.00125156
5466 0.00125461
5467 0.00125755
5468 0.00126037
5469 0.00126309
5470 0.0012657
5471 0.00126819
5472 0.00127056
5473 0.00127283
5474 0.00127497
5475 0.001277
5476 0.00127891
5477 0.0012807
5478 0.00128238
5479 0.00128393
5480 0.00128537
5481 0.00128668
5482 0.00128787
5483 0.00128895
5484 0.0012899
5485 0.00129072
5486 0.00129143
5487 0.00129201
5488 0.00129248
5489 0.00129281
5490 0.00129303
5491 0.00129312
5492 0.0012931
5493 0.00129294
5494 0.00129267
5495 0.00129227
5496 0.00129176
5497 0.00129112
5498 0.00129035
5499 0.00128947
5500 0.00128847
5501 0.00128735
5502 0.0012861
5503 0.00128474
5504 0.00128326
5505 0.00128166
5506 0.00127995
5507 0.00127811
5508 0.00127617
5509 0.0012741
5510 0.00127192
5511 0.00126963
5512 0.00126723
5513 0.00126471
5514 0.00126209
5515 0.00125935
5516 0.00125651
5517 0.00125356
5518 0.0012505
5519 0.00124734
5520 0.00124407
5521 0.0012407
5522 0.00123723
5523 0.00123366
5524 0.00123
5525 0.00122623
5526 0.00122237
5527 0.00121842
5528 0.00121437
5529 0.00121024
5530 0.00120602
5531 0.0012017
5532 0.00119731
5533 0.00119283
5534 0.00118827
5535 0.00118363
5536 0.00117891
5537 0.00117412
5538 0.00116926
5539 0.00116432
5540 0.00115931
5541 0.00115424
5542 0.0011491
5543 0.0011439
5544 0.00113865
5545 0.00113333
5546 0.00112796
5547 0.00112254
5548 0.00111706
5549 0.00111154
5550 0.00110598
5551 0.00110037
5552 0.00109473
5553 0.00108905
5554 0.00108333
5555 0.00107759
5556 0.00107182
5557 0.00106602
5558 0.00106021
5559 0.00105437
5560 0.00104852
5561 0.00104266
5562 0.0010368
5563 0.00103092
5564 0.00102505
5565 0.00101918
5566 0.00101332
5567 0.00100746
5568 0.00100162
5569 0.000995794
5570 0.00098999
5571 0.00098421
5572 0.000978458
5573 0.000972738
5574 0.000967054
5575 0.000961411
5576 0.000955811
5577 0.000950259
5578 0.00094476
5579 0.000939316
5580 0.000933933
5581 0.000928614
5582 0.000923364
5583 0.000918187
5584 0.000913086
5585 0.000908066
5586 0.000903132
5587 0.000898287
5588 0.000893536
5589 0.000888882
5590 0.00088433
5591 0.000879884
5592 0.000875548
5593 0.000871325
5594 0.000867221
5595 0.000863238
5596 0.000859381
5597 0.000855653
5598 0.000852058
5599 0.000848599
5600 0.000845281
5601 0.000842105
5602 0.000839076
5603 0.000836196
5604 0.000833469
5605 0.000830897
5606 0.000828483
5607 0.00082623
5608 0.000824139
5609 0.000822213
5610 0.000820453
5611 0.000818863
5612 0.000817442
5613 0.000816193
5614 0.000815116
5615 0.000814214
5616 0.000813485
5617 0.000812931
5618 0.000812553
5619 0.000812349
5620 0.000812321
5621 0.000812467
5622 0.000812788
5623 0.000813282
5624 0.000813949
5625 0.000814786
5626 0.000815793
5627 0.000816969
5628 0.000818311
5629 0.000819817
5630 0.000821485
5631 0.000823313
5632 0.000825299
5633 0.000827438
5634 0.00082973
5635 0.00083217
5636 0.000834756
5637 0.000837485
5638 0.000840352
5639 0.000843355
5640 0.00084649
5641 0.000849753
5642 0.000853141
5643 0.00085665
5644 0.000860275
5645 0.000864013
5646 0.00086786
5647 0.000871812
5648 0.000875865
5649 0.000880015
5650 0.000884257
5651 0.000888587
5652 0.000893002
5653 0.000897498
5654 0.000902069
5655 0.000906712
5656 0.000911423
5657 0.000916198
5658 0.000921032
5659 0.000925923
5660 0.000930865
5661 0.000935854
5662 0.000940888
5663 0.000945961
5664 0.000951071
5665 0.000956212
5666 0.000961382
5667 0.000966578
5668 0.000971794
5669 0.000977028
5670 0.000982276
5671 0.000987534
5672 0.0009928
5673 0.00099807
5674 0.00100334
5675 0.00100861
5676 0.00101387
5677 0.00101912
5678 0.00102436
5679 0.00102959
5680 0.00103479
5681 0.00103998
5682 0.00104514
5683 0.00105028
5684 0.00105538
5685 0.00106046
5686 0.0010655
5687 0.0010705
5688 0.00107546
5689 0.00108038
5690 0.00108526
5691 0.00109009
5692 0.00109487
5693 0.0010996
5694 0.00110428
5695 0.0011089
5696 0.00111346
5697 0.00111797
5698 0.00112241
5699 0.00112679
5700 0.0011311
5701 0.00113535
5702 0.00113953
5703 0.00114364
5704 0.00114768
5705 0.00115164
5706 0.00115553
5707 0.00115934
5708 0.00116307
5709 0.00116673
5710 0.0011703
5711 0.00117379
5712 0.0011772
5713 0.00118052
5714 0.00118376
5715 0.00118691
5716 0.00118997
5717 0.00119294
5718 0.00119582
5719 0.00119861
5720 0.00120131
5721 0.00120392
5722 0.00120643
5723 0.00120885
5724 0.00121117
5725 0.0012134
5726 0.00121552
5727 0.00121756
5728 0.00121949
5729 0.00122132
5730 0.00122306
5731 0.00122469
5732 0.00122623
5733 0.00122766
5734 0.00122899
5735 0.00123022
5736 0.00123135
5737 0.00123238
5738 0.0012333
5739 0.00123413
5740 0.00123484
5741 0.00123546
5742 0.00123597
5743 0.00123638
5744 0.00123669
5745 0.00123689
5746 0.00123699
5747 0.00123698
5748 0.00123688
5749 0.00123667
5750 0.00123635
5751 0.00123593
5752 0.00123541
5753 0.00123479
5754 0.00123407
5755 0.00123324
5756 0.00123231
5757 0.00123128
5758 0.00123015
5759 0.00122892
5760 0.00122759
5761 0.00122616
5762 0.00122464
5763 0.00122301
5764 0.00122128
5765 0.00121946
5766 0.00121754
5767 0.00121553
5768 0.00121342
5769 0.00121122
5770 0.00120892
5771 0.00120653
5772 0.00120405
5773 0.00120147
5774 0.00119881
5775 0.00119605
5776 0.00119321
5777 0.00119028
5778 0.00118727
5779 0.00118417
5780 0.00118098
5781 0.00117772
5782 0.00117437
5783 0.00117093
5784 0.00116742
5785 0.00116384
5786 0.00116017
5787 0.00115643
5788 0.00115261
5789 0.00114872
5790 0.00114476
5791 0.00114073
5792 0.00113663
5793 0.00113247
5794 0.00112823
5795 0.00112394
5796 0.00111958
5797 0.00111516
5798 0.00111068
5799 0.00110614
5800 0.00110154
5801 0.0010969
5802 0.0010922
5803 0.00108745
5804 0.00108265
5805 0.0010778
5806 0.00107291
5807 0.00106798
5808 0.001063
5809 0.00105799
5810 0.00105294
5811 0.00104785
5812 0.00104274
5813 0.00103759
5814 0.00103241
5815 0.00102721
5816 0.00102198
5817 0.00101673
5818 0.00101147
5819 0.00100618
5820 0.00100089
5821 0.000995576
5822 0.000990256
5823 0.000984929
5824 0.000979598
5825 0.000974265
5826 0.000968932
5827 0.000963603
5828 0.000958279
5829 0.000952964
5830 0.00094766
5831 0.00094237
5832 0.000937097
5833 0.000931843
5834 0.000926611
5835 0.000921405
5836 0.000916226
5837 0.000911078
5838 0.000905964
5839 0.000900886
5840 0.000895848
5841 0.000890852
5842 0.000885901
5843 0.000880999
5844 0.000876148
5845 0.00087135
5846 0.00086661
5847 0.000861929
5848 0.000857312
5849 0.00085276
5850 0.000848277
5851 0.000843866
5852 0.000839529
5853 0.000835269
5854 0.00083109
5855 0.000826993
5856 0.000822982
5857 0.000819059
5858 0.000815228
5859 0.00081149
5860 0.000807848
5861 0.000804305
5862 0.000800863
5863 0.000797525
5864 0.000794292
5865 0.000791167
5866 0.000788153
5867 0.00078525
5868 0.000782462
5869 0.000779789
5870 0.000777235
5871 0.000774799
5872 0.000772485
5873 0.000770292
5874 0.000768224
5875 0.00076628
5876 0.000764461
5877 0.00076277
5878 0.000761206
5879 0.000759769
5880 0.000758462
5881 0.000757283
5882 0.000756234
5883 0.000755314
5884 0.000754523
5885 0.000753861
5886 0.000753328
5887 0.000752923
5888 0.000752646
5889 0.000752495
5890 0.00075247
5891 0.000752571
5892 0.000752795
5893 0.000753141
5894 0.000753609
5895 0.000754196
5896 0.0007549
5897 0.000755721
5898 0.000756656
5899 0.000757704
5900 0.000758861
5901 0.000760127
5902 0.000761498
5903 0.000762972
5904 0.000764548
5905 0.000766222
5906 0.000767991
5907 0.000769854
5908 0.000771808
5909 0.000773849
5910 0.000775975
5911 0.000778183
5912 0.00078047
5913 0.000782834
5914 0.000785271
5915 0.000787778
5916 0.000790353
5917 0.000792992
5918 0.000795693
5919 0.000798452
5920 0.000801267
5921 0.000804134
5922 0.00080705
5923 0.000810013
5924 0.000813019
5925 0.000816065
5926 0.000819149
5927 0.000822268
5928 0.000825418
5929 0.000828597
5930 0.000831802
5931 0.00083503
5932 0.000838278
5933 0.000841544
5934 0.000844825
5935 0.000848117
5936 0.00085142
5937 0.000854729
5938 0.000858042
5939 0.000861357
5940 0.000864671
5941 0.000867982
5942 0.000871288
5943 0.000874585
5944 0.000877873
5945 0.000881147
5946 0.000884407
5947 0.00088765
5948 0.000890874
5949 0.000894076
5950 0.000897255
5951 0.000900409
5952 0.000903535
5953 0.000906633
5954 0.000909699
5955 0.000912732
5956 0.000915731
5957 0.000918693
5958 0.000921617
5959 0.000924501
5960 0.000927344
5961 0.000930144
5962 0.000932899
5963 0.000935608
5964 0.00093827
5965 0.000940883
5966 0.000943446
5967 0.000945957
5968 0.000948416
5969 0.000950821
5970 0.00095317
5971 0.000955463
5972 0.000957699
5973 0.000959876
5974 0.000961993
5975 0.00096405
5976 0.000966046
5977 0.000967978
5978 0.000969848
5979 0.000971654
5980 0.000973394
5981 0.000975069
5982 0.000976677
5983 0.000978218
5984 0.000979691
5985 0.000981096
5986 0.000982432
5987 0.000983698
5988 0.000984894
5989 0.000986019
5990 0.000987073
5991 0.000988056
5992 0.000988967
5993 0.000989806
5994 0.000990572
5995 0.000991265
5996 0.000991885
5997 0.000992432
5998 0.000992905
5999 0.000993305
6000 0.000993631
6001 0.000993883
6002 0.000994061
6003 0.000994165
6004 0.000994196
6005 0.000994152
6006 0.000994035
6007 0.000993843
6008 0.000993578
6009 0.00099324
6010 0.000992828
6011 0.000992344
6012 0.000991786
6013 0.000991156
6014 0.000990454
6015 0.000989679
6016 0.000988834
6017 0.000987917
6018 0.000986929
6019 0.000985871
6020 0.000984743
6021 0.000983546
6022 0.000982281
6023 0.000980947
6024 0.000979546
6025 0.000978077
6026 0.000976543
6027 0.000974943
6028 0.000973278
6029 0.000971549
6030 0.000969756
6031 0.000967901
6032 0.000965985
6033 0.000964007
6034 0.00096197
6035 0.000959874
6036 0.000957719
6037 0.000955507
6038 0.00095324
6039 0.000950917
6040 0.00094854
6041 0.000946111
6042 0.000943629
6043 0.000941097
6044 0.000938515
6045 0.000935885
6046 0.000933208
6047 0.000930485
6048 0.000927718
6049 0.000924907
6050 0.000922055
6051 0.000919162
6052 0.00091623
6053 0.000913261
6054 0.000910255
6055 0.000907214
6056 0.00090414
6057 0.000901035
6058 0.000897899
6059 0.000894735
6060 0.000891544
6061 0.000888327
6062 0.000885087
6063 0.000881825
6064 0.000878543
6065 0.000875242
6066 0.000871925
6067 0.000868592
6068 0.000865247
6069 0.00086189
6070 0.000858524
6071 0.00085515
6072 0.000851771
6073 0.000848388
6074 0.000845004
6075 0.000841619
6076 0.000838237
6077 0.000834859
6078 0.000831487
6079 0.000828123
6080 0.00082477
6081 0.000821429
6082 0.000818102
6083 0.000814793
6084 0.000811501
6085 0.000808231
6086 0.000804983
6087 0.000801761
6088 0.000798565
6089 0.000795399
6090 0.000792264
6091 0.000789163
6092 0.000786097
6093 0.000783069
6094 0.000780081
6095 0.000777135
6096 0.000774233
6097 0.000771377
6098 0.00076857
6099 0.000765813
6100 0.000763108
6101 0.000760457
6102 0.000757863
6103 0.000755327
6104 0.000752852
6105 0.000750438
6106 0.000748088
6107 0.000745805
6108 0.000743588
6109 0.000741441
6110 0.000739365
6111 0.000737361
6112 0.000735432
6113 0.000733578
6114 0.000731801
6115 0.000730103
6116 0.000728485
6117 0.000726947
6118 0.000725492
6119 0.000724121
6120 0.000722834
6121 0.000721632
6122 0.000720517
6123 0.000719489
6124 0.000718549
6125 0.000717697
6126 0.000716934
6127 0.000716262
6128 0.000715679
6129 0.000715186
6130 0.000714784
6131 0.000714472
6132 0.000714252
6133 0.000714122
6134 0.000714082
6135 0.000714133
6136 0.000714273
6137 0.000714503
6138 0.000714823
6139 0.00071523
6140 0.000715726
6141 0.000716308
6142 0.000716977
6143 0.000717731
6144 0.00071857
6145 0.000719492
6146 0.000720496
6147 0.000721581
6148 0.000722746
6149 0.000723989
6150 0.000725309
6151 0.000726705
6152 0.000728175
6153 0.000729717
6154 0.00073133
6155 0.000733013
6156 0.000734763
6157 0.000736578
6158 0.000738458
6159 0.000740399
6160 0.000742401
6161 0.000744461
6162 0.000746578
6163 0.000748749
6164 0.000750972
6165 0.000753246
6166 0.000755569
6167 0.000757938
6168 0.000760351
6169 0.000762807
6170 0.000765303
6171 0.000767837
6172 0.000770408
6173 0.000773013
6174 0.000775649
6175 0.000778316
6176 0.000781011
6177 0.000783732
6178 0.000786477
6179 0.000789243
6180 0.000792029
6181 0.000794834
6182 0.000797654
6183 0.000800488
6184 0.000803333
6185 0.000806189
6186 0.000809053
6187 0.000811923
6188 0.000814798
6189 0.000817675
6190 0.000820552
6191 0.000823428
6192 0.000826301
6193 0.00082917
6194 0.000832032
6195 0.000834885
6196 0.000837729
6197 0.000840562
6198 0.000843381
6199 0.000846185
6200 0.000848973
6201 0.000851743
6202 0.000854493
6203 0.000857223
6204 0.00085993
6205 0.000862613
6206 0.000865271
6207 0.000867902
6208 0.000870506
6209 0.00087308
6210 0.000875623
6211 0.000878135
6212 0.000880613
6213 0.000883057
6214 0.000885466
6215 0.000887838
6216 0.000890172
6217 0.000892467
6218 0.000894722
6219 0.000896937
6220 0.000899109
6221 0.000901238
6222 0.000903324
6223 0.000905364
6224 0.000907359
6225 0.000909308
6226 0.000911208
6227 0.000913061
6228 0.000914864
6229 0.000916618
6230 0.000918321
6231 0.000919973
6232 0.000921573
6233 0.000923121
6234 0.000924615
6235 0.000926055
6236 0.000927441
6237 0.000928773
6238 0.000930048
6239 0.000931268
6240 0.000932432
6241 0.000933538
6242 0.000934588
6243 0.000935579
6244 0.000936513
6245 0.000937388
6246 0.000938205
6247 0.000938963
6248 0.000939661
6249 0.0009403
6250 0.00094088
6251 0.000941399
6252 0.000941859
6253 0.000942258
6254 0.000942597
6255 0.000942876
6256 0.000943094
6257 0.000943252
6258 0.000943349
6259 0.000943385
6260 0.000943361
6261 0.000943277
6262 0.000943132
6263 0.000942927
6264 0.000942661
6265 0.000942336
6266 0.00094195
6267 0.000941505
6268 0.000941
6269 0.000940436
6270 0.000939813
6271 0.000939132
6272 0.000938391
6273 0.000937593
6274 0.000936737
6275 0.000935823
6276 0.000934852
6277 0.000933824
6278 0.000932741
6279 0.000931601
6280 0.000930406
6281 0.000929156
6282 0.000927852
6283 0.000926494
6284 0.000925083
6285 0.000923619
6286 0.000922104
6287 0.000920536
6288 0.000918918
6289 0.00091725
6290 0.000915532
6291 0.000913766
6292 0.000911951
6293 0.00091009
6294 0.000908181
6295 0.000906227
6296 0.000904228
6297 0.000902185
6298 0.000900099
6299 0.00089797
6300 0.0008958
6301 0.00089359
6302 0.000891339
6303 0.00088905
6304 0.000886723
6305 0.00088436
6306 0.00088196
6307 0.000879526
6308 0.000877059
6309 0.000874558
6310 0.000872026
6311 0.000869464
6312 0.000866873
6313 0.000864253
6314 0.000861606
6315 0.000858933
6316 0.000856236
6317 0.000853516
6318 0.000850773
6319 0.000848009
6320 0.000845225
6321 0.000842423
6322 0.000839604
6323 0.000836769
6324 0.00083392
6325 0.000831057
6326 0.000828183
6327 0.000825298
6328 0.000822404
6329 0.000819502
6330 0.000816595
6331 0.000813682
6332 0.000810766
6333 0.000807848
6334 0.000804929
6335 0.000802011
6336 0.000799096
6337 0.000796185
6338 0.000793279
6339 0.00079038
6340 0.00078749
6341 0.000784609
6342 0.00078174
6343 0.000778883
6344 0.000776041
6345 0.000773215
6346 0.000770407
6347 0.000767618
6348 0.000764849
6349 0.000762102
6350 0.000759379
6351 0.00075668
6352 0.000754009
6353 0.000751365
6354 0.000748752
6355 0.000746169
6356 0.000743618
6357 0.000741102
6358 0.000738621
6359 0.000736177
6360 0.000733771
6361 0.000731405
6362 0.00072908
6363 0.000726797
6364 0.000724558
6365 0.000722364
6366 0.000720216
6367 0.000718115
6368 0.000716064
6369 0.000714062
6370 0.000712111
6371 0.000710213
6372 0.000708368
6373 0.000706577
6374 0.000704841
6375 0.000703162
6376 0.000701539
6377 0.000699975
6378 0.00069847
6379 0.000697024
6380 0.000695639
6381 0.000694315
6382 0.000693053
6383 0.000691853
6384 0.000690716
6385 0.000689643
6386 0.000688633
6387 0.000687687
6388 0.000686806
6389 0.00068599
6390 0.000685239
6391 0.000684552
6392 0.000683931
6393 0.000683376
6394 0.000682885
6395 0.00068246
6396 0.0006821
6397 0.000681805
6398 0.000681574
6399 0.000681408
6400 0.000681305
6401 0.000681266
6402 0.000681291
6403 0.000681377
6404 0.000681526
6405 0.000681736
6406 0.000682007
6407 0.000682338
6408 0.000682728
6409 0.000683177
6410 0.000683683
6411 0.000684246
6412 0.000684864
6413 0.000685537
6414 0.000686264
6415 0.000687044
6416 0.000687875
6417 0.000688756
6418 0.000689687
6419 0.000690665
6420 0.000691691
6421 0.000692762
6422 0.000693877
6423 0.000695036
6424 0.000696236
6425 0.000697476
6426 0.000698755
6427 0.000700072
6428 0.000701425
6429 0.000702813
6430 0.000704235
6431 0.000705688
6432 0.000707172
6433 0.000708684
6434 0.000710225
6435 0.000711792
6436 0.000713383
6437 0.000714998
6438 0.000716634
6439 0.000718291
6440 0.000719966
6441 0.00072166
6442 0.000723369
6443 0.000725093
6444 0.000726829
6445 0.000728578
6446 0.000730337
6447 0.000732105
6448 0.00073388
6449 0.000735661
6450 0.000737447
6451 0.000739237
6452 0.000741029
6453 0.000742821
6454 0.000744613
6455 0.000746402
6456 0.000748189
6457 0.000749971
6458 0.000751748
6459 0.000753518
6460 0.000755279
6461 0.000757031
6462 0.000758773
6463 0.000760503
6464 0.000762221
6465 0.000763924
6466 0.000765613
6467 0.000767285
6468 0.000768941
6469 0.000770578
6470 0.000772196
6471 0.000773794
6472 0.000775371
6473 0.000776926
6474 0.000778458
6475 0.000779966
6476 0.000781449
6477 0.000782907
6478 0.000784339
6479 0.000785743
6480 0.000787119
6481 0.000788466
6482 0.000789784
6483 0.000791071
6484 0.000792328
6485 0.000793553
6486 0.000794745
6487 0.000795905
6488 0.000797031
6489 0.000798123
6490 0.000799181
6491 0.000800203
6492 0.000801189
6493 0.000802139
6494 0.000803052
6495 0.000803928
6496 0.000804767
6497 0.000805567
6498 0.000806329
6499 0.000807052
6500 0.000807736
6501 0.00080838
6502 0.000808985
6503 0.000809549
6504 0.000810073
6505 0.000810557
6506 0.000810999
6507 0.000811401
6508 0.000811761
6509 0.000812081
6510 0.000812358
6511 0.000812594
6512 0.000812788
6513 0.000812941
6514 0.000813052
6515 0.00081312
6516 0.000813147
6517 0.000813132
6518 0.000813075
6519 0.000812977
6520 0.000812836
6521 0.000812654
6522 0.00081243
6523 0.000812165
6524 0.000811859
6525 0.000811511
6526 0.000811122
6527 0.000810693
6528 0.000810223
6529 0.000809713
6530 0.000809163
6531 0.000808573
6532 0.000807943
6533 0.000807275
6534 0.000806567
6535 0.000805822
6536 0.000805038
6537 0.000804216
6538 0.000803357
6539 0.000802461
6540 0.000801529
6541 0.000800561
6542 0.000799557
6543 0.000798518
6544 0.000797445
6545 0.000796338
6546 0.000795197
6547 0.000794023
6548 0.000792818
6549 0.00079158
6550 0.000790312
6551 0.000789013
6552 0.000787684
6553 0.000786326
6554 0.00078494
6555 0.000783526
6556 0.000782085
6557 0.000780618
6558 0.000779125
6559 0.000777608
6560 0.000776066
6561 0.000774501
6562 0.000772914
6563 0.000771305
6564 0.000769675
6565 0.000768026
6566 0.000766357
6567 0.00076467
6568 0.000762966
6569 0.000761245
6570 0.000759509
6571 0.000757758
6572 0.000755993
6573 0.000754216
6574 0.000752427
6575 0.000750627
6576 0.000748817
6577 0.000746999
6578 0.000745172
6579 0.000743339
6580 0.0007415
6581 0.000739656
6582 0.000737808
6583 0.000735958
6584 0.000734105
6585 0.000732253
6586 0.0007304
6587 0.000728549
6588 0.000726701
6589 0.000724856
6590 0.000723016
6591 0.000721181
6592 0.000719354
6593 0.000717534
6594 0.000715723
6595 0.000713922
6596 0.000712133
6597 0.000710355
6598 0.000708591
6599 0.000706841
6600 0.000705107
6601 0.000703389
6602 0.000701689
6603 0.000700007
6604 0.000698344
6605 0.000696703
6606 0.000695083
6607 0.000693486
6608 0.000691912
6609 0.000690363
6610 0.00068884
6611 0.000687344
6612 0.000685875
6613 0.000684434
6614 0.000683023
6615 0.000681642
6616 0.000680293
6617 0.000678975
6618 0.000677691
6619 0.00067644
6620 0.000675224
6621 0.000674043
6622 0.000672898
6623 0.000671789
6624 0.000670719
6625 0.000669686
6626 0.000668692
6627 0.000667738
6628 0.000666823
6629 0.00066595
6630 0.000665117
6631 0.000664325
6632 0.000663576
6633 0.000662869
6634 0.000662205
6635 0.000661585
6636 0.000661008
6637 0.000660474
6638 0.000659985
6639 0.00065954
6640 0.00065914
6641 0.000658784
6642 0.000658473
6643 0.000658207
6644 0.000657985
6645 0.000657809
6646 0.000657677
6647 0.000657591
6648 0.000657549
6649 0.000657551
6650 0.000657598
6651 0.000657689
6652 0.000657824
6653 0.000658003
6654 0.000658225
6655 0.00065849
6656 0.000658798
6657 0.000659148
6658 0.000659539
6659 0.000659972
6660 0.000660446
6661 0.00066096
6662 0.000661514
6663 0.000662107
6664 0.000662738
6665 0.000663407
6666 0.000664114
6667 0.000664856
6668 0.000665635
6669 0.000666448
6670 0.000667296
6671 0.000668177
6672 0.000669091
6673 0.000670037
6674 0.000671013
6675 0.00067202
6676 0.000673056
6677 0.00067412
6678 0.000675212
6679 0.00067633
6680 0.000677474
6681 0.000678642
6682 0.000679834
6683 0.000681049
6684 0.000682286
6685 0.000683543
6686 0.00068482
6687 0.000686116
6688 0.00068743
6689 0.00068876
6690 0.000690107
6691 0.000691468
6692 0.000692842
6693 0.00069423
6694 0.000695629
6695 0.00069704
6696 0.00069846
6697 0.000699888
6698 0.000701325
6699 0.000702768
6700 0.000704217
6701 0.000705671
6702 0.000707128
6703 0.000708589
6704 0.000710051
6705 0.000711515
6706 0.000712978
6707 0.00071444
6708 0.0007159
6709 0.000717358
6710 0.000718812
6711 0.000720261
6712 0.000721705
6713 0.000723142
6714 0.000724572
6715 0.000725993
6716 0.000727406
6717 0.000728809
6718 0.000730201
6719 0.000731582
6720 0.00073295
6721 0.000734306
6722 0.000735647
6723 0.000736974
6724 0.000738286
6725 0.000739581
6726 0.00074086
6727 0.000742121
6728 0.000743364
6729 0.000744588
6730 0.000745793
6731 0.000746977
6732 0.000748141
6733 0.000749283
6734 0.000750403
6735 0.000751501
6736 0.000752576
6737 0.000753627
6738 0.000754653
6739 0.000755655
6740 0.000756632
6741 0.000757582
6742 0.000758507
6743 0.000759405
6744 0.000760276
6745 0.000761119
6746 0.000761934
6747 0.000762721
6748 0.000763479
6749 0.000764208
6750 0.000764908
6751 0.000765577
6752 0.000766217
6753 0.000766826
6754 0.000767405
6755 0.000767952
6756 0.000768469
6757 0.000768954
6758 0.000769407
6759 0.000769829
6760 0.000770218
6761 0.000770575
6762 0.0007709
6763 0.000771192
6764 0.000771452
6765 0.000771679
6766 0.000771873
6767 0.000772034
6768 0.000772162
6769 0.000772257
6770 0.000772318
6771 0.000772347
6772 0.000772343
6773 0.000772305
6774 0.000772235
6775 0.000772131
6776 0.000771994
6777 0.000771825
6778 0.000771622
6779 0.000771387
6780 0.000771119
6781 0.000770819
6782 0.000770486
6783 0.000770122
6784 0.000769725
6785 0.000769296
6786 0.000768836
6787 0.000768344
6788 0.000767821
6789 0.000767268
6790 0.000766683
6791 0.000766068
6792 0.000765423
6793 0.000764748
6794 0.000764044
6795 0.00076331
6796 0.000762548
6797 0.000761757
6798 0.000760938
6799 0.000760091
6800 0.000759217
6801 0.000758316
6802 0.000757388
6803 0.000756434
6804 0.000755455
6805 0.00075445
6806 0.00075342
6807 0.000752366
6808 0.000751289
6809 0.000750188
6810 0.000749064
6811 0.000747918
6812 0.00074675
6813 0.000745562
6814 0.000744352
6815 0.000743122
6816 0.000741873
6817 0.000740605
6818 0.000739319
6819 0.000738015
6820 0.000736694
6821 0.000735357
6822 0.000734004
6823 0.000732635
6824 0.000731252
6825 0.000729855
6826 0.000728446
6827 0.000727023
6828 0.000725589
6829 0.000724144
6830 0.000722688
6831 0.000721223
6832 0.000719748
6833 0.000718266
6834 0.000716775
6835 0.000715279
6836 0.000713776
6837 0.000712267
6838 0.000710755
6839 0.000709238
6840 0.000707718
6841 0.000706196
6842 0.000704673
6843 0.000703149
6844 0.000701625
6845 0.000700101
6846 0.00069858
6847 0.00069706
6848 0.000695544
6849 0.000694032
6850 0.000692524
6851 0.000691022
6852 0.000689526
6853 0.000688038
6854 0.000686556
6855 0.000685084
6856 0.000683621
6857 0.000682168
6858 0.000680726
6859 0.000679295
6860 0.000677877
6861 0.000676472
6862 0.00067508
6863 0.000673703
6864 0.000672342
6865 0.000670996
6866 0.000669668
6867 0.000668356
6868 0.000667063
6869 0.000665788
6870 0.000664533
6871 0.000663298
6872 0.000662084
6873 0.000660891
6874 0.00065972
6875 0.000658571
6876 0.000657446
6877 0.000656345
6878 0.000655267
6879 0.000654215
6880 0.000653188
6881 0.000652186
6882 0.000651211
6883 0.000650263
6884 0.000649342
6885 0.000648449
6886 0.000647584
6887 0.000646747
6888 0.00064594
6889 0.000645161
6890 0.000644412
6891 0.000643693
6892 0.000643004
6893 0.000642346
6894 0.000641718
6895 0.000641121
6896 0.000640555
6897 0.000640021
6898 0.000639518
6899 0.000639046
6900 0.000638606
6901 0.000638198
6902 0.000637821
6903 0.000637477
6904 0.000637164
6905 0.000636883
6906 0.000636634
6907 0.000636417
6908 0.000636231
6909 0.000636077
6910 0.000635954
6911 0.000635863
6912 0.000635802
6913 0.000635773
6914 0.000635774
6915 0.000635805
6916 0.000635867
6917 0.000635959
6918 0.00063608
6919 0.00063623
6920 0.00063641
6921 0.000636618
6922 0.000636854
6923 0.000637118
6924 0.000637409
6925 0.000637727
6926 0.000638071
6927 0.000638442
6928 0.000638838
6929 0.000639259
6930 0.000639704
6931 0.000640173
6932 0.000640666
6933 0.000641181
6934 0.000641719
6935 0.000642279
6936 0.000642859
6937 0.00064346
6938 0.000644081
6939 0.00064472
6940 0.000645379
6941 0.000646055
6942 0.000646749
6943 0.000647459
6944 0.000648185
6945 0.000648927
6946 0.000649683
6947 0.000650453
6948 0.000651236
6949 0.000652032
6950 0.00065284
6951 0.000653658
6952 0.000654488
6953 0.000655327
6954 0.000656175
6955 0.000657031
6956 0.000657895
6957 0.000658766
6958 0.000659643
6959 0.000660526
6960 0.000661414
6961 0.000662306
6962 0.000663201
6963 0.000664099
6964 0.000665
6965 0.000665902
6966 0.000666804
6967 0.000667707
6968 0.000668609
6969 0.00066951
6970 0.000670409
6971 0.000671306
6972 0.000672199
6973 0.000673089
6974 0.000673975
6975 0.000674855
6976 0.00067573
6977 0.000676598
6978 0.00067746
6979 0.000678315
6980 0.000679161
6981 0.000679999
6982 0.000680828
6983 0.000681648
6984 0.000682457
6985 0.000683255
6986 0.000684043
6987 0.000684819
6988 0.000685582
6989 0.000686333
6990 0.000687071
6991 0.000687795
6992 0.000688506
6993 0.000689201
6994 0.000689882
6995 0.000690548
6996 0.000691198
6997 0.000691832
6998 0.000692449
6999 0.000693049
7000 0.000693633
7001 0.000694198
7002 0.000694746
7003 0.000695275
7004 0.000695786
7005 0.000696279
7006 0.000696752
7007 0.000697205
7008 0.000697639
7009 0.000698053
7010 0.000698447
7011 0.000698821
7012 0.000699174
7013 0.000699506
7014 0.000699817
7015 0.000700107
7016 0.000700376
7017 0.000700624
7018 0.000700849
7019 0.000701053
7020 0.000701235
7021 0.000701396
7022 0.000701534
7023 0.00070165
7024 0.000701744
7025 0.000701815
7026 0.000701864
7027 0.000701891
7028 0.000701896
7029 0.000701878
7030 0.000701838
7031 0.000701776
7032 0.000701691
7033 0.000701584
7034 0.000701455
7035 0.000701304
7036 0.000701131
7037 0.000700936
7038 0.000700718
7039 0.00070048
7040 0.000700219
7041 0.000699937
7042 0.000699634
7043 0.000699309
7044 0.000698963
7045 0.000698597
7046 0.000698209
7047 0.000697802
7048 0.000697374
7049 0.000696926
7050 0.000696458
7051 0.00069597
7052 0.000695463
7053 0.000694937
7054 0.000694393
7055 0.00069383
7056 0.000693248
7057 0.000692649
7058 0.000692032
7059 0.000691397
7060 0.000690746
7061 0.000690078
7062 0.000689394
7063 0.000688693
7064 0.000687978
7065 0.000687247
7066 0.000686501
7067 0.000685741
7068 0.000684966
7069 0.000684178
7070 0.000683377
7071 0.000682563
7072 0.000681737
7073 0.000680899
7074 0.000680049
7075 0.000679188
7076 0.000678317
7077 0.000677435
7078 0.000676544
7079 0.000675644
7080 0.000674735
7081 0.000673818
7082 0.000672893
7083 0.000671961
7084 0.000671022
7085 0.000670076
7086 0.000669126
7087 0.00066817
7088 0.000667209
7089 0.000666244
7090 0.000665276
7091 0.000664304
7092 0.00066333
7093 0.000662354
7094 0.000661376
7095 0.000660397
7096 0.000659418
7097 0.000658439
7098 0.000657461
7099 0.000656483
7100 0.000655508
7101 0.000654535
7102 0.000653565
7103 0.000652598
7104 0.000651634
7105 0.000650676
7106 0.000649722
7107 0.000648774
7108 0.000647832
7109 0.000646896
7110 0.000645968
7111 0.000645047
7112 0.000644134
7113 0.00064323
7114 0.000642335
7115 0.00064145
7116 0.000640575
7117 0.00063971
7118 0.000638857
7119 0.000638015
7120 0.000637186
7121 0.000636369
7122 0.000635565
7123 0.000634774
7124 0.000633997
7125 0.000633235
7126 0.000632487
7127 0.000631755
7128 0.000631038
7129 0.000630337
7130 0.000629653
7131 0.000628985
7132 0.000628334
7133 0.000627701
7134 0.000627086
7135 0.000626488
7136 0.000625909
7137 0.000625349
7138 0.000624808
7139 0.000624286
7140 0.000623784
7141 0.000623301
7142 0.000622839
7143 0.000622397
7144 0.000621975
7145 0.000621574
7146 0.000621194
7147 0.000620834
7148 0.000620496
7149 0.000620179
7150 0.000619884
7151 0.00061961
7152 0.000619358
7153 0.000619127
7154 0.000618918
7155 0.000618731
7156 0.000618566
7157 0.000618422
7158 0.0006183
7159 0.0006182
7160 0.000618122
7161 0.000618065
7162 0.00061803
7163 0.000618017
7164 0.000618025
7165 0.000618054
7166 0.000618105
7167 0.000618176
7168 0.000618269
7169 0.000618382
7170 0.000618516
7171 0.00061867
7172 0.000618845
7173 0.000619039
7174 0.000619253
7175 0.000619486
7176 0.000619739
7177 0.00062001
7178 0.0006203
7179 0.000620609
7180 0.000620935
7181 0.000621279
7182 0.000621641
7183 0.000622019
7184 0.000622414
7185 0.000622826
7186 0.000623253
7187 0.000623696
7188 0.000624154
7189 0.000624627
7190 0.000625114
7191 0.000625615
7192 0.000626129
7193 0.000626657
7194 0.000627197
7195 0.00062775
7196 0.000628314
7197 0.00062889
7198 0.000629476
7199 0.000630073
7200 0.00063068
7201 0.000631296
7202 0.000631922
7203 0.000632555
7204 0.000633197
7205 0.000633846
7206 0.000634503
7207 0.000635166
7208 0.000635835
7209 0.00063651
7210 0.00063719
7211 0.000637874
7212 0.000638563
7213 0.000639255
7214 0.000639951
7215 0.000640649
7216 0.000641349
7217 0.000642051
7218 0.000642755
7219 0.000643459
7220 0.000644163
7221 0.000644867
7222 0.000645571
7223 0.000646273
7224 0.000646974
7225 0.000647673
7226 0.000648369
7227 0.000649062
7228 0.000649752
7229 0.000650438
7230 0.00065112
7231 0.000651797
7232 0.000652469
7233 0.000653135
7234 0.000653795
7235 0.000654449
7236 0.000655096
7237 0.000655736
7238 0.000656368
7239 0.000656992
7240 0.000657608
7241 0.000658215
7242 0.000658813
7243 0.000659401
7244 0.00065998
7245 0.000660548
7246 0.000661106
7247 0.000661653
7248 0.000662189
7249 0.000662713
7250 0.000663226
7251 0.000663726
7252 0.000664214
7253 0.00066469
7254 0.000665152
7255 0.000665601
7256 0.000666037
7257 0.000666459
7258 0.000666867
7259 0.000667261
7260 0.000667641
7261 0.000668006
7262 0.000668356
7263 0.000668691
7264 0.00066901
7265 0.000669315
7266 0.000669604
7267 0.000669877
7268 0.000670134
7269 0.000670375
7270 0.0006706
7271 0.000670808
7272 0.000671001
7273 0.000671176
7274 0.000671335
7275 0.000671478
7276 0.000671603
7277 0.000671712
7278 0.000671803
7279 0.000671878
7280 0.000671935
7281 0.000671976
7282 0.000671999
7283 0.000672005
7284 0.000671994
7285 0.000671966
7286 0.000671921
7287 0.000671859
7288 0.000671779
7289 0.000671682
7290 0.000671569
7291 0.000671438
7292 0.000671291
7293 0.000671126
7294 0.000670945
7295 0.000670747
7296 0.000670532
7297 0.000670301
7298 0.000670053
7299 0.00066979
7300 0.00066951
7301 0.000669213
7302 0.000668901
7303 0.000668574
7304 0.00066823
7305 0.000667871
7306 0.000667497
7307 0.000667108
7308 0.000666704
7309 0.000666285
7310 0.000665852
7311 0.000665404
7312 0.000664943
7313 0.000664467
7314 0.000663978
7315 0.000663475
7316 0.00066296
7317 0.000662431
7318 0.00066189
7319 0.000661336
7320 0.00066077
7321 0.000660193
7322 0.000659603
7323 0.000659003
7324 0.000658391
7325 0.000657769
7326 0.000657137
7327 0.000656494
7328 0.000655842
7329 0.00065518
7330 0.000654509
7331 0.000653829
7332 0.000653141
7333 0.000652444
7334 0.00065174
7335 0.000651029
7336 0.00065031
7337 0.000649585
7338 0.000648853
7339 0.000648115
7340 0.000647372
7341 0.000646623
7342 0.00064587
7343 0.000645112
7344 0.000644349
7345 0.000643583
7346 0.000642814
7347 0.000642042
7348 0.000641267
7349 0.000640489
7350 0.00063971
7351 0.000638929
7352 0.000638148
7353 0.000637365
7354 0.000636583
7355 0.0006358
7356 0.000635018
7357 0.000634237
7358 0.000633457
7359 0.000632678
7360 0.000631902
7361 0.000631128
7362 0.000630357
7363 0.000629589
7364 0.000628824
7365 0.000628064
7366 0.000627308
7367 0.000626556
7368 0.00062581
7369 0.000625069
7370 0.000624334
7371 0.000623605
7372 0.000622883
7373 0.000622167
7374 0.000621459
7375 0.000620758
7376 0.000620065
7377 0.00061938
7378 0.000618704
7379 0.000618037
7380 0.000617379
7381 0.000616731
7382 0.000616092
7383 0.000615464
7384 0.000614846
7385 0.000614239
7386 0.000613642
7387 0.000613057
7388 0.000612484
7389 0.000611922
7390 0.000611372
7391 0.000610835
7392 0.00061031
7393 0.000609798
7394 0.000609299
7395 0.000608813
7396 0.00060834
7397 0.000607881
7398 0.000607436
7399 0.000607004
7400 0.000606587
7401 0.000606184
7402 0.000605795
7403 0.00060542
7404 0.000605061
7405 0.000604716
7406 0.000604386
7407 0.00060407
7408 0.00060377
7409 0.000603485
7410 0.000603215
7411 0.00060296
7412 0.000602721
7413 0.000602496
7414 0.000602287
7415 0.000602093
7416 0.000601915
7417 0.000601752
7418 0.000601604
7419 0.000601471
7420 0.000601354
7421 0.000601252
7422 0.000601165
7423 0.000601092
7424 0.000601035
7425 0.000600993
7426 0.000600965
7427 0.000600952
7428 0.000600954
7429 0.00060097
7430 0.000601
7431 0.000601044
7432 0.000601103
7433 0.000601175
7434 0.000601261
7435 0.00060136
7436 0.000601472
7437 0.000601598
7438 0.000601736
7439 0.000601887
7440 0.00060205
7441 0.000602226
7442 0.000602414
7443 0.000602613
7444 0.000602824
7445 0.000603046
7446 0.000603279
7447 0.000603522
7448 0.000603776
7449 0.000604041
7450 0.000604315
7451 0.000604598
7452 0.000604891
7453 0.000605193
7454 0.000605504
7455 0.000605823
7456 0.00060615
7457 0.000606485
7458 0.000606827
7459 0.000607177
7460 0.000607533
7461 0.000607896
7462 0.000608265
7463 0.00060864
7464 0.00060902
7465 0.000609406
7466 0.000609796
7467 0.000610191
7468 0.00061059
7469 0.000610993
7470 0.0006114
7471 0.00061181
7472 0.000612222
7473 0.000612637
7474 0.000613054
7475 0.000613473
7476 0.000613894
7477 0.000614316
7478 0.000614738
7479 0.000615161
7480 0.000615585
7481 0.000616008
7482 0.000616431
7483 0.000616852
7484 0.000617273
7485 0.000617693
7486 0.00061811
7487 0.000618526
7488 0.000618939
7489 0.00061935
7490 0.000619758
7491 0.000620162
7492 0.000620563
7493 0.00062096
7494 0.000621353
7495 0.000621741
7496 0.000622125
7497 0.000622504
7498 0.000622878
7499 0.000623246
7500 0.000623609
7501 0.000623965
7502 0.000624315
7503 0.000624659
7504 0.000624996
7505 0.000625326
7506 0.000625649
7507 0.000625965
7508 0.000626272
7509 0.000626572
7510 0.000626864
7511 0.000627148
7512 0.000627423
7513 0.00062769
7514 0.000627948
7515 0.000628197
7516 0.000628436
7517 0.000628667
7518 0.000628888
7519 0.000629099
7520 0.0006293
7521 0.000629492
7522 0.000629673
7523 0.000629845
7524 0.000630006
7525 0.000630156
7526 0.000630297
7527 0.000630426
7528 0.000630545
7529 0.000630653
7530 0.00063075
7531 0.000630836
7532 0.000630911
7533 0.000630975
7534 0.000631028
7535 0.00063107
7536 0.000631101
7537 0.00063112
7538 0.000631128
7539 0.000631125
7540 0.00063111
7541 0.000631084
7542 0.000631047
7543 0.000630998
7544 0.000630938
7545 0.000630867
7546 0.000630784
7547 0.000630691
7548 0.000630586
7549 0.00063047
7550 0.000630342
7551 0.000630204
7552 0.000630055
7553 0.000629894
7554 0.000629723
7555 0.000629541
7556 0.000629349
7557 0.000629146
7558 0.000628932
7559 0.000628708
7560 0.000628473
7561 0.000628229
7562 0.000627974
7563 0.00062771
7564 0.000627435
7565 0.000627151
7566 0.000626858
7567 0.000626555
7568 0.000626242
7569 0.000625921
7570 0.000625591
7571 0.000625252
7572 0.000624905
7573 0.000624549
7574 0.000624185
7575 0.000623813
7576 0.000623433
7577 0.000623045
7578 0.00062265
7579 0.000622248
7580 0.000621839
7581 0.000621423
7582 0.000621
7583 0.000620571
7584 0.000620136
7585 0.000619695
7586 0.000619248
7587 0.000618796
7588 0.000618338
7589 0.000617876
7590 0.000617408
7591 0.000616937
7592 0.000616461
7593 0.000615981
7594 0.000615497
7595 0.000615009
7596 0.000614519
7597 0.000614025
7598 0.000613529
7599 0.00061303
7600 0.000612529
7601 0.000612026
7602 0.000611521
7603 0.000611015
7604 0.000610508
7605 0.000609999
7606 0.000609491
7607 0.000608981
7608 0.000608472
7609 0.000607963
7610 0.000607454
7611 0.000606946
7612 0.00060644
7613 0.000605934
7614 0.00060543
7615 0.000604927
7616 0.000604427
7617 0.000603929
7618 0.000603433
7619 0.00060294
7620 0.000602451
7621 0.000601964
7622 0.000601482
7623 0.000601003
7624 0.000600528
7625 0.000600057
7626 0.000599592
7627 0.00059913
7628 0.000598674
7629 0.000598224
7630 0.000597778
7631 0.000597339
7632 0.000596905
7633 0.000596478
7634 0.000596057
7635 0.000595643
7636 0.000595235
7637 0.000594835
7638 0.000594441
7639 0.000594056
7640 0.000593677
7641 0.000593307
7642 0.000592944
7643 0.00059259
7644 0.000592244
7645 0.000591906
7646 0.000591577
7647 0.000591257
7648 0.000590946
7649 0.000590644
7650 0.000590351
7651 0.000590067
7652 0.000589793
7653 0.000589528
7654 0.000589273
7655 0.000589027
7656 0.000588792
7657 0.000588566
7658 0.000588351
7659 0.000588146
7660 0.00058795
7661 0.000587765
7662 0.000587591
7663 0.000587426
7664 0.000587272
7665 0.000587129
7666 0.000586996
7667 0.000586873
7668 0.000586761
7669 0.000586659
7670 0.000586568
7671 0.000586487
7672 0.000586417
7673 0.000586357
7674 0.000586308
7675 0.000586269
7676 0.00058624
7677 0.000586222
7678 0.000586214
7679 0.000586216
7680 0.000586228
7681 0.00058625
7682 0.000586283
7683 0.000586325
7684 0.000586377
7685 0.000586438
7686 0.000586509
7687 0.00058659
7688 0.00058668
7689 0.000586779
7690 0.000586887
7691 0.000587005
7692 0.000587131
7693 0.000587266
7694 0.000587409
7695 0.000587561
7696 0.000587721
7697 0.000587889
7698 0.000588065
7699 0.000588249
7700 0.00058844
7701 0.000588638
7702 0.000588844
7703 0.000589057
7704 0.000589277
7705 0.000589503
7706 0.000589736
7707 0.000589974
7708 0.000590219
7709 0.00059047
7710 0.000590726
7711 0.000590988
7712 0.000591255
7713 0.000591526
7714 0.000591803
7715 0.000592084
7716 0.000592369
7717 0.000592658
7718 0.000592951
7719 0.000593248
7720 0.000593548
7721 0.000593851
7722 0.000594157
7723 0.000594465
7724 0.000594777
7725 0.00059509
7726 0.000595405
7727 0.000595722
7728 0.00059604
7729 0.00059636
7730 0.00059668
7731 0.000597002
7732 0.000597323
7733 0.000597646
7734 0.000597968
7735 0.00059829
7736 0.000598612
7737 0.000598933
7738 0.000599253
7739 0.000599572
7740 0.00059989
7741 0.000600206
7742 0.000600521
7743 0.000600833
7744 0.000601144
7745 0.000601452
7746 0.000601757
7747 0.000602059
7748 0.000602359
7749 0.000602655
7750 0.000602948
7751 0.000603237
7752 0.000603522
7753 0.000603804
7754 0.000604081
7755 0.000604354
7756 0.000604622
7757 0.000604885
7758 0.000605143
7759 0.000605396
7760 0.000605644
7761 0.000605887
7762 0.000606124
7763 0.000606355
7764 0.00060658
7765 0.000606799
7766 0.000607012
7767 0.000607218
7768 0.000607418
7769 0.000607611
7770 0.000607798
7771 0.000607977
7772 0.00060815
7773 0.000608315
7774 0.000608473
7775 0.000608624
7776 0.000608767
7777 0.000608903
7778 0.000609031
7779 0.000609151
7780 0.000609263
7781 0.000609368
7782 0.000609464
7783 0.000609552
7784 0.000609633
7785 0.000609705
7786 0.000609768
7787 0.000609824
7788 0.000609871
7789 0.000609909
7790 0.00060994
7791 0.000609961
7792 0.000609974
7793 0.000609979
7794 0.000609975
7795 0.000609963
7796 0.000609942
7797 0.000609912
7798 0.000609874
7799 0.000609827
7800 0.000609771
7801 0.000609707
7802 0.000609635
7803 0.000609553
7804 0.000609464
7805 0.000609366
7806 0.000609259
7807 0.000609144
7808 0.000609021
7809 0.000608889
7810 0.000608749
7811 0.000608601
7812 0.000608445
7813 0.000608281
7814 0.000608109
7815 0.000607929
7816 0.000607741
7817 0.000607545
7818 0.000607341
7819 0.00060713
7820 0.000606912
7821 0.000606686
7822 0.000606453
7823 0.000606212
7824 0.000605965
7825 0.000605711
7826 0.000605449
7827 0.000605182
7828 0.000604907
7829 0.000604626
7830 0.000604339
7831 0.000604045
7832 0.000603746
7833 0.00060344
7834 0.000603129
7835 0.000602812
7836 0.00060249
7837 0.000602162
7838 0.000601829
7839 0.000601491
7840 0.000601149
7841 0.000600801
7842 0.000600449
7843 0.000600093
7844 0.000599733
7845 0.000599368
7846 0.000599
7847 0.000598628
7848 0.000598252
7849 0.000597873
7850 0.000597491
7851 0.000597106
7852 0.000596719
7853 0.000596329
7854 0.000595936
7855 0.000595541
7856 0.000595144
7857 0.000594745
7858 0.000594345
7859 0.000593943
7860 0.00059354
7861 0.000593136
7862 0.000592731
7863 0.000592325
7864 0.000591919
7865 0.000591513
7866 0.000591106
7867 0.000590699
7868 0.000590293
7869 0.000589887
7870 0.000589482
7871 0.000589078
7872 0.000588675
7873 0.000588273
7874 0.000587872
7875 0.000587473
7876 0.000587075
7877 0.00058668
7878 0.000586287
7879 0.000585896
7880 0.000585508
7881 0.000585122
7882 0.000584739
7883 0.000584359
7884 0.000583983
7885 0.000583609
7886 0.000583239
7887 0.000582873
7888 0.000582511
7889 0.000582153
7890 0.000581799
7891 0.000581449
7892 0.000581104
7893 0.000580763
7894 0.000580427
7895 0.000580096
7896 0.00057977
7897 0.00057945
7898 0.000579134
7899 0.000578824
7900 0.00057852
7901 0.000578221
7902 0.000577928
7903 0.000577641
7904 0.00057736
7905 0.000577085
7906 0.000576816
7907 0.000576553
7908 0.000576297
7909 0.000576048
7910 0.000575805
7911 0.000575568
7912 0.000575339
7913 0.000575116
7914 0.0005749
7915 0.000574691
7916 0.000574489
7917 0.000574294
7918 0.000574106
7919 0.000573925
7920 0.000573751
7921 0.000573585
7922 0.000573425
7923 0.000573273
7924 0.000573129
7925 0.000572991
7926 0.000572861
7927 0.000572738
7928 0.000572623
7929 0.000572514
7930 0.000572414
7931 0.00057232
7932 0.000572233
7933 0.000572154
7934 0.000572082
7935 0.000572018
7936 0.00057196
7937 0.00057191
7938 0.000571866
7939 0.00057183
7940 0.0005718
7941 0.000571778
7942 0.000571762
7943 0.000571753
7944 0.000571751
7945 0.000571755
7946 0.000571766
7947 0.000571784
7948 0.000571808
7949 0.000571838
7950 0.000571874
7951 0.000571917
7952 0.000571966
7953 0.00057202
7954 0.00057208
7955 0.000572146
7956 0.000572218
7957 0.000572295
7958 0.000572378
7959 0.000572465
7960 0.000572558
7961 0.000572656
7962 0.000572759
7963 0.000572866
7964 0.000572978
7965 0.000573095
7966 0.000573215
7967 0.00057334
7968 0.000573469
7969 0.000573602
7970 0.000573739
7971 0.000573879
7972 0.000574023
7973 0.00057417
7974 0.00057432
7975 0.000574473
7976 0.000574629
7977 0.000574788
7978 0.000574949
7979 0.000575113
7980 0.000575279
7981 0.000575446
7982 0.000575616
7983 0.000575788
7984 0.000575961
7985 0.000576135
7986 0.000576311
7987 0.000576488
7988 0.000576666
7989 0.000576844
7990 0.000577024
7991 0.000577203
7992 0.000577383
7993 0.000577563
7994 0.000577743
7995 0.000577923
7996 0.000578103
7997 0.000578282
7998 0.000578461
7999 0.000578638
8000 0.000578815
8001 0.000578991
8002 0.000579165
8003 0.000579338
8004 0.00057951
8005 0.00057968
8006 0.000579848
8007 0.000580014
8008 0.000580178
8009 0.00058034
8010 0.0005805
8011 0.000580657
8012 0.000580811
8013 0.000580963
8014 0.000581112
8015 0.000581257
8016 0.0005814
8017 0.000581539
8018 0.000581675
8019 0.000581808
8020 0.000581937
8021 0.000582062
8022 0.000582184
8023 0.000582302
8024 0.000582415
8025 0.000582525
8026 0.00058263
8027 0.000582731
8028 0.000582828
8029 0.000582921
8030 0.000583008
8031 0.000583092
8032 0.00058317
8033 0.000583244
8034 0.000583313
8035 0.000583377
8036 0.000583436
8037 0.00058349
8038 0.000583539
8039 0.000583583
8040 0.000583622
8041 0.000583655
8042 0.000583683
8043 0.000583706
8044 0.000583724
8045 0.000583736
8046 0.000583743
8047 0.000583744
8048 0.00058374
8049 0.00058373
8050 0.000583715
8051 0.000583695
8052 0.000583669
8053 0.000583637
8054 0.0005836
8055 0.000583557
8056 0.000583509
8057 0.000583455
8058 0.000583396
8059 0.000583331
8060 0.000583261
8061 0.000583186
8062 0.000583104
8063 0.000583018
8064 0.000582926
8065 0.000582829
8066 0.000582726
8067 0.000582619
8068 0.000582506
8069 0.000582387
8070 0.000582264
8071 0.000582136
8072 0.000582002
8073 0.000581864
8074 0.00058172
8075 0.000581572
8076 0.000581419
8077 0.000581261
8078 0.000581099
8079 0.000580932
8080 0.00058076
8081 0.000580584
8082 0.000580404
8083 0.00058022
8084 0.000580031
8085 0.000579838
8086 0.000579641
8087 0.000579441
8088 0.000579236
8089 0.000579028
8090 0.000578816
8091 0.000578601
8092 0.000578382
8093 0.00057816
8094 0.000577935
8095 0.000577706
8096 0.000577475
8097 0.000577241
8098 0.000577004
8099 0.000576764
8100 0.000576522
8101 0.000576277
8102 0.000576031
8103 0.000575782
8104 0.00057553
8105 0.000575277
8106 0.000575023
8107 0.000574766
8108 0.000574508
8109 0.000574249
8110 0.000573988
8111 0.000573726
8112 0.000573463
8113 0.000573199
8114 0.000572935
8115 0.000572669
8116 0.000572404
8117 0.000572137
8118 0.000571871
8119 0.000571604
8120 0.000571338
8121 0.000571071
8122 0.000570805
8123 0.000570539
8124 0.000570274
8125 0.000570009
8126 0.000569745
8127 0.000569482
8128 0.00056922
8129 0.000568959
8130 0.000568699
8131 0.000568441
8132 0.000568184
8133 0.000567929
8134 0.000567676
8135 0.000567424
8136 0.000567175
8137 0.000566927
8138 0.000566682
8139 0.00056644
8140 0.000566199
8141 0.000565962
8142 0.000565727
8143 0.000565494
8144 0.000565265
8145 0.000565039
8146 0.000564815
8147 0.000564595
8148 0.000564378
8149 0.000564165
8150 0.000563955
8151 0.000563749
8152 0.000563546
8153 0.000563347
8154 0.000563152
8155 0.000562961
8156 0.000562773
8157 0.00056259
8158 0.000562411
8159 0.000562236
8160 0.000562066
8161 0.0005619
8162 0.000561738
8163 0.000561581
8164 0.000561428
8165 0.00056128
8166 0.000561136
8167 0.000560997
8168 0.000560863
8169 0.000560733
8170 0.000560609
8171 0.000560489
8172 0.000560374
8173 0.000560264
8174 0.000560159
8175 0.000560058
8176 0.000559963
8177 0.000559873
8178 0.000559788
8179 0.000559707
8180 0.000559632
8181 0.000559562
8182 0.000559497
8183 0.000559436
8184 0.000559381
8185 0.000559331
8186 0.000559286
8187 0.000559245
8188 0.00055921
8189 0.00055918
8190 0.000559154
8191 0.000559134
8192 0.000559118
8193 0.000559107
8194 0.000559101
8195 0.0005591
8196 0.000559103
8197 0.000559111
8198 0.000559124
8199 0.000559141
8200 0.000559162
8201 0.000559189
8202 0.000559219
8203 0.000559254
8204 0.000559293
8205 0.000559336
8206 0.000559384
8207 0.000559435
8208 0.000559491
8209 0.000559551
8210 0.000559614
8211 0.000559681
8212 0.000559752
8213 0.000559826
8214 0.000559904
8215 0.000559985
8216 0.00056007
8217 0.000560158
8218 0.000560249
8219 0.000560343
8220 0.00056044
8221 0.00056054
8222 0.000560643
8223 0.000560748
8224 0.000560856
8225 0.000560967
8226 0.000561079
8227 0.000561194
8228 0.000561312
8229 0.000561431
8230 0.000561552
8231 0.000561675
8232 0.0005618
8233 0.000561926
8234 0.000562054
8235 0.000562183
8236 0.000562313
8237 0.000562445
8238 0.000562578
8239 0.000562711
8240 0.000562846
8241 0.000562981
8242 0.000563116
8243 0.000563253
8244 0.000563389
8245 0.000563526
8246 0.000563663
8247 0.0005638
8248 0.000563937
8249 0.000564073
8250 0.00056421
8251 0.000564346
8252 0.000564481
8253 0.000564616
8254 0.00056475
8255 0.000564883
8256 0.000565015
8257 0.000565146
8258 0.000565276
8259 0.000565405
8260 0.000565532
8261 0.000565658
8262 0.000565782
8263 0.000565905
8264 0.000566026
8265 0.000566145
8266 0.000566262
8267 0.000566376
8268 0.000566489
8269 0.0005666
8270 0.000566708
8271 0.000566813
8272 0.000566916
8273 0.000567017
8274 0.000567115
8275 0.00056721
8276 0.000567302
8277 0.000567392
8278 0.000567478
8279 0.000567561
8280 0.000567642
8281 0.000567719
8282 0.000567792
8283 0.000567863
8284 0.00056793
8285 0.000567993
8286 0.000568053
8287 0.00056811
8288 0.000568162
8289 0.000568211
8290 0.000568257
8291 0.000568298
8292 0.000568336
8293 0.00056837
8294 0.0005684
8295 0.000568426
8296 0.000568448
8297 0.000568466
8298 0.00056848
8299 0.00056849
8300 0.000568496
8301 0.000568498
8302 0.000568495
8303 0.000568489
8304 0.000568478
8305 0.000568463
8306 0.000568444
8307 0.00056842
8308 0.000568393
8309 0.000568361
8310 0.000568325
8311 0.000568284
8312 0.00056824
8313 0.000568191
8314 0.000568138
8315 0.000568081
8316 0.000568019
8317 0.000567953
8318 0.000567884
8319 0.00056781
8320 0.000567732
8321 0.000567649
8322 0.000567563
8323 0.000567473
8324 0.000567378
8325 0.00056728
8326 0.000567178
8327 0.000567071
8328 0.000566961
8329 0.000566847
8330 0.000566729
8331 0.000566608
8332 0.000566483
8333 0.000566354
8334 0.000566221
8335 0.000566085
8336 0.000565945
8337 0.000565802
8338 0.000565656
8339 0.000565506
8340 0.000565353
8341 0.000565197
8342 0.000565037
8343 0.000564875
8344 0.000564709
8345 0.000564541
8346 0.000564369
8347 0.000564195
8348 0.000564018
8349 0.000563839
8350 0.000563657
8351 0.000563472
8352 0.000563285
8353 0.000563096
8354 0.000562904
8355 0.00056271
8356 0.000562515
8357 0.000562317
8358 0.000562117
8359 0.000561915
8360 0.000561712
8361 0.000561507
8362 0.0005613
8363 0.000561092
8364 0.000560882
8365 0.000560672
8366 0.00056046
8367 0.000560246
8368 0.000560032
8369 0.000559817
8370 0.000559601
8371 0.000559384
8372 0.000559167
8373 0.000558949
8374 0.00055873
8375 0.000558512
8376 0.000558293
8377 0.000558073
8378 0.000557854
8379 0.000557634
8380 0.000557415
8381 0.000557196
8382 0.000556977
8383 0.000556758
8384 0.00055654
8385 0.000556323
8386 0.000556106
8387 0.00055589
8388 0.000555674
8389 0.00055546
8390 0.000555246
8391 0.000555034
8392 0.000554822
8393 0.000554612
8394 0.000554404
8395 0.000554196
8396 0.00055399
8397 0.000553786
8398 0.000553584
8399 0.000553383
8400 0.000553184
8401 0.000552986
8402 0.000552791
8403 0.000552598
8404 0.000552407
8405 0.000552218
8406 0.000552031
8407 0.000551847
8408 0.000551665
8409 0.000551485
8410 0.000551308
8411 0.000551134
8412 0.000550962
8413 0.000550793
8414 0.000550626
8415 0.000550463
8416 0.000550302
8417 0.000550144
8418 0.000549989
8419 0.000549837
8420 0.000549688
8421 0.000549542
8422 0.000549399
8423 0.000549259
8424 0.000549123
8425 0.000548989
8426 0.000548859
8427 0.000548732
8428 0.000548609
8429 0.000548489
8430 0.000548372
8431 0.000548259
8432 0.000548149
8433 0.000548042
8434 0.000547939
8435 0.000547839
8436 0.000547743
8437 0.00054765
8438 0.000547561
8439 0.000547475
8440 0.000547393
8441 0.000547314
8442 0.000547238
8443 0.000547166
8444 0.000547098
8445 0.000547033
8446 0.000546971
8447 0.000546913
8448 0.000546858
8449 0.000546807
8450 0.000546759
8451 0.000546714
8452 0.000546673
8453 0.000546635
8454 0.0005466
8455 0.000546568
8456 0.00054654
8457 0.000546515
8458 0.000546493
8459 0.000546475
8460 0.000546459
8461 0.000546446
8462 0.000546437
8463 0.00054643
8464 0.000546426
8465 0.000546425
8466 0.000546427
8467 0.000546432
8468 0.000546439
8469 0.00054645
8470 0.000546462
8471 0.000546478
8472 0.000546495
8473 0.000546516
8474 0.000546538
8475 0.000546563
8476 0.00054659
8477 0.00054662
8478 0.000546651
8479 0.000546685
8480 0.000546721
8481 0.000546758
8482 0.000546798
8483 0.000546839
8484 0.000546882
8485 0.000546927
8486 0.000546973
8487 0.000547021
8488 0.00054707
8489 0.000547121
8490 0.000547173
8491 0.000547226
8492 0.00054728
8493 0.000547336
8494 0.000547392
8495 0.00054745
8496 0.000547508
8497 0.000547567
8498 0.000547627
8499 0.000547687
8500 0.000547748
8501 0.000547809
8502 0.000547871
8503 0.000547933
8504 0.000547996
8505 0.000548058
8506 0.000548121
8507 0.000548184
8508 0.000548247
8509 0.000548309
8510 0.000548372
8511 0.000548434
8512 0.000548496
8513 0.000548557
8514 0.000548618
8515 0.000548678
8516 0.000548738
8517 0.000548797
8518 0.000548856
8519 0.000548913
8520 0.00054897
8521 0.000549025
8522 0.00054908
8523 0.000549134
8524 0.000549186
8525 0.000549237
8526 0.000549287
8527 0.000549336
8528 0.000549383
8529 0.000549429
8530 0.000549473
8531 0.000549516
8532 0.000549557
8533 0.000549596
8534 0.000549634
8535 0.000549669
8536 0.000549704
8537 0.000549736
8538 0.000549766
8539 0.000549794
8540 0.000549821
8541 0.000549845
8542 0.000549867
8543 0.000549887
8544 0.000549905
8545 0.00054992
8546 0.000549934
8547 0.000549945
8548 0.000549954
8549 0.00054996
8550 0.000549964
8551 0.000549966
8552 0.000549965
8553 0.000549962
8554 0.000549957
8555 0.000549949
8556 0.000549938
8557 0.000549925
8558 0.000549909
8559 0.000549891
8560 0.00054987
8561 0.000549847
8562 0.000549821
8563 0.000549792
8564 0.000549761
8565 0.000549727
8566 0.000549691
8567 0.000549652
8568 0.000549611
8569 0.000549566
8570 0.00054952
8571 0.00054947
8572 0.000549418
8573 0.000549364
8574 0.000549307
8575 0.000549247
8576 0.000549185
8577 0.00054912
8578 0.000549053
8579 0.000548983
8580 0.000548911
8581 0.000548836
8582 0.000548759
8583 0.000548679
8584 0.000548597
8585 0.000548513
8586 0.000548426
8587 0.000548338
8588 0.000548246
8589 0.000548153
8590 0.000548057
8591 0.00054796
8592 0.00054786
8593 0.000547758
8594 0.000547653
8595 0.000547547
8596 0.000547439
8597 0.000547329
8598 0.000547217
8599 0.000547104
8600 0.000546988
8601 0.000546871
8602 0.000546752
8603 0.000546631
8604 0.000546509
8605 0.000546385
8606 0.00054626
8607 0.000546133
8608 0.000546005
8609 0.000545875
8610 0.000545744
8611 0.000545612
8612 0.000545479
8613 0.000545345
8614 0.000545209
8615 0.000545073
8616 0.000544935
8617 0.000544797
8618 0.000544658
8619 0.000544518
8620 0.000544377
8621 0.000544236
8622 0.000544094
8623 0.000543952
8624 0.000543809
8625 0.000543665
8626 0.000543522
8627 0.000543378
8628 0.000543234
8629 0.000543089
8630 0.000542945
8631 0.0005428
8632 0.000542656
8633 0.000542511
8634 0.000542367
8635 0.000542223
8636 0.000542079
8637 0.000541936
8638 0.000541793
8639 0.00054165
8640 0.000541508
8641 0.000541367
8642 0.000541226
8643 0.000541086
8644 0.000540946
8645 0.000540807
8646 0.00054067
8647 0.000540533
8648 0.000540397
8649 0.000540262
8650 0.000540128
8651 0.000539995
8652 0.000539864
8653 0.000539734
8654 0.000539605
8655 0.000539477
8656 0.000539351
8657 0.000539226
8658 0.000539103
8659 0.000538981
8660 0.000538861
8661 0.000538742
8662 0.000538626
8663 0.00053851
8664 0.000538397
8665 0.000538285
8666 0.000538176
8667 0.000538068
8668 0.000537962
8669 0.000537858
8670 0.000537756
8671 0.000537655
8672 0.000537557
8673 0.000537462
8674 0.000537368
8675 0.000537276
8676 0.000537186
8677 0.000537099
8678 0.000537014
8679 0.000536931
8680 0.00053685
8681 0.000536772
8682 0.000536696
8683 0.000536622
8684 0.00053655
8685 0.000536481
8686 0.000536414
8687 0.00053635
8688 0.000536288
8689 0.000536228
8690 0.00053617
8691 0.000536115
8692 0.000536063
8693 0.000536013
8694 0.000535965
8695 0.000535919
8696 0.000535876
8697 0.000535835
8698 0.000535797
8699 0.000535761
8700 0.000535728
8701 0.000535696
8702 0.000535668
8703 0.000535641
8704 0.000535617
8705 0.000535595
8706 0.000535575
8707 0.000535558
8708 0.000535543
8709 0.00053553
8710 0.000535519
8711 0.00053551
8712 0.000535504
8713 0.0005355
8714 0.000535498
8715 0.000535497
8716 0.000535499
8717 0.000535503
8718 0.000535509
8719 0.000535517
8720 0.000535527
8721 0.000535539
8722 0.000535552
8723 0.000535568
8724 0.000535585
8725 0.000535604
8726 0.000535624
8727 0.000535646
8728 0.00053567
8729 0.000535696
8730 0.000535722
8731 0.000535751
8732 0.000535781
8733 0.000535812
8734 0.000535844
8735 0.000535878
8736 0.000535913
8737 0.000535949
8738 0.000535987
8739 0.000536025
8740 0.000536065
8741 0.000536105
8742 0.000536147
8743 0.000536189
8744 0.000536232
8745 0.000536276
8746 0.000536321
8747 0.000536367
8748 0.000536413
8749 0.000536459
8750 0.000536506
8751 0.000536554
8752 0.000536602
8753 0.00053665
8754 0.000536699
8755 0.000536748
8756 0.000536797
8757 0.000536846
8758 0.000536896
8759 0.000536945
8760 0.000536994
8761 0.000537044
8762 0.000537093
8763 0.000537142
8764 0.00053719
8765 0.000537239
8766 0.000537287
8767 0.000537335
8768 0.000537382
8769 0.000537429
8770 0.000537475
8771 0.00053752
8772 0.000537565
8773 0.000537609
8774 0.000537653
8775 0.000537696
8776 0.000537737
8777 0.000537778
8778 0.000537818
8779 0.000537857
8780 0.000537895
8781 0.000537932
8782 0.000537968
8783 0.000538003
8784 0.000538036
8785 0.000538068
8786 0.000538099
8787 0.000538129
8788 0.000538157
8789 0.000538184
8790 0.000538209
8791 0.000538233
8792 0.000538255
8793 0.000538276
8794 0.000538295
8795 0.000538313
8796 0.000538329
8797 0.000538343
8798 0.000538356
8799 0.000538366
8800 0.000538375
8801 0.000538383
8802 0.000538388
8803 0.000538392
8804 0.000538393
8805 0.000538393
8806 0.000538391
8807 0.000538387
8808 0.000538381
8809 0.000538373
8810 0.000538364
8811 0.000538352
8812 0.000538338
8813 0.000538322
8814 0.000538304
8815 0.000538284
8816 0.000538262
8817 0.000538238
8818 0.000538212
8819 0.000538184
8820 0.000538154
8821 0.000538121
8822 0.000538087
8823 0.00053805
8824 0.000538012
8825 0.000537971
8826 0.000537929
8827 0.000537884
8828 0.000537837
8829 0.000537788
8830 0.000537737
8831 0.000537684
8832 0.000537629
8833 0.000537572
8834 0.000537513
8835 0.000537452
8836 0.000537389
8837 0.000537323
8838 0.000537256
8839 0.000537187
8840 0.000537117
8841 0.000537044
8842 0.000536969
8843 0.000536893
8844 0.000536814
8845 0.000536734
8846 0.000536652
8847 0.000536568
8848 0.000536483
8849 0.000536396
8850 0.000536307
8851 0.000536216
8852 0.000536124
8853 0.00053603
8854 0.000535935
8855 0.000535838
8856 0.00053574
8857 0.00053564
8858 0.000535538
8859 0.000535436
8860 0.000535332
8861 0.000535226
8862 0.00053512
8863 0.000535012
8864 0.000534903
8865 0.000534792
8866 0.000534681
8867 0.000534568
8868 0.000534455
8869 0.00053434
8870 0.000534224
8871 0.000534108
8872 0.00053399
8873 0.000533872
8874 0.000533753
8875 0.000533633
8876 0.000533512
8877 0.000533391
8878 0.000533269
8879 0.000533146
8880 0.000533023
8881 0.0005329
8882 0.000532776
8883 0.000532651
8884 0.000532526
8885 0.000532401
8886 0.000532276
8887 0.00053215
8888 0.000532024
8889 0.000531898
8890 0.000531772
8891 0.000531646
8892 0.00053152
8893 0.000531394
8894 0.000531268
8895 0.000531142
8896 0.000531016
8897 0.000530891
8898 0.000530765
8899 0.00053064
8900 0.000530516
8901 0.000530392
8902 0.000530268
8903 0.000530144
8904 0.000530021
8905 0.000529899
8906 0.000529777
8907 0.000529656
8908 0.000529536
8909 0.000529416
8910 0.000529297
8911 0.000529179
8912 0.000529062
8913 0.000528945
8914 0.00052883
8915 0.000528715
8916 0.000528601
8917 0.000528489
8918 0.000528377
8919 0.000528266
8920 0.000528157
8921 0.000528049
8922 0.000527941
8923 0.000527835
8924 0.00052773
8925 0.000527627
8926 0.000527525
8927 0.000527424
8928 0.000527324
8929 0.000527226
8930 0.000527129
8931 0.000527033
8932 0.000526939
8933 0.000526846
8934 0.000526755
8935 0.000526665
8936 0.000526577
8937 0.00052649
8938 0.000526405
8939 0.000526321
8940 0.000526239
8941 0.000526159
8942 0.00052608
8943 0.000526002
8944 0.000525926
8945 0.000525852
8946 0.00052578
8947 0.000525709
8948 0.000525639
8949 0.000525572
8950 0.000525506
8951 0.000525441
8952 0.000525379
8953 0.000525317
8954 0.000525258
8955 0.0005252
8956 0.000525144
8957 0.00052509
8958 0.000525037
8959 0.000524986
8960 0.000524936
8961 0.000524888
8962 0.000524842
8963 0.000524797
8964 0.000524754
8965 0.000524712
8966 0.000524672
8967 0.000524634
8968 0.000524597
8969 0.000524562
8970 0.000524528
8971 0.000524495
8972 0.000524465
8973 0.000524435
8974 0.000524407
8975 0.000524381
8976 0.000524356
8977 0.000524332
8978 0.00052431
8979 0.000524289
8980 0.000524269
8981 0.000524251
8982 0.000524234
8983 0.000524218
8984 0.000524204
8985 0.00052419
8986 0.000524178
8987 0.000524167
8988 0.000524157
8989 0.000524149
8990 0.000524141
8991 0.000524134
8992 0.000524128
8993 0.000524124
8994 0.00052412
8995 0.000524117
8996 0.000524115
8997 0.000524114
8998 0.000524114
8999 0.000524114
9000 0.000524115
9001 0.000524117
9002 0.00052412
9003 0.000524123
9004 0.000524127
9005 0.000524131
9006 0.000524136
9007 0.000524142
9008 0.000524148
9009 0.000524154
9010 0.000524161
9011 0.000524168
9012 0.000524175
9013 0.000524183
9014 0.000524191
9015 0.0005242
9016 0.000524208
9017 0.000524217
9018 0.000524225
9019 0.000524234
9020 0.000524243
9021 0.000524252
9022 0.000524261
9023 0.00052427
9024 0.000524278
9025 0.000524287
9026 0.000524295
9027 0.000524304
9028 0.000524312
9029 0.00052432
9030 0.000524327
9031 0.000524334
9032 0.000524341
9033 0.000524347
9034 0.000524354
9035 0.000524359
9036 0.000524364
9037 0.000524369
9038 0.000524373
9039 0.000524376
9040 0.000524379
9041 0.000524382
9042 0.000524383
9043 0.000524384
9044 0.000524384
9045 0.000524384
9046 0.000524383
9047 0.000524381
9048 0.000524378
9049 0.000524374
9050 0.00052437
9051 0.000524364
9052 0.000524358
9053 0.000524351
9054 0.000524343
9055 0.000524334
9056 0.000524324
9057 0.000524313
9058 0.000524301
9059 0.000524288
9060 0.000524274
9061 0.000524259
9062 0.000524243
9063 0.000524225
9064 0.000524207
9065 0.000524188
9066 0.000524167
9067 0.000524145
9068 0.000524123
9069 0.000524099
9070 0.000524074
9071 0.000524047
9072 0.00052402
9073 0.000523991
9074 0.000523961
9075 0.00052393
9076 0.000523898
9077 0.000523865
9078 0.00052383
9079 0.000523795
9080 0.000523758
9081 0.00052372
9082 0.00052368
9083 0.00052364
9084 0.000523598
9085 0.000523555
9086 0.000523511
9087 0.000523466
9088 0.00052342
9089 0.000523372
9090 0.000523323
9091 0.000523274
9092 0.000523223
9093 0.000523171
9094 0.000523117
9095 0.000523063
9096 0.000523008
9097 0.000522951
9098 0.000522894
9099 0.000522835
9100 0.000522775
9101 0.000522715
9102 0.000522653
9103 0.00052259
9104 0.000522527
9105 0.000522462
9106 0.000522397
9107 0.00052233
9108 0.000522263
9109 0.000522195
9110 0.000522125
9111 0.000522055
9112 0.000521985
9113 0.000521913
9114 0.000521841
9115 0.000521768
9116 0.000521694
9117 0.000521619
9118 0.000521544
9119 0.000521468
9120 0.000521392
9121 0.000521314
9122 0.000521237
9123 0.000521158
9124 0.00052108
9125 0.000521
9126 0.000520921
9127 0.00052084
9128 0.00052076
9129 0.000520679
9130 0.000520597
9131 0.000520515
9132 0.000520433
9133 0.000520351
9134 0.000520268
9135 0.000520185
9136 0.000520102
9137 0.000520019
9138 0.000519936
9139 0.000519852
9140 0.000519769
9141 0.000519685
9142 0.000519602
9143 0.000519518
9144 0.000519434
9145 0.000519351
9146 0.000519267
9147 0.000519184
9148 0.000519101
9149 0.000519018
9150 0.000518935
9151 0.000518853
9152 0.00051877
9153 0.000518688
9154 0.000518607
9155 0.000518525
9156 0.000518444
9157 0.000518364
9158 0.000518284
9159 0.000518204
9160 0.000518125
9161 0.000518046
9162 0.000517968
9163 0.00051789
9164 0.000517813
9165 0.000517737
9166 0.000517661
9167 0.000517586
9168 0.000517511
9169 0.000517437
9170 0.000517364
9171 0.000517292
9172 0.00051722
9173 0.00051715
9174 0.00051708
9175 0.000517011
9176 0.000516942
9177 0.000516875
9178 0.000516808
9179 0.000516743
9180 0.000516678
9181 0.000516614
9182 0.000516551
9183 0.000516489
9184 0.000516428
9185 0.000516368
9186 0.000516309
9187 0.000516251
9188 0.000516195
9189 0.000516139
9190 0.000516084
9191 0.00051603
9192 0.000515977
9193 0.000515926
9194 0.000515875
9195 0.000515826
9196 0.000515778
9197 0.000515731
9198 0.000515684
9199 0.000515639
9200 0.000515596
9201 0.000515553
9202 0.000515511
9203 0.000515471
9204 0.000515432
9205 0.000515393
9206 0.000515356
9207 0.00051532
9208 0.000515286
9209 0.000515252
9210 0.00051522
9211 0.000515188
9212 0.000515158
9213 0.000515129
9214 0.000515101
9215 0.000515074
9216 0.000515048
9217 0.000515023
9218 0.000515
9219 0.000514977
9220 0.000514955
9221 0.000514935
9222 0.000514916
9223 0.000514897
9224 0.00051488
9225 0.000514864
9226 0.000514848
9227 0.000514834
9228 0.00051482
9229 0.000514808
9230 0.000514796
9231 0.000514786
9232 0.000514776
9233 0.000514767
9234 0.00051476
9235 0.000514752
9236 0.000514746
9237 0.000514741
9238 0.000514736
9239 0.000514732
9240 0.000514729
9241 0.000514727
9242 0.000514726
9243 0.000514725
9244 0.000514724
9245 0.000514725
9246 0.000514726
9247 0.000514728
9248 0.00051473
9249 0.000514733
9250 0.000514736
9251 0.00051474
9252 0.000514745
9253 0.000514749
9254 0.000514755
9255 0.000514761
9256 0.000514767
9257 0.000514773
9258 0.00051478
9259 0.000514787
9260 0.000514795
9261 0.000514802
9262 0.00051481
9263 0.000514819
9264 0.000514827
9265 0.000514836
9266 0.000514844
9267 0.000514853
9268 0.000514862
9269 0.000514871
9270 0.00051488
9271 0.000514889
9272 0.000514898
9273 0.000514907
9274 0.000514916
9275 0.000514925
9276 0.000514933
9277 0.000514942
9278 0.00051495
9279 0.000514958
9280 0.000514966
9281 0.000514974
9282 0.000514981
9283 0.000514988
9284 0.000514995
9285 0.000515001
9286 0.000515008
9287 0.000515013
9288 0.000515018
9289 0.000515023
9290 0.000515028
9291 0.000515031
9292 0.000515035
9293 0.000515038
9294 0.00051504
9295 0.000515042
9296 0.000515043
9297 0.000515043
9298 0.000515043
9299 0.000515042
9300 0.000515041
9301 0.000515039
9302 0.000515036
9303 0.000515032
9304 0.000515028
9305 0.000515023
9306 0.000515017
9307 0.00051501
9308 0.000515003
9309 0.000514995
9310 0.000514986
9311 0.000514976
9312 0.000514965
9313 0.000514953
9314 0.00051494
9315 0.000514927
9316 0.000514913
9317 0.000514897
9318 0.000514881
9319 0.000514864
9320 0.000514845
9321 0.000514826
9322 0.000514806
9323 0.000514785
9324 0.000514763
9325 0.00051474
9326 0.000514716
9327 0.000514691
9328 0.000514665
9329 0.000514637
9330 0.000514609
9331 0.00051458
9332 0.00051455
9333 0.000514519
9334 0.000514487
9335 0.000514453
9336 0.000514419
9337 0.000514384
9338 0.000514347
9339 0.00051431
9340 0.000514272
9341 0.000514232
9342 0.000514192
9343 0.00051415
9344 0.000514108
9345 0.000514064
9346 0.00051402
9347 0.000513974
9348 0.000513928
9349 0.000513881
9350 0.000513832
9351 0.000513783
9352 0.000513732
9353 0.000513681
9354 0.000513629
9355 0.000513576
9356 0.000513522
9357 0.000513467
9358 0.000513411
9359 0.000513354
9360 0.000513297
9361 0.000513238
9362 0.000513179
9363 0.000513119
9364 0.000513058
9365 0.000512996
9366 0.000512933
9367 0.00051287
9368 0.000512806
9369 0.000512741
9370 0.000512675
9371 0.000512609
9372 0.000512542
9373 0.000512474
9374 0.000512406
9375 0.000512337
9376 0.000512268
9377 0.000512197
9378 0.000512127
9379 0.000512055
9380 0.000511983
9381 0.000511911
9382 0.000511838
9383 0.000511765
9384 0.000511691
9385 0.000511617
9386 0.000511542
9387 0.000511467
9388 0.000511391
9389 0.000511315
9390 0.000511239
9391 0.000511163
9392 0.000511086
9393 0.000511009
9394 0.000510931
9395 0.000510853
9396 0.000510776
9397 0.000510698
9398 0.000510619
9399 0.000510541
9400 0.000510463
9401 0.000510384
9402 0.000510305
9403 0.000510227
9404 0.000510148
9405 0.000510069
9406 0.00050999
9407 0.000509911
9408 0.000509833
9409 0.000509754
9410 0.000509676
9411 0.000509597
9412 0.000509519
9413 0.000509441
9414 0.000509363
9415 0.000509285
9416 0.000509207
9417 0.00050913
9418 0.000509053
9419 0.000508976
9420 0.000508899
9421 0.000508823
9422 0.000508747
9423 0.000508672
9424 0.000508596
9425 0.000508521
9426 0.000508447
9427 0.000508373
9428 0.000508299
9429 0.000508226
9430 0.000508154
9431 0.000508081
9432 0.00050801
9433 0.000507939
9434 0.000507868
9435 0.000507798
9436 0.000507728
9437 0.000507659
9438 0.000507591
9439 0.000507523
9440 0.000507456
9441 0.000507389
9442 0.000507323
9443 0.000507258
9444 0.000507193
9445 0.000507129
9446 0.000507066
9447 0.000507004
9448 0.000506942
9449 0.00050688
9450 0.00050682
9451 0.00050676
9452 0.000506701
9453 0.000506643
9454 0.000506585
9455 0.000506528
9456 0.000506472
9457 0.000506417
9458 0.000506363
9459 0.000506309
9460 0.000506256
9461 0.000506204
9462 0.000506152
9463 0.000506101
9464 0.000506052
9465 0.000506002
9466 0.000505954
9467 0.000505907
9468 0.00050586
9469 0.000505814
9470 0.000505769
9471 0.000505724
9472 0.000505681
9473 0.000505638
9474 0.000505596
9475 0.000505554
9476 0.000505514
9477 0.000505474
9478 0.000505435
9479 0.000505397
9480 0.000505359
9481 0.000505322
9482 0.000505286
9483 0.000505251
9484 0.000505216
9485 0.000505182
9486 0.000505149
9487 0.000505117
9488 0.000505085
9489 0.000505054
9490 0.000505023
9491 0.000504994
9492 0.000504964
9493 0.000504936
9494 0.000504908
9495 0.000504881
9496 0.000504854
9497 0.000504828
9498 0.000504803
9499 0.000504778
9500 0.000504753
9501 0.00050473
9502 0.000504706
9503 0.000504684
9504 0.000504661
9505 0.00050464
9506 0.000504618
9507 0.000504598
9508 0.000504577
9509 0.000504557
9510 0.000504538
9511 0.000504519
9512 0.0005045
9513 0.000504482
9514 0.000504464
9515 0.000504446
9516 0.000504429
9517 0.000504412
9518 0.000504395
9519 0.000504379
9520 0.000504363
9521 0.000504347
9522 0.000504331
9523 0.000504316
9524 0.000504301
9525 0.000504286
9526 0.000504271
9527 0.000504256
9528 0.000504241
9529 0.000504227
9530 0.000504212
9531 0.000504198
9532 0.000504184
9533 0.00050417
9534 0.000504156
9535 0.000504142
9536 0.000504127
9537 0.000504113
9538 0.000504099
9539 0.000504085
9540 0.000504071
9541 0.000504056
9542 0.000504042
9543 0.000504028
9544 0.000504013
9545 0.000503998
9546 0.000503983
9547 0.000503968
9548 0.000503953
9549 0.000503937
9550 0.000503922
9551 0.000503906
9552 0.00050389
9553 0.000503874
9554 0.000503857
9555 0.00050384
9556 0.000503823
9557 0.000503805
9558 0.000503788
9559 0.00050377
9560 0.000503751
9561 0.000503732
9562 0.000503713
9563 0.000503694
9564 0.000503674
9565 0.000503654
9566 0.000503633
9567 0.000503612
9568 0.000503591
9569 0.000503569
9570 0.000503547
9571 0.000503524
9572 0.000503501
9573 0.000503477
9574 0.000503453
9575 0.000503429
9576 0.000503404
9577 0.000503378
9578 0.000503352
9579 0.000503326
9580 0.000503299
9581 0.000503271
9582 0.000503243
9583 0.000503215
9584 0.000503186
9585 0.000503157
9586 0.000503127
9587 0.000503096
9588 0.000503065
9589 0.000503034
9590 0.000503001
9591 0.000502969
9592 0.000502936
9593 0.000502902
9594 0.000502868
9595 0.000502833
9596 0.000502798
9597 0.000502763
9598 0.000502726
9599 0.00050269
9600 0.000502652
9601 0.000502615
9602 0.000502576
9603 0.000502538
9604 0.000502498
9605 0.000502459
9606 0.000502418
9607 0.000502378
9608 0.000502337
9609 0.000502295
9610 0.000502253
9611 0.00050221
9612 0.000502167
9613 0.000502124
9614 0.00050208
9615 0.000502035
9616 0.00050199
9617 0.000501945
9618 0.0005019
9619 0.000501854
9620 0.000501807
9621 0.00050176
9622 0.000501713
9623 0.000501666
9624 0.000501618
9625 0.000501569
9626 0.000501521
9627 0.000501472
9628 0.000501423
9629 0.000501373
9630 0.000501323
9631 0.000501273
9632 0.000501223
9633 0.000501172
9634 0.000501121
9635 0.00050107
9636 0.000501019
9637 0.000500967
9638 0.000500916
9639 0.000500864
9640 0.000500812
9641 0.000500759
9642 0.000500707
9643 0.000500654
9644 0.000500602
9645 0.000500549
9646 0.000500496
9647 0.000500443
9648 0.00050039
9649 0.000500337
9650 0.000500284
9651 0.000500231
9652 0.000500178
9653 0.000500124
9654 0.000500071
9655 0.000500018
9656 0.000499965
9657 0.000499912
9658 0.000499859
9659 0.000499806
9660 0.000499753
9661 0.000499701
9662 0.000499648
9663 0.000499595
9664 0.000499543
9665 0.000499491
9666 0.000499439
9667 0.000499387
9668 0.000499336
9669 0.000499284
9670 0.000499233
9671 0.000499182
9672 0.000499131
9673 0.000499081
9674 0.000499031
9675 0.000498981
9676 0.000498931
9677 0.000498882
9678 0.000498833
9679 0.000498784
9680 0.000498736
9681 0.000498688
9682 0.00049864
9683 0.000498593
9684 0.000498546
9685 0.000498499
9686 0.000498453
9687 0.000498407
9688 0.000498362
9689 0.000498317
9690 0.000498273
9691 0.000498229
9692 0.000498185
9693 0.000498142
9694 0.000498099
9695 0.000498057
9696 0.000498015
9697 0.000497974
9698 0.000497933
9699 0.000497893
9700 0.000497853
9701 0.000497814
9702 0.000497775
9703 0.000497736
9704 0.000497699
9705 0.000497661
9706 0.000497625
9707 0.000497588
9708 0.000497553
9709 0.000497517
9710 0.000497483
9711 0.000497449
9712 0.000497415
9713 0.000497382
9714 0.000497349
9715 0.000497317
9716 0.000497286
9717 0.000497255
9718 0.000497225
9719 0.000497195
9720 0.000497166
9721 0.000497137
9722 0.000497109
9723 0.000497081
9724 0.000497054
9725 0.000497027
9726 0.000497001
9727 0.000496976
9728 0.000496951
9729 0.000496926
9730 0.000496902
9731 0.000496879
9732 0.000496856
9733 0.000496833
9734 0.000496811
9735 0.00049679
9736 0.000496768
9737 0.000496748
9738 0.000496728
9739 0.000496708
9740 0.000496689
9741 0.00049667
9742 0.000496652
9743 0.000496634
9744 0.000496617
9745 0.0004966
9746 0.000496583
9747 0.000496567
9748 0.000496551
9749 0.000496536
9750 0.000496521
9751 0.000496506
9752 0.000496492
9753 0.000496478
9754 0.000496464
9755 0.000496451
9756 0.000496438
9757 0.000496425
9758 0.000496413
9759 0.000496401
9760 0.000496389
9761 0.000496377
9762 0.000496366
9763 0.000496355
9764 0.000496344
9765 0.000496333
9766 0.000496323
9767 0.000496312
9768 0.000496302
9769 0.000496292
9770 0.000496283
9771 0.000496273
9772 0.000496264
9773 0.000496254
9774 0.000496245
9775 0.000496236
9776 0.000496227
9777 0.000496218
9778 0.000496209
9779 0.0004962
9780 0.000496191
9781 0.000496182
9782 0.000496173
9783 0.000496164
9784 0.000496155
9785 0.000496146
9786 0.000496137
9787 0.000496128
9788 0.000496119
9789 0.00049611
9790 0.000496101
9791 0.000496091
9792 0.000496082
9793 0.000496072
9794 0.000496062
9795 0.000496053
9796 0.000496042
9797 0.000496032
9798 0.000496022
9799 0.000496011
9800 0.000496
9801 0.000495989
9802 0.000495978
9803 0.000495966
9804 0.000495954
9805 0.000495942
9806 0.00049593
9807 0.000495917
9808 0.000495904
9809 0.000495891
9810 0.000495877
9811 0.000495863
9812 0.000495849
9813 0.000495834
9814 0.000495819
9815 0.000495804
9816 0.000495788
9817 0.000495772
9818 0.000495755
9819 0.000495739
9820 0.000495721
9821 0.000495703
9822 0.000495685
9823 0.000495667
9824 0.000495648
9825 0.000495628
9826 0.000495608
9827 0.000495588
9828 0.000495567
9829 0.000495546
9830 0.000495524
9831 0.000495502
9832 0.000495479
9833 0.000495456
9834 0.000495433
9835 0.000495409
9836 0.000495384
9837 0.000495359
9838 0.000495333
9839 0.000495307
9840 0.00049528
9841 0.000495253
9842 0.000495226
9843 0.000495197
9844 0.000495169
9845 0.00049514
9846 0.00049511
9847 0.00049508
9848 0.000495049
9849 0.000495018
9850 0.000494986
9851 0.000494954
9852 0.000494921
9853 0.000494887
9854 0.000494854
9855 0.000494819
9856 0.000494784
9857 0.000494749
9858 0.000494713
9859 0.000494677
9860 0.00049464
9861 0.000494603
9862 0.000494565
9863 0.000494527
9864 0.000494488
9865 0.000494448
9866 0.000494409
9867 0.000494368
9868 0.000494328
9869 0.000494287
9870 0.000494245
9871 0.000494203
9872 0.00049416
9873 0.000494117
9874 0.000494074
9875 0.00049403
9876 0.000493986
9877 0.000493941
9878 0.000493896
9879 0.000493851
9880 0.000493805
9881 0.000493759
9882 0.000493712
9883 0.000493665
9884 0.000493618
9885 0.00049357
9886 0.000493522
9887 0.000493474
9888 0.000493425
9889 0.000493376
9890 0.000493327
9891 0.000493278
9892 0.000493228
9893 0.000493178
9894 0.000493127
9895 0.000493077
9896 0.000493026
9897 0.000492974
9898 0.000492923
9899 0.000492871
9900 0.00049282
9901 0.000492768
9902 0.000492715
9903 0.000492663
9904 0.00049261
9905 0.000492558
9906 0.000492505
9907 0.000492452
9908 0.000492399
9909 0.000492345
9910 0.000492292
9911 0.000492239
9912 0.000492185
9913 0.000492131
9914 0.000492078
9915 0.000492024
9916 0.00049197
9917 0.000491916
9918 0.000491862
9919 0.000491809
9920 0.000491755
9921 0.000491701
9922 0.000491647
9923 0.000491593
9924 0.00049154
9925 0.000491486
9926 0.000491432
9927 0.000491379
9928 0.000491325
9929 0.000491272
9930 0.000491218
9931 0.000491165
9932 0.000491112
9933 0.000491059
9934 0.000491006
9935 0.000490954
9936 0.000490901
9937 0.000490849
9938 0.000490797
9939 0.000490745
9940 0.000490693
9941 0.000490641
9942 0.00049059
9943 0.000490538
9944 0.000490487
9945 0.000490437
9946 0.000490386
9947 0.000490336
9948 0.000490286
9949 0.000490236
9950 0.000490187
9951 0.000490137
9952 0.000490088
9953 0.00049004
9954 0.000489991
9955 0.000489943
9956 0.000489895
9957 0.000489848
9958 0.000489801
9959 0.000489754
9960 0.000489707
9961 0.000489661
9962 0.000489615
9963 0.00048957
9964 0.000489525
9965 0.00048948
9966 0.000489435
9967 0.000489391
9968 0.000489347
9969 0.000489304
9970 0.000489261
9971 0.000489218
9972 0.000489176
9973 0.000489134
9974 0.000489092
9975 0.000489051
9976 0.00048901
9977 0.000488969
9978 0.000488929
9979 0.000488889
9980 0.00048885
9981 0.000488811
9982 0.000488772
9983 0.000488734
9984 0.000488696
9985 0.000488658
9986 0.000488621
9987 0.000488585
9988 0.000488548
9989 0.000488512
9990 0.000488476
9991 0.000488441
9992 0.000488406
9993 0.000488371
9994 0.000488337
9995 0.000488303
9996 0.00048827
9997 0.000488237
9998 0.000488204
9999 0.000488171
10000 0.000488139
10001 0.000488107
10002 0.000488076
10003 0.000488044
10004 0.000488014
10005 0.000487983
10006 0.000487953
10007 0.000487923
10008 0.000487893
10009 0.000487864
10010 0.000487835
10011 0.000487806
10012 0.000487778
10013 0.00048775
10014 0.000487722
10015 0.000487694
10016 0.000487667
10017 0.00048764
10018 0.000487613
10019 0.000487586
10020 0.00048756
10021 0.000487534
10022 0.000487508
10023 0.000487482
10024 0.000487457
10025 0.000487431
10026 0.000487406
10027 0.000487381
10028 0.000487356
10029 0.000487332
10030 0.000487307
10031 0.000487283
10032 0.000487259
10033 0.000487235
10034 0.000487211
10035 0.000487188
10036 0.000487164
10037 0.000487141
10038 0.000487117
10039 0.000487094
10040 0.000487071
10041 0.000487048
10042 0.000487025
10043 0.000487002
10044 0.000486979
10045 0.000486957
10046 0.000486934
10047 0.000486911
10048 0.000486888
10049 0.000486866
10050 0.000486843
10051 0.000486821
10052 0.000486798
10053 0.000486775
10054 0.000486753
10055 0.00048673
10056 0.000486708
10057 0.000486685
10058 0.000486662
10059 0.000486639
10060 0.000486617
10061 0.000486594
10062 0.000486571
10063 0.000486548
10064 0.000486525
10065 0.000486502
10066 0.000486478
10067 0.000486455
10068 0.000486432
10069 0.000486408
10070 0.000486385
10071 0.000486361
10072 0.000486337
10073 0.000486313
10074 0.000486289
10075 0.000486265
10076 0.00048624
10077 0.000486216
10078 0.000486191
10079 0.000486166
10080 0.000486141
10081 0.000486116
10082 0.00048609
10083 0.000486065
10084 0.000486039
10085 0.000486013
10086 0.000485987
10087 0.000485961
10088 0.000485935
10089 0.000485908
10090 0.000485881
10091 0.000485854
10092 0.000485827
10093 0.0004858
10094 0.000485772
10095 0.000485744
10096 0.000485716
10097 0.000485688
10098 0.00048566
10099 0.000485631
10100 0.000485602
10101 0.000485573
10102 0.000485544
10103 0.000485514
10104 0.000485485
10105 0.000485455
10106 0.000485425
10107 0.000485394
10108 0.000485364
10109 0.000485333
10110 0.000485302
10111 0.000485271
10112 0.000485239
10113 0.000485208
10114 0.000485176
10115 0.000485144
10116 0.000485112
10117 0.000485079
10118 0.000485047
10119 0.000485014
10120 0.000484981
10121 0.000484948
10122 0.000484914
10123 0.000484881
10124 0.000484847
10125 0.000484813
10126 0.000484779
10127 0.000484745
10128 0.00048471
10129 0.000484675
10130 0.000484641
10131 0.000484606
10132 0.00048457
10133 0.000484535
10134 0.0004845
10135 0.000484464
10136 0.000484428
10137 0.000484393
10138 0.000484357
10139 0.000484321
10140 0.000484284
10141 0.000484248
10142 0.000484211
10143 0.000484175
10144 0.000484138
10145 0.000484101
10146 0.000484065
10147 0.000484028
10148 0.000483991
10149 0.000483954
10150 0.000483916
10151 0.000483879
10152 0.000483842
10153 0.000483804
10154 0.000483767
10155 0.00048373
10156 0.000483692
10157 0.000483655
10158 0.000483617
10159 0.00048358
10160 0.000483542
10161 0.000483505
10162 0.000483467
10163 0.000483429
10164 0.000483392
10165 0.000483354
10166 0.000483317
10167 0.000483279
10168 0.000483242
10169 0.000483205
10170 0.000483167
10171 0.00048313
10172 0.000483093
10173 0.000483056
10174 0.000483019
10175 0.000482982
10176 0.000482945
10177 0.000482908
10178 0.000482871
10179 0.000482835
10180 0.000482798
10181 0.000482762
10182 0.000482725
10183 0.000482689
10184 0.000482653
10185 0.000482617
10186 0.000482582
10187 0.000482546
10188 0.00048251
10189 0.000482475
10190 0.00048244
10191 0.000482405
10192 0.00048237
10193 0.000482336
10194 0.000482301
10195 0.000482267
10196 0.000482233
10197 0.000482199
10198 0.000482165
10199 0.000482132
10200 0.000482098
10201 0.000482065
10202 0.000482032
10203 0.000482
10204 0.000481967
10205 0.000481935
10206 0.000481903
10207 0.000481871
10208 0.00048184
10209 0.000481808
10210 0.000481777
10211 0.000481747
10212 0.000481716
10213 0.000481686
10214 0.000481656
10215 0.000481626
10216 0.000481596
10217 0.000481567
10218 0.000481538
10219 0.000481509
10220 0.00048148
10221 0.000481452
10222 0.000481424
10223 0.000481396
10224 0.000481368
10225 0.000481341
10226 0.000481314
10227 0.000481287
10228 0.000481261
10229 0.000481234
10230 0.000481208
10231 0.000481182
10232 0.000481157
10233 0.000481132
10234 0.000481107
10235 0.000481082
10236 0.000481057
10237 0.000481033
10238 0.000481009
10239 0.000480985
10240 0.000480962
10241 0.000480939
10242 0.000480916
10243 0.000480893
10244 0.00048087
10245 0.000480848
10246 0.000480826
10247 0.000480804
10248 0.000480782
10249 0.000480761
10250 0.00048074
10251 0.000480719
10252 0.000480698
10253 0.000480677
10254 0.000480657
10255 0.000480637
10256 0.000480617
10257 0.000480597
10258 0.000480578
10259 0.000480558
10260 0.000480539
10261 0.00048052
10262 0.000480501
10263 0.000480483
10264 0.000480464
10265 0.000480446
10266 0.000480428
10267 0.00048041
10268 0.000480392
10269 0.000480374
10270 0.000480356
10271 0.000480339
10272 0.000480321
10273 0.000480304
10274 0.000480287
10275 0.00048027
10276 0.000480253
10277 0.000480236
10278 0.000480219
10279 0.000480203
10280 0.000480186
10281 0.000480169
10282 0.000480153
10283 0.000480137
10284 0.00048012
10285 0.000480104
10286 0.000480088
10287 0.000480071
10288 0.000480055
10289 0.000480039
10290 0.000480023
10291 0.000480007
10292 0.00047999
10293 0.000479974
10294 0.000479958
10295 0.000479942
10296 0.000479926
10297 0.000479909
10298 0.000479893
10299 0.000479877
10300 0.00047986
10301 0.000479844
10302 0.000479828
10303 0.000479811
10304 0.000479795
10305 0.000479778
10306 0.000479761
10307 0.000479744
10308 0.000479727
10309 0.00047971
10310 0.000479693
10311 0.000479676
10312 0.000479659
10313 0.000479641
10314 0.000479623
10315 0.000479606
10316 0.000479588
10317 0.00047957
10318 0.000479552
10319 0.000479533
10320 0.000479515
10321 0.000479496
10322 0.000479477
10323 0.000479458
10324 0.000479439
10325 0.00047942
10326 0.000479401
10327 0.000479381
10328 0.000479361
10329 0.000479341
10330 0.000479321
10331 0.0004793
10332 0.000479279
10333 0.000479258
10334 0.000479237
10335 0.000479216
10336 0.000479194
10337 0.000479173
10338 0.000479151
10339 0.000479128
10340 0.000479106
10341 0.000479083
10342 0.00047906
10343 0.000479037
10344 0.000479013
10345 0.00047899
10346 0.000478966
10347 0.000478941
10348 0.000478917
10349 0.000478892
10350 0.000478867
10351 0.000478842
10352 0.000478817
10353 0.000478791
10354 0.000478765
10355 0.000478739
10356 0.000478712
10357 0.000478685
10358 0.000478658
10359 0.000478631
10360 0.000478603
10361 0.000478575
10362 0.000478547
10363 0.000478519
10364 0.00047849
10365 0.000478461
10366 0.000478432
10367 0.000478403
10368 0.000478373
10369 0.000478343
10370 0.000478313
10371 0.000478282
10372 0.000478251
10373 0.00047822
10374 0.000478189
10375 0.000478158
10376 0.000478126
10377 0.000478094
10378 0.000478062
10379 0.000478029
10380 0.000477996
10381 0.000477963
10382 0.00047793
10383 0.000477897
10384 0.000477863
10385 0.000477829
10386 0.000477795
10387 0.000477761
10388 0.000477726
10389 0.000477691
10390 0.000477656
10391 0.000477621
10392 0.000477586
10393 0.00047755
10394 0.000477514
10395 0.000477478
10396 0.000477442
10397 0.000477406
10398 0.000477369
10399 0.000477332
10400 0.000477296
10401 0.000477258
10402 0.000477221
10403 0.000477184
10404 0.000477146
10405 0.000477109
10406 0.000477071
10407 0.000477033
10408 0.000476995
10409 0.000476956
10410 0.000476918
10411 0.000476879
10412 0.000476841
10413 0.000476802
10414 0.000476763
10415 0.000476724
10416 0.000476685
10417 0.000476646
10418 0.000476607
10419 0.000476567
10420 0.000476528
10421 0.000476488
10422 0.000476449
10423 0.000476409
10424 0.000476369
10425 0.00047633
10426 0.00047629
10427 0.00047625
10428 0.00047621
10429 0.00047617
10430 0.00047613
10431 0.00047609
10432 0.00047605
10433 0.00047601
10434 0.000475971
10435 0.000475931
10436 0.000475891
10437 0.000475851
10438 0.000475811
10439 0.000475771
10440 0.000475731
10441 0.000475691
10442 0.000475651
10443 0.000475611
10444 0.000475572
10445 0.000475532
10446 0.000475492
10447 0.000475453
10448 0.000475413
10449 0.000475373
10450 0.000475334
10451 0.000475295
10452 0.000475255
10453 0.000475216
10454 0.000475177
10455 0.000475138
10456 0.000475099
10457 0.00047506
10458 0.000475022
10459 0.000474983
10460 0.000474945
10461 0.000474906
10462 0.000474868
10463 0.00047483
10464 0.000474792
10465 0.000474754
10466 0.000474716
10467 0.000474679
10468 0.000474641
10469 0.000474604
10470 0.000474567
10471 0.00047453
10472 0.000474493
10473 0.000474456
10474 0.000474419
10475 0.000474383
10476 0.000474347
10477 0.000474311
10478 0.000474275
10479 0.000474239
10480 0.000474203
10481 0.000474168
10482 0.000474132
10483 0.000474097
10484 0.000474062
10485 0.000474027
10486 0.000473993
10487 0.000473958
10488 0.000473924
10489 0.00047389
10490 0.000473856
10491 0.000473822
10492 0.000473789
10493 0.000473755
10494 0.000473722
10495 0.000473689
10496 0.000473656
10497 0.000473624
10498 0.000473591
10499 0.000473559
10500 0.000473527
10501 0.000473495
10502 0.000473463
10503 0.000473432
10504 0.0004734
10505 0.000473369
10506 0.000473338
10507 0.000473307
10508 0.000473276
10509 0.000473246
10510 0.000473215
10511 0.000473185
10512 0.000473155
10513 0.000473125
10514 0.000473096
10515 0.000473066
10516 0.000473037
10517 0.000473008
10518 0.000472979
10519 0.00047295
10520 0.000472921
10521 0.000472892
10522 0.000472864
10523 0.000472836
10524 0.000472808
10525 0.00047278
10526 0.000472752
10527 0.000472724
10528 0.000472697
10529 0.000472669
10530 0.000472642
10531 0.000472615
10532 0.000472588
10533 0.000472561
10534 0.000472534
10535 0.000472507
10536 0.000472481
10537 0.000472454
10538 0.000472428
10539 0.000472402
10540 0.000472376
10541 0.00047235
10542 0.000472324
10543 0.000472298
10544 0.000472272
10545 0.000472247
10546 0.000472221
10547 0.000472196
10548 0.00047217
10549 0.000472145
10550 0.00047212
10551 0.000472094
10552 0.000472069
10553 0.000472044
10554 0.000472019
10555 0.000471994
10556 0.000471969
10557 0.000471945
10558 0.00047192
10559 0.000471895
10560 0.00047187
10561 0.000471846
10562 0.000471821
10563 0.000471796
10564 0.000471772
10565 0.000471747
10566 0.000471723
10567 0.000471698
10568 0.000471674
10569 0.000471649
10570 0.000471624
10571 0.0004716
10572 0.000471575
10573 0.000471551
10574 0.000471526
10575 0.000471502
10576 0.000471477
10577 0.000471453
10578 0.000471428
10579 0.000471404
10580 0.000471379
10581 0.000471354
10582 0.00047133
10583 0.000471305
10584 0.00047128
10585 0.000471256
10586 0.000471231
10587 0.000471206
10588 0.000471181
10589 0.000471156
10590 0.000471131
10591 0.000471106
10592 0.000471081
10593 0.000471056
10594 0.000471031
10595 0.000471006
10596 0.00047098
10597 0.000470955
10598 0.00047093
10599 0.000470904
10600 0.000470879
10601 0.000470853
10602 0.000470828
10603 0.000470802
10604 0.000470776
10605 0.00047075
10606 0.000470724
10607 0.000470698
10608 0.000470672
10609 0.000470646
10610 0.00047062
10611 0.000470594
10612 0.000470567
10613 0.000470541
10614 0.000470514
10615 0.000470488
10616 0.000470461
10617 0.000470434
10618 0.000470408
10619 0.000470381
10620 0.000470354
10621 0.000470327
10622 0.0004703
10623 0.000470273
10624 0.000470245
10625 0.000470218
10626 0.000470191
10627 0.000470163
10628 0.000470136
10629 0.000470108
10630 0.00047008
10631 0.000470052
10632 0.000470025
10633 0.000469997
10634 0.000469969
10635 0.000469941
10636 0.000469913
10637 0.000469885
10638 0.000469856
10639 0.000469828
10640 0.0004698
10641 0.000469771
10642 0.000469743
10643 0.000469714
10644 0.000469686
10645 0.000469657
10646 0.000469629
10647 0.0004696
10648 0.000469571
10649 0.000469542
10650 0.000469514
10651 0.000469485
10652 0.000469456
10653 0.000469427
10654 0.000469398
10655 0.000469369
10656 0.00046934
10657 0.000469311
10658 0.000469282
10659 0.000469253
10660 0.000469224
10661 0.000469194
10662 0.000469165
10663 0.000469136
10664 0.000469107
10665 0.000469078
10666 0.000469049
10667 0.00046902
10668 0.00046899
10669 0.000468961
10670 0.000468932
10671 0.000468903
10672 0.000468874
10673 0.000468845
10674 0.000468816
10675 0.000468786
10676 0.000468757
10677 0.000468728
10678 0.000468699
10679 0.00046867
10680 0.000468641
10681 0.000468612
10682 0.000468584
10683 0.000468555
10684 0.000468526
10685 0.000468497
10686 0.000468469
10687 0.00046844
10688 0.000468411
10689 0.000468383
10690 0.000468354
10691 0.000468326
10692 0.000468298
10693 0.000468269
10694 0.000468241
10695 0.000468213
10696 0.000468185
10697 0.000468157
10698 0.000468129
10699 0.000468101
10700 0.000468073
10701 0.000468046
10702 0.000468018
10703 0.000467991
10704 0.000467963
10705 0.000467936
10706 0.000467909
10707 0.000467882
10708 0.000467855
10709 0.000467828
10710 0.000467801
10711 0.000467774
10712 0.000467747
10713 0.000467721
10714 0.000467695
10715 0.000467668
10716 0.000467642
10717 0.000467616
10718 0.00046759
10719 0.000467564
10720 0.000467539
10721 0.000467513
10722 0.000467487
10723 0.000467462
10724 0.000467437
10725 0.000467412
10726 0.000467387
10727 0.000467362
10728 0.000467337
10729 0.000467312
10730 0.000467288
10731 0.000467263
10732 0.000467239
10733 0.000467215
10734 0.000467191
10735 0.000467167
10736 0.000467143
10737 0.00046712
10738 0.000467096
10739 0.000467073
10740 0.00046705
10741 0.000467026
10742 0.000467003
10743 0.00046698
10744 0.000466958
10745 0.000466935
10746 0.000466912
10747 0.00046689
10748 0.000466868
10749 0.000466846
10750 0.000466824
10751 0.000466802
10752 0.00046678
10753 0.000466758
10754 0.000466737
10755 0.000466715
10756 0.000466694
10757 0.000466672
10758 0.000466651
10759 0.00046663
10760 0.000466609
10761 0.000466588
10762 0.000466568
10763 0.000466547
10764 0.000466527
10765 0.000466506
10766 0.000466486
10767 0.000466466
10768 0.000466445
10769 0.000466425
10770 0.000466405
10771 0.000466385
10772 0.000466366
10773 0.000466346
10774 0.000466326
10775 0.000466307
10776 0.000466287
10777 0.000466268
10778 0.000466248
10779 0.000466229
10780 0.00046621
10781 0.000466191
10782 0.000466172
10783 0.000466153
10784 0.000466134
10785 0.000466115
10786 0.000466096
10787 0.000466077
10788 0.000466058
10789 0.000466039
10790 0.00046602
10791 0.000466002
10792 0.000465983
10793 0.000465964
10794 0.000465946
10795 0.000465927
10796 0.000465909
10797 0.00046589
10798 0.000465871
10799 0.000465853
10800 0.000465834
10801 0.000465816
10802 0.000465797
10803 0.000465779
10804 0.00046576
10805 0.000465741
10806 0.000465723
10807 0.000465704
10808 0.000465686
10809 0.000465667
10810 0.000465648
10811 0.00046563
10812 0.000465611
10813 0.000465592
10814 0.000465573
10815 0.000465554
10816 0.000465536
10817 0.000465517
10818 0.000465498
10819 0.000465479
10820 0.00046546
10821 0.00046544
10822 0.000465421
10823 0.000465402
10824 0.000465383
10825 0.000465363
10826 0.000465344
10827 0.000465324
10828 0.000465305
10829 0.000465285
10830 0.000465265
10831 0.000465245
10832 0.000465225
10833 0.000465205
10834 0.000465185
10835 0.000465165
10836 0.000465145
10837 0.000465124
10838 0.000465104
10839 0.000465083
10840 0.000465062
10841 0.000465042
10842 0.000465021
10843 0.000465
10844 0.000464979
10845 0.000464957
10846 0.000464936
10847 0.000464914
10848 0.000464893
10849 0.000464871
10850 0.000464849
10851 0.000464827
10852 0.000464805
10853 0.000464783
10854 0.000464761
10855 0.000464738
10856 0.000464715
10857 0.000464693
10858 0.00046467
10859 0.000464647
10860 0.000464624
10861 0.0004646
10862 0.000464577
10863 0.000464553
10864 0.00046453
10865 0.000464506
10866 0.000464482
10867 0.000464458
10868 0.000464434
10869 0.000464409
10870 0.000464385
10871 0.00046436
10872 0.000464335
10873 0.00046431
10874 0.000464285
10875 0.00046426
10876 0.000464235
10877 0.000464209
10878 0.000464184
10879 0.000464158
10880 0.000464132
10881 0.000464106
10882 0.00046408
10883 0.000464053
10884 0.000464027
10885 0.000464
10886 0.000463973
10887 0.000463947
10888 0.00046392
10889 0.000463892
10890 0.000463865
10891 0.000463838
10892 0.00046381
10893 0.000463783
10894 0.000463755
10895 0.000463727
10896 0.000463699
10897 0.000463671
10898 0.000463643
10899 0.000463614
10900 0.000463586
10901 0.000463557
10902 0.000463528
10903 0.000463499
10904 0.00046347
10905 0.000463441
10906 0.000463412
10907 0.000463383
10908 0.000463354
10909 0.000463324
10910 0.000463294
10911 0.000463265
10912 0.000463235
10913 0.000463205
10914 0.000463175
10915 0.000463145
10916 0.000463115
10917 0.000463085
10918 0.000463054
10919 0.000463024
10920 0.000462993
10921 0.000462963
10922 0.000462932
10923 0.000462902
10924 0.000462871
10925 0.00046284
10926 0.000462809
10927 0.000462778
10928 0.000462747
10929 0.000462716
10930 0.000462685
10931 0.000462654
10932 0.000462622
10933 0.000462591
10934 0.00046256
10935 0.000462528
10936 0.000462497
10937 0.000462466
10938 0.000462434
10939 0.000462403
10940 0.000462371
10941 0.00046234
10942 0.000462308
10943 0.000462276
10944 0.000462245
10945 0.000462213
10946 0.000462181
10947 0.00046215
10948 0.000462118
10949 0.000462086
10950 0.000462055
10951 0.000462023
10952 0.000461991
10953 0.00046196
10954 0.000461928
10955 0.000461896
10956 0.000461865
10957 0.000461833
10958 0.000461802
10959 0.00046177
10960 0.000461738
10961 0.000461707
10962 0.000461675
10963 0.000461644
10964 0.000461612
10965 0.000461581
10966 0.00046155
10967 0.000461518
10968 0.000461487
10969 0.000461456
10970 0.000461424
10971 0.000461393
10972 0.000461362
10973 0.000461331
10974 0.0004613
10975 0.000461269
10976 0.000461238
10977 0.000461207
10978 0.000461176
10979 0.000461146
10980 0.000461115
10981 0.000461084
10982 0.000461054
10983 0.000461023
10984 0.000460993
10985 0.000460962
10986 0.000460932
10987 0.000460902
10988 0.000460872
10989 0.000460842
10990 0.000460812
10991 0.000460782
10992 0.000460752
10993 0.000460722
10994 0.000460692
10995 0.000460663
10996 0.000460633
10997 0.000460604
10998 0.000460574
10999 0.000460545
11000 0.000460516
11001 0.000460487
11002 0.000460458
11003 0.000460429
11004 0.0004604
11005 0.000460371
11006 0.000460342
11007 0.000460314
11008 0.000460285
11009 0.000460257
11010 0.000460229
11011 0.0004602
11012 0.000460172
11013 0.000460144
11014 0.000460116
11015 0.000460088
11016 0.000460061
11017 0.000460033
11018 0.000460005
11019 0.000459978
11020 0.00045995
11021 0.000459923
11022 0.000459896
11023 0.000459868
11024 0.000459841
11025 0.000459814
11026 0.000459787
11027 0.000459761
11028 0.000459734
11029 0.000459707
11030 0.000459681
11031 0.000459654
11032 0.000459628
11033 0.000459601
11034 0.000459575
11035 0.000459549
11036 0.000459523
11037 0.000459497
11038 0.000459471
11039 0.000459445
11040 0.000459419
11041 0.000459393
11042 0.000459368
11043 0.000459342
11044 0.000459317
11045 0.000459291
11046 0.000459266
11047 0.000459241
11048 0.000459215
11049 0.00045919
11050 0.000459165
11051 0.00045914
11052 0.000459115
11053 0.00045909
11054 0.000459065
11055 0.000459041
11056 0.000459016
11057 0.000458991
11058 0.000458967
11059 0.000458942
11060 0.000458917
11061 0.000458893
11062 0.000458869
11063 0.000458844
11064 0.00045882
11065 0.000458796
11066 0.000458771
11067 0.000458747
11068 0.000458723
11069 0.000458699
11070 0.000458675
11071 0.000458651
11072 0.000458627
11073 0.000458603
11074 0.000458579
11075 0.000458555
11076 0.000458531
11077 0.000458507
11078 0.000458483
11079 0.000458459
11080 0.000458435
11081 0.000458412
11082 0.000458388
11083 0.000458364
11084 0.00045834
11085 0.000458317
11086 0.000458293
11087 0.000458269
11088 0.000458246
11089 0.000458222
11090 0.000458198
11091 0.000458175
11092 0.000458151
11093 0.000458128
11094 0.000458104
11095 0.00045808
11096 0.000458057
11097 0.000458033
11098 0.000458009
11099 0.000457986
11100 0.000457962
11101 0.000457939
11102 0.000457915
11103 0.000457891
11104 0.000457868
11105 0.000457844
11106 0.000457821
11107 0.000457797
11108 0.000457773
11109 0.00045775
11110 0.000457726
11111 0.000457702
11112 0.000457679
11113 0.000457655
11114 0.000457631
11115 0.000457607
11116 0.000457584
11117 0.00045756
11118 0.000457536
11119 0.000457512
11120 0.000457489
11121 0.000457465
11122 0.000457441
11123 0.000457417
11124 0.000457393
11125 0.000457369
11126 0.000457345
11127 0.000457322
11128 0.000457298
11129 0.000457274
11130 0.00045725
11131 0.000457226
11132 0.000457202
11133 0.000457178
11134 0.000457154
11135 0.00045713
11136 0.000457106
11137 0.000457081
11138 0.000457057
11139 0.000457033
11140 0.000457009
11141 0.000456985
11142 0.000456961
11143 0.000456937
11144 0.000456912
11145 0.000456888
11146 0.000456864
11147 0.00045684
11148 0.000456816
11149 0.000456791
11150 0.000456767
11151 0.000456743
11152 0.000456719
11153 0.000456694
11154 0.00045667
11155 0.000456646
11156 0.000456621
11157 0.000456597
11158 0.000456573
11159 0.000456548
11160 0.000456524
11161 0.0004565
11162 0.000456475
11163 0.000456451
11164 0.000456426
11165 0.000456402
11166 0.000456378
11167 0.000456353
11168 0.000456329
11169 0.000456305
11170 0.00045628
11171 0.000456256
11172 0.000456232
11173 0.000456207
11174 0.000456183
11175 0.000456159
11176 0.000456134
11177 0.00045611
11178 0.000456086
11179 0.000456062
11180 0.000456037
11181 0.000456013
11182 0.000455989
11183 0.000455965
11184 0.00045594
11185 0.000455916
11186 0.000455892
11187 0.000455868
11188 0.000455844
11189 0.00045582
11190 0.000455796
11191 0.000455772
11192 0.000455748
11193 0.000455724
11194 0.0004557
11195 0.000455676
11196 0.000455652
11197 0.000455628
11198 0.000455604
11199 0.000455581
11200 0.000455557
11201 0.000455533
11202 0.00045551
11203 0.000455486
11204 0.000455462
11205 0.000455439
11206 0.000455415
11207 0.000455392
11208 0.000455369
11209 0.000455345
11210 0.000455322
11211 0.000455299
11212 0.000455275
11213 0.000455252
11214 0.000455229
11215 0.000455206
11216 0.000455183
11217 0.00045516
11218 0.000455137
11219 0.000455114
11220 0.000455092
11221 0.000455069
11222 0.000455046
11223 0.000455023
11224 0.000455001
11225 0.000454978
11226 0.000454956
11227 0.000454933
11228 0.000454911
11229 0.000454889
11230 0.000454867
11231 0.000454844
11232 0.000454822
11233 0.0004548
11234 0.000454778
11235 0.000454756
11236 0.000454735
11237 0.000454713
11238 0.000454691
11239 0.000454669
11240 0.000454648
11241 0.000454626
11242 0.000454605
11243 0.000454583
11244 0.000454562
11245 0.000454541
11246 0.000454519
11247 0.000454498
11248 0.000454477
11249 0.000454456
11250 0.000454435
11251 0.000454414
11252 0.000454393
11253 0.000454372
11254 0.000454352
11255 0.000454331
11256 0.00045431
11257 0.00045429
11258 0.000454269
11259 0.000454249
11260 0.000454228
11261 0.000454208
11262 0.000454188
11263 0.000454168
11264 0.000454147
11265 0.000454127
11266 0.000454107
11267 0.000454087
11268 0.000454067
11269 0.000454047
11270 0.000454028
11271 0.000454008
11272 0.000453988
11273 0.000453968
11274 0.000453949
11275 0.000453929
11276 0.000453909
11277 0.00045389
11278 0.00045387
11279 0.000453851
11280 0.000453832
11281 0.000453812
11282 0.000453793
11283 0.000453774
11284 0.000453755
11285 0.000453735
11286 0.000453716
11287 0.000453697
11288 0.000453678
11289 0.000453659
11290 0.00045364
11291 0.000453621
11292 0.000453602
11293 0.000453583
11294 0.000453564
11295 0.000453545
11296 0.000453526
11297 0.000453507
11298 0.000453488
11299 0.00045347
11300 0.000453451
11301 0.000453432
11302 0.000453413
11303 0.000453394
11304 0.000453376
11305 0.000453357
11306 0.000453338
11307 0.000453319
11308 0.000453301
11309 0.000453282
11310 0.000453263
11311 0.000453244
11312 0.000453226
11313 0.000453207
11314 0.000453188
11315 0.000453169
11316 0.000453151
11317 0.000453132
11318 0.000453113
11319 0.000453094
11320 0.000453075
11321 0.000453057
11322 0.000453038
11323 0.000453019
11324 0.000453
11325 0.000452981
11326 0.000452962
11327 0.000452943
11328 0.000452924
11329 0.000452905
11330 0.000452886
11331 0.000452867
11332 0.000452848
11333 0.000452829
11334 0.000452809
11335 0.00045279
11336 0.000452771
11337 0.000452751
11338 0.000452732
11339 0.000452713
11340 0.000452693
11341 0.000452674
11342 0.000452654
11343 0.000452635
11344 0.000452615
11345 0.000452595
11346 0.000452576
11347 0.000452556
11348 0.000452536
11349 0.000452516
11350 0.000452496
11351 0.000452476
11352 0.000452456
11353 0.000452436
11354 0.000452416
11355 0.000452395
11356 0.000452375
11357 0.000452355
11358 0.000452334
11359 0.000452314
11360 0.000452293
11361 0.000452273
11362 0.000452252
11363 0.000452231
11364 0.00045221
11365 0.000452189
11366 0.000452168
11367 0.000452147
11368 0.000452126
11369 0.000452105
11370 0.000452084
11371 0.000452062
11372 0.000452041
11373 0.00045202
11374 0.000451998
11375 0.000451976
11376 0.000451955
11377 0.000451933
11378 0.000451911
11379 0.000451889
11380 0.000451867
11381 0.000451845
11382 0.000451823
11383 0.000451801
11384 0.000451778
11385 0.000451756
11386 0.000451733
11387 0.000451711
11388 0.000451688
11389 0.000451666
11390 0.000451643
11391 0.00045162
11392 0.000451597
11393 0.000451574
11394 0.000451551
11395 0.000451528
11396 0.000451505
11397 0.000451481
11398 0.000451458
11399 0.000451434
11400 0.000451411
11401 0.000451387
11402 0.000451364
11403 0.00045134
11404 0.000451316
11405 0.000451292
11406 0.000451268
11407 0.000451244
11408 0.00045122
11409 0.000451196
11410 0.000451172
11411 0.000451147
11412 0.000451123
11413 0.000451099
11414 0.000451074
11415 0.00045105
11416 0.000451025
11417 0.000451
11418 0.000450976
11419 0.000450951
11420 0.000450926
11421 0.000450901
11422 0.000450876
11423 0.000450851
11424 0.000450826
11425 0.000450801
11426 0.000450776
11427 0.00045075
11428 0.000450725
11429 0.0004507
11430 0.000450674
11431 0.000450649
11432 0.000450624
11433 0.000450598
11434 0.000450572
11435 0.000450547
11436 0.000450521
11437 0.000450495
11438 0.00045047
11439 0.000450444
11440 0.000450418
11441 0.000450392
11442 0.000450366
11443 0.000450341
11444 0.000450315
11445 0.000450289
11446 0.000450263
11447 0.000450237
11448 0.000450211
11449 0.000450184
11450 0.000450158
11451 0.000450132
11452 0.000450106
11453 0.00045008
11454 0.000450054
11455 0.000450028
11456 0.000450001
11457 0.000449975
11458 0.000449949
11459 0.000449923
11460 0.000449896
11461 0.00044987
11462 0.000449844
11463 0.000449818
11464 0.000449791
11465 0.000449765
11466 0.000449739
11467 0.000449712
11468 0.000449686
11469 0.00044966
11470 0.000449634
11471 0.000449607
11472 0.000449581
11473 0.000449555
11474 0.000449528
11475 0.000449502
11476 0.000449476
11477 0.00044945
11478 0.000449424
11479 0.000449397
11480 0.000449371
11481 0.000449345
11482 0.000449319
11483 0.000449293
11484 0.000449267
11485 0.00044924
11486 0.000449214
11487 0.000449188
11488 0.000449162
11489 0.000449136
11490 0.00044911
11491 0.000449084
11492 0.000449058
11493 0.000449032
11494 0.000449007
11495 0.000448981
11496 0.000448955
11497 0.000448929
11498 0.000448903
11499 0.000448878
11500 0.000448852
11501 0.000448826
11502 0.000448801
11503 0.000448775
11504 0.00044875
11505 0.000448724
11506 0.000448699
11507 0.000448673
11508 0.000448648
11509 0.000448622
11510 0.000448597
11511 0.000448572
11512 0.000448547
11513 0.000448521
11514 0.000448496
11515 0.000448471
11516 0.000448446
11517 0.000448421
11518 0.000448396
11519 0.000448371
11520 0.000448346
11521 0.000448322
11522 0.000448297
11523 0.000448272
11524 0.000448247
11525 0.000448223
11526 0.000448198
11527 0.000448173
11528 0.000448149
11529 0.000448124
11530 0.0004481
11531 0.000448076
11532 0.000448051
11533 0.000448027
11534 0.000448003
11535 0.000447979
11536 0.000447954
11537 0.00044793
11538 0.000447906
11539 0.000447882
11540 0.000447858
11541 0.000447834
11542 0.00044781
11543 0.000447787
11544 0.000447763
11545 0.000447739
11546 0.000447715
11547 0.000447692
11548 0.000447668
11549 0.000447644
11550 0.000447621
11551 0.000447597
11552 0.000447574
11553 0.000447551
11554 0.000447527
11555 0.000447504
11556 0.000447481
11557 0.000447457
11558 0.000447434
11559 0.000447411
11560 0.000447388
11561 0.000447365
11562 0.000447342
11563 0.000447319
11564 0.000447296
11565 0.000447273
11566 0.00044725
11567 0.000447227
11568 0.000447205
11569 0.000447182
11570 0.000447159
11571 0.000447136
11572 0.000447114
11573 0.000447091
11574 0.000447069
11575 0.000447046
11576 0.000447023
11577 0.000447001
11578 0.000446978
11579 0.000446956
11580 0.000446934
11581 0.000446911
11582 0.000446889
11583 0.000446867
11584 0.000446844
11585 0.000446822
11586 0.0004468
11587 0.000446778
11588 0.000446755
11589 0.000446733
11590 0.000446711
11591 0.000446689
11592 0.000446667
11593 0.000446645
11594 0.000446623
11595 0.000446601
11596 0.000446579
11597 0.000446557
11598 0.000446535
11599 0.000446513
11600 0.000446491
11601 0.000446469
11602 0.000446447
11603 0.000446425
11604 0.000446403
11605 0.000446381
11606 0.00044636
11607 0.000446338
11608 0.000446316
11609 0.000446294
11610 0.000446272
11611 0.000446251
11612 0.000446229
11613 0.000446207
11614 0.000446185
11615 0.000446164
11616 0.000446142
11617 0.00044612
11618 0.000446099
11619 0.000446077
11620 0.000446055
11621 0.000446034
11622 0.000446012
11623 0.00044599
11624 0.000445969
11625 0.000445947
11626 0.000445925
11627 0.000445904
11628 0.000445882
11629 0.000445861
11630 0.000445839
11631 0.000445817
11632 0.000445796
11633 0.000445774
11634 0.000445753
11635 0.000445731
11636 0.00044571
11637 0.000445688
11638 0.000445667
11639 0.000445645
11640 0.000445624
11641 0.000445602
11642 0.000445581
11643 0.000445559
11644 0.000445537
11645 0.000445516
11646 0.000445495
11647 0.000445473
11648 0.000445452
11649 0.00044543
11650 0.000445409
11651 0.000445387
11652 0.000445366
11653 0.000445344
11654 0.000445323
11655 0.000445301
11656 0.00044528
11657 0.000445258
11658 0.000445237
11659 0.000445216
11660 0.000445194
11661 0.000445173
11662 0.000445151
11663 0.00044513
11664 0.000445109
11665 0.000445087
11666 0.000445066
11667 0.000445045
11668 0.000445023
11669 0.000445002
11670 0.000444981
11671 0.000444959
11672 0.000444938
11673 0.000444917
11674 0.000444895
11675 0.000444874
11676 0.000444853
11677 0.000444832
11678 0.00044481
11679 0.000444789
11680 0.000444768
11681 0.000444747
11682 0.000444726
11683 0.000444704
11684 0.000444683
11685 0.000444662
11686 0.000444641
11687 0.00044462
11688 0.000444599
11689 0.000444578
11690 0.000444557
11691 0.000444535
11692 0.000444514
11693 0.000444493
11694 0.000444472
11695 0.000444451
11696 0.00044443
11697 0.00044441
11698 0.000444389
11699 0.000444368
11700 0.000444347
11701 0.000444326
11702 0.000444305
11703 0.000444284
11704 0.000444264
11705 0.000444243
11706 0.000444222
11707 0.000444201
11708 0.000444181
11709 0.00044416
11710 0.000444139
11711 0.000444119
11712 0.000444098
11713 0.000444077
11714 0.000444057
11715 0.000444036
11716 0.000444016
11717 0.000443995
11718 0.000443975
11719 0.000443955
11720 0.000443934
11721 0.000443914
11722 0.000443894
11723 0.000443873
11724 0.000443853
11725 0.000443833
11726 0.000443813
11727 0.000443792
11728 0.000443772
11729 0.000443752
11730 0.000443732
11731 0.000443712
11732 0.000443692
11733 0.000443672
11734 0.000443652
11735 0.000443632
11736 0.000443612
11737 0.000443592
11738 0.000443573
11739 0.000443553
11740 0.000443533
11741 0.000443513
11742 0.000443494
11743 0.000443474
11744 0.000443454
11745 0.000443435
11746 0.000443415
11747 0.000443396
11748 0.000443376
11749 0.000443357
11750 0.000443337
11751 0.000443318
11752 0.000443299
11753 0.000443279
11754 0.00044326
11755 0.000443241
11756 0.000443221
11757 0.000443202
11758 0.000443183
11759 0.000443164
11760 0.000443145
11761 0.000443126
11762 0.000443107
11763 0.000443088
11764 0.000443069
11765 0.00044305
11766 0.000443031
11767 0.000443012
11768 0.000442993
11769 0.000442974
11770 0.000442956
11771 0.000442937
11772 0.000442918
11773 0.000442899
11774 0.000442881
11775 0.000442862
11776 0.000442844
11777 0.000442825
11778 0.000442806
11779 0.000442788
11780 0.000442769
11781 0.000442751
11782 0.000442732
11783 0.000442714
11784 0.000442696
11785 0.000442677
11786 0.000442659
11787 0.00044264
11788 0.000442622
11789 0.000442604
11790 0.000442586
11791 0.000442567
11792 0.000442549
11793 0.000442531
11794 0.000442513
11795 0.000442494
11796 0.000442476
11797 0.000442458
11798 0.00044244
11799 0.000442422
11800 0.000442404
11801 0.000442386
11802 0.000442367
11803 0.000442349
11804 0.000442331
11805 0.000442313
11806 0.000442295
11807 0.000442277
11808 0.000442259
11809 0.000442241
11810 0.000442223
11811 0.000442205
11812 0.000442187
11813 0.000442169
11814 0.000442151
11815 0.000442133
11816 0.000442115
11817 0.000442097
11818 0.000442079
11819 0.000442061
11820 0.000442043
11821 0.000442025
11822 0.000442007
11823 0.000441989
11824 0.000441971
11825 0.000441953
11826 0.000441935
11827 0.000441917
11828 0.000441899
11829 0.000441881
11830 0.000441863
11831 0.000441845
11832 0.000441826
11833 0.000441808
11834 0.00044179
11835 0.000441772
11836 0.000441754
11837 0.000441736
11838 0.000441718
11839 0.000441699
11840 0.000441681
11841 0.000441663
11842 0.000441645
11843 0.000441626
11844 0.000441608
11845 0.00044159
11846 0.000441571
11847 0.000441553
11848 0.000441535
11849 0.000441516
11850 0.000441498
11851 0.000441479
11852 0.000441461
11853 0.000441442
11854 0.000441424
11855 0.000441405
11856 0.000441387
11857 0.000441368
11858 0.000441349
11859 0.000441331
11860 0.000441312
11861 0.000441293
11862 0.000441274
11863 0.000441256
11864 0.000441237
11865 0.000441218
11866 0.000441199
11867 0.00044118
11868 0.000441161
11869 0.000441142
11870 0.000441123
11871 0.000441104
11872 0.000441085
11873 0.000441065
11874 0.000441046
11875 0.000441027
11876 0.000441008
11877 0.000440988
11878 0.000440969
11879 0.00044095
11880 0.00044093
11881 0.000440911
11882 0.000440891
11883 0.000440871
11884 0.000440852
11885 0.000440832
11886 0.000440812
11887 0.000440793
11888 0.000440773
11889 0.000440753
11890 0.000440733
11891 0.000440713
11892 0.000440693
11893 0.000440673
11894 0.000440653
11895 0.000440633
11896 0.000440613
11897 0.000440593
11898 0.000440573
11899 0.000440552
11900 0.000440532
11901 0.000440512
11902 0.000440491
11903 0.000440471
11904 0.00044045
11905 0.00044043
11906 0.000440409
11907 0.000440389
11908 0.000440368
11909 0.000440347
11910 0.000440327
11911 0.000440306
11912 0.000440285
11913 0.000440264
11914 0.000440243
11915 0.000440222
11916 0.000440201
11917 0.00044018
11918 0.000440159
11919 0.000440138
11920 0.000440117
11921 0.000440096
11922 0.000440075
11923 0.000440053
11924 0.000440032
11925 0.000440011
11926 0.000439989
11927 0.000439968
11928 0.000439946
11929 0.000439925
11930 0.000439903
11931 0.000439882
11932 0.00043986
11933 0.000439839
11934 0.000439817
11935 0.000439795
11936 0.000439774
11937 0.000439752
11938 0.00043973
11939 0.000439708
11940 0.000439686
11941 0.000439664
11942 0.000439643
11943 0.000439621
11944 0.000439599
11945 0.000439577
11946 0.000439555
11947 0.000439533
11948 0.000439511
11949 0.000439488
11950 0.000439466
11951 0.000439444
11952 0.000439422
11953 0.0004394
11954 0.000439378
11955 0.000439355
11956 0.000439333
11957 0.000439311
11958 0.000439289
11959 0.000439266
11960 0.000439244
11961 0.000439222
11962 0.000439199
11963 0.000439177
11964 0.000439155
11965 0.000439132
11966 0.00043911
11967 0.000439087
11968 0.000439065
11969 0.000439043
11970 0.00043902
11971 0.000438998
11972 0.000438975
11973 0.000438953
11974 0.00043893
11975 0.000438908
11976 0.000438885
11977 0.000438863
11978 0.00043884
11979 0.000438818
11980 0.000438795
11981 0.000438773
11982 0.00043875
11983 0.000438728
11984 0.000438705
11985 0.000438683
11986 0.00043866
11987 0.000438638
11988 0.000438615
11989 0.000438593
11990 0.00043857
11991 0.000438548
11992 0.000438525
11993 0.000438503
11994 0.00043848
11995 0.000438458
11996 0.000438435
11997 0.000438413
11998 0.00043839
11999 0.000438368
12000 0.000438345
12001 0.000438323
12002 0.0004383
12003 0.000438278
12004 0.000438256
12005 0.000438233
12006 0.000438211
12007 0.000438188
12008 0.000438166
12009 0.000438144
12010 0.000438122
12011 0.000438099
12012 0.000438077
12013 0.000438055
12014 0.000438032
12015 0.00043801
12016 0.000437988
12017 0.000437966
12018 0.000437944
12019 0.000437921
12020 0.000437899
12021 0.000437877
12022 0.000437855
12023 0.000437833
12024 0.000437811
12025 0.000437789
12026 0.000437767
12027 0.000437745
12028 0.000437723
12029 0.000437701
12030 0.000437679
12031 0.000437657
12032 0.000437635
12033 0.000437613
12034 0.000437592
12035 0.00043757
12036 0.000437548
12037 0.000437526
12038 0.000437504
12039 0.000437483
12040 0.000437461
12041 0.000437439
12042 0.000437418
12043 0.000437396
12044 0.000437374
12045 0.000437353
12046 0.000437331
12047 0.00043731
12048 0.000437288
12049 0.000437267
12050 0.000437245
12051 0.000437224
12052 0.000437203
12053 0.000437181
12054 0.00043716
12055 0.000437139
12056 0.000437117
12057 0.000437096
12058 0.000437075
12059 0.000437054
12060 0.000437032
12061 0.000437011
12062 0.00043699
12063 0.000436969
12064 0.000436948
12065 0.000436927
12066 0.000436906
12067 0.000436885
12068 0.000436864
12069 0.000436843
12070 0.000436822
12071 0.000436801
12072 0.00043678
12073 0.000436759
12074 0.000436739
12075 0.000436718
12076 0.000436697
12077 0.000436676
12078 0.000436656
12079 0.000436635
12080 0.000436614
12081 0.000436594
12082 0.000436573
12083 0.000436552
12084 0.000436532
12085 0.000436511
12086 0.000436491
12087 0.00043647
12088 0.00043645
12089 0.000436429
12090 0.000436409
12091 0.000436388
12092 0.000436368
12093 0.000436348
12094 0.000436327
12095 0.000436307
12096 0.000436287
12097 0.000436266
12098 0.000436246
12099 0.000436226
12100 0.000436206
12101 0.000436185
12102 0.000436165
12103 0.000436145
12104 0.000436125
12105 0.000436105
12106 0.000436085
12107 0.000436064
12108 0.000436044
12109 0.000436024
12110 0.000436004
12111 0.000435984
12112 0.000435964
12113 0.000435944
12114 0.000435924
12115 0.000435904
12116 0.000435884
12117 0.000435865
12118 0.000435845
12119 0.000435825
12120 0.000435805
12121 0.000435785
12122 0.000435765
12123 0.000435745
12124 0.000435726
12125 0.000435706
12126 0.000435686
12127 0.000435666
12128 0.000435646
12129 0.000435627
12130 0.000435607
12131 0.000435587
12132 0.000435568
12133 0.000435548
12134 0.000435528
12135 0.000435509
12136 0.000435489
12137 0.000435469
12138 0.00043545
12139 0.00043543
12140 0.000435411
12141 0.000435391
12142 0.000435372
12143 0.000435352
12144 0.000435332
12145 0.000435313
12146 0.000435293
12147 0.000435274
12148 0.000435255
12149 0.000435235
12150 0.000435216
12151 0.000435196
12152 0.000435177
12153 0.000435157
12154 0.000435138
12155 0.000435119
12156 0.000435099
12157 0.00043508
12158 0.00043506
12159 0.000435041
12160 0.000435022
12161 0.000435003
12162 0.000434983
12163 0.000434964
12164 0.000434945
12165 0.000434925
12166 0.000434906
12167 0.000434887
12168 0.000434868
12169 0.000434848
12170 0.000434829
12171 0.00043481
12172 0.000434791
12173 0.000434772
12174 0.000434753
12175 0.000434733
12176 0.000434714
12177 0.000434695
12178 0.000434676
12179 0.000434657
12180 0.000434638
12181 0.000434619
12182 0.0004346
12183 0.000434581
12184 0.000434562
12185 0.000434543
12186 0.000434524
12187 0.000434505
12188 0.000434486
12189 0.000434467
12190 0.000434448
12191 0.000434429
12192 0.00043441
12193 0.000434391
12194 0.000434372
12195 0.000434354
12196 0.000434335
12197 0.000434316
12198 0.000434297
12199 0.000434278
12200 0.00043426
12201 0.000434241
12202 0.000434222
12203 0.000434203
12204 0.000434185
12205 0.000434166
12206 0.000434147
12207 0.000434128
12208 0.00043411
12209 0.000434091
12210 0.000434073
12211 0.000434054
12212 0.000434035
12213 0.000434017
12214 0.000433998
12215 0.00043398
12216 0.000433961
12217 0.000433943
12218 0.000433924
12219 0.000433906
12220 0.000433887
12221 0.000433869
12222 0.00043385
12223 0.000433832
12224 0.000433814
12225 0.000433795
12226 0.000433777
12227 0.000433759
12228 0.00043374
12229 0.000433722
12230 0.000433704
12231 0.000433686
12232 0.000433667
12233 0.000433649
12234 0.000433631
12235 0.000433613
12236 0.000433595
12237 0.000433577
12238 0.000433559
12239 0.00043354
12240 0.000433522
12241 0.000433504
12242 0.000433486
12243 0.000433468
12244 0.00043345
12245 0.000433432
12246 0.000433414
12247 0.000433397
12248 0.000433379
12249 0.000433361
12250 0.000433343
12251 0.000433325
12252 0.000433307
12253 0.000433289
12254 0.000433272
12255 0.000433254
12256 0.000433236
12257 0.000433218
12258 0.000433201
12259 0.000433183
12260 0.000433165
12261 0.000433148
12262 0.00043313
12263 0.000433112
12264 0.000433095
12265 0.000433077
12266 0.00043306
12267 0.000433042
12268 0.000433025
12269 0.000433007
12270 0.00043299
12271 0.000432972
12272 0.000432955
12273 0.000432937
12274 0.00043292
12275 0.000432903
12276 0.000432885
12277 0.000432868
12278 0.00043285
12279 0.000432833
12280 0.000432816
12281 0.000432799
12282 0.000432781
12283 0.000432764
12284 0.000432747
12285 0.000432729
12286 0.000432712
12287 0.000432695
12288 0.000432678
12289 0.000432661
12290 0.000432644
12291 0.000432626
12292 0.000432609
12293 0.000432592
12294 0.000432575
12295 0.000432558
12296 0.000432541
12297 0.000432524
12298 0.000432507
12299 0.00043249
12300 0.000432473
12301 0.000432455
12302 0.000432438
12303 0.000432421
12304 0.000432404
12305 0.000432387
12306 0.00043237
12307 0.000432353
12308 0.000432336
12309 0.000432319
12310 0.000432303
12311 0.000432286
12312 0.000432269
12313 0.000432252
12314 0.000432235
12315 0.000432218
12316 0.000432201
12317 0.000432184
12318 0.000432167
12319 0.00043215
12320 0.000432133
12321 0.000432116
12322 0.000432099
12323 0.000432082
12324 0.000432065
12325 0.000432048
12326 0.000432032
12327 0.000432015
12328 0.000431998
12329 0.000431981
12330 0.000431964
12331 0.000431947
12332 0.00043193
12333 0.000431913
12334 0.000431896
12335 0.000431879
12336 0.000431862
12337 0.000431845
12338 0.000431828
12339 0.000431811
12340 0.000431794
12341 0.000431777
12342 0.00043176
12343 0.000431743
12344 0.000431726
12345 0.000431709
12346 0.000431692
12347 0.000431675
12348 0.000431658
12349 0.000431641
12350 0.000431624
12351 0.000431607
12352 0.00043159
12353 0.000431573
12354 0.000431556
12355 0.000431539
12356 0.000431521
12357 0.000431504
12358 0.000431487
12359 0.00043147
12360 0.000431453
12361 0.000431435
12362 0.000431418
12363 0.000431401
12364 0.000431384
12365 0.000431366
12366 0.000431349
12367 0.000431332
12368 0.000431315
12369 0.000431297
12370 0.00043128
12371 0.000431262
12372 0.000431245
12373 0.000431228
12374 0.00043121
12375 0.000431193
12376 0.000431175
12377 0.000431158
12378 0.00043114
12379 0.000431123
12380 0.000431105
12381 0.000431087
12382 0.00043107
12383 0.000431052
12384 0.000431035
12385 0.000431017
12386 0.000430999
12387 0.000430981
12388 0.000430964
12389 0.000430946
12390 0.000430928
12391 0.00043091
12392 0.000430892
12393 0.000430875
12394 0.000430857
12395 0.000430839
12396 0.000430821
12397 0.000430803
12398 0.000430785
12399 0.000430767
12400 0.000430749
12401 0.000430731
12402 0.000430713
12403 0.000430695
12404 0.000430676
12405 0.000430658
12406 0.00043064
12407 0.000430622
12408 0.000430604
12409 0.000430585
12410 0.000430567
12411 0.000430549
12412 0.00043053
12413 0.000430512
12414 0.000430494
12415 0.000430475
12416 0.000430457
12417 0.000430438
12418 0.00043042
12419 0.000430401
12420 0.000430383
12421 0.000430364
12422 0.000430346
12423 0.000430327
12424 0.000430308
12425 0.00043029
12426 0.000430271
12427 0.000430252
12428 0.000430233
12429 0.000430215
12430 0.000430196
12431 0.000430177
12432 0.000430158
12433 0.000430139
12434 0.000430121
12435 0.000430102
12436 0.000430083
12437 0.000430064
12438 0.000430045
12439 0.000430026
12440 0.000430007
12441 0.000429988
12442 0.000429969
12443 0.00042995
12444 0.000429931
12445 0.000429911
12446 0.000429892
12447 0.000429873
12448 0.000429854
12449 0.000429835
12450 0.000429816
12451 0.000429796
12452 0.000429777
12453 0.000429758
12454 0.000429738
12455 0.000429719
12456 0.0004297
12457 0.00042968
12458 0.000429661
12459 0.000429642
12460 0.000429622
12461 0.000429603
12462 0.000429584
12463 0.000429564
12464 0.000429545
12465 0.000429525
12466 0.000429506
12467 0.000429486
12468 0.000429467
12469 0.000429447
12470 0.000429428
12471 0.000429408
12472 0.000429389
12473 0.000429369
12474 0.00042935
12475 0.00042933
12476 0.00042931
12477 0.000429291
12478 0.000429271
12479 0.000429252
12480 0.000429232
12481 0.000429212
12482 0.000429193
12483 0.000429173
12484 0.000429153
12485 0.000429134
12486 0.000429114
12487 0.000429094
12488 0.000429075
12489 0.000429055
12490 0.000429035
12491 0.000429016
12492 0.000428996
12493 0.000428976
12494 0.000428956
12495 0.000428937
12496 0.000428917
12497 0.000428897
12498 0.000428878
12499 0.000428858
12500 0.000428838
12501 0.000428819
12502 0.000428799
12503 0.000428779
12504 0.000428759
12505 0.00042874
12506 0.00042872
12507 0.0004287
12508 0.000428681
12509 0.000428661
12510 0.000428641
12511 0.000428621
12512 0.000428602
12513 0.000428582
12514 0.000428562
12515 0.000428543
12516 0.000428523
12517 0.000428503
12518 0.000428484
12519 0.000428464
12520 0.000428444
12521 0.000428425
12522 0.000428405
12523 0.000428386
12524 0.000428366
12525 0.000428346
12526 0.000428327
12527 0.000428307
12528 0.000428288
12529 0.000428268
12530 0.000428248
12531 0.000428229
12532 0.000428209
12533 0.00042819
12534 0.00042817
12535 0.000428151
12536 0.000428131
12537 0.000428112
12538 0.000428092
12539 0.000428073
12540 0.000428053
12541 0.000428034
12542 0.000428015
12543 0.000427995
12544 0.000427976
12545 0.000427956
12546 0.000427937
12547 0.000427918
12548 0.000427898
12549 0.000427879
12550 0.00042786
12551 0.00042784
12552 0.000427821
12553 0.000427802
12554 0.000427782
12555 0.000427763
12556 0.000427744
12557 0.000427725
12558 0.000427705
12559 0.000427686
12560 0.000427667
12561 0.000427648
12562 0.000427629
12563 0.00042761
12564 0.00042759
12565 0.000427571
12566 0.000427552
12567 0.000427533
12568 0.000427514
12569 0.000427495
12570 0.000427476
12571 0.000427457
12572 0.000427438
12573 0.000427419
12574 0.0004274
12575 0.000427381
12576 0.000427362
12577 0.000427343
12578 0.000427324
12579 0.000427306
12580 0.000427287
12581 0.000427268
12582 0.000427249
12583 0.00042723
12584 0.000427211
12585 0.000427193
12586 0.000427174
12587 0.000427155
12588 0.000427136
12589 0.000427118
12590 0.000427099
12591 0.00042708
12592 0.000427062
12593 0.000427043
12594 0.000427024
12595 0.000427006
12596 0.000426987
12597 0.000426969
12598 0.00042695
12599 0.000426931
12600 0.000426913
12601 0.000426894
12602 0.000426876
12603 0.000426857
12604 0.000426839
12605 0.000426821
12606 0.000426802
12607 0.000426784
12608 0.000426765
12609 0.000426747
12610 0.000426729
12611 0.00042671
12612 0.000426692
12613 0.000426673
12614 0.000426655
12615 0.000426637
12616 0.000426619
12617 0.0004266
12618 0.000426582
12619 0.000426564
12620 0.000426546
12621 0.000426527
12622 0.000426509
12623 0.000426491
12624 0.000426473
12625 0.000426455
12626 0.000426437
12627 0.000426419
12628 0.0004264
12629 0.000426382
12630 0.000426364
12631 0.000426346
12632 0.000426328
12633 0.00042631
12634 0.000426292
12635 0.000426274
12636 0.000426256
12637 0.000426238
12638 0.00042622
12639 0.000426202
12640 0.000426184
12641 0.000426166
12642 0.000426149
12643 0.000426131
12644 0.000426113
12645 0.000426095
12646 0.000426077
12647 0.000426059
12648 0.000426041
12649 0.000426024
12650 0.000426006
12651 0.000425988
12652 0.00042597
12653 0.000425953
12654 0.000425935
12655 0.000425917
12656 0.000425899
12657 0.000425882
12658 0.000425864
12659 0.000425846
12660 0.000425829
12661 0.000425811
12662 0.000425793
12663 0.000425776
12664 0.000425758
12665 0.000425741
12666 0.000425723
12667 0.000425706
12668 0.000425688
12669 0.00042567
12670 0.000425653
12671 0.000425635
12672 0.000425618
12673 0.0004256
12674 0.000425583
12675 0.000425565
12676 0.000425548
12677 0.000425531
12678 0.000425513
12679 0.000425496
12680 0.000425478
12681 0.000425461
12682 0.000425444
12683 0.000425426
12684 0.000425409
12685 0.000425392
12686 0.000425374
12687 0.000425357
12688 0.00042534
12689 0.000425322
12690 0.000425305
12691 0.000425288
12692 0.000425271
12693 0.000425253
12694 0.000425236
12695 0.000425219
12696 0.000425202
12697 0.000425185
12698 0.000425167
12699 0.00042515
12700 0.000425133
12701 0.000425116
12702 0.000425099
12703 0.000425082
12704 0.000425065
12705 0.000425048
12706 0.000425031
12707 0.000425014
12708 0.000424997
12709 0.00042498
12710 0.000424963
12711 0.000424946
12712 0.000424929
12713 0.000424912
12714 0.000424895
12715 0.000424878
12716 0.000424861
12717 0.000424844
12718 0.000424827
12719 0.00042481
12720 0.000424793
12721 0.000424776
12722 0.00042476
12723 0.000424743
12724 0.000424726
12725 0.000424709
12726 0.000424692
12727 0.000424676
12728 0.000424659
12729 0.000424642
12730 0.000424625
12731 0.000424609
12732 0.000424592
12733 0.000424575
12734 0.000424559
12735 0.000424542
12736 0.000424525
12737 0.000424509
12738 0.000424492
12739 0.000424475
12740 0.000424459
12741 0.000424442
12742 0.000424426
12743 0.000424409
12744 0.000424392
12745 0.000424376
12746 0.000424359
12747 0.000424343
12748 0.000424326
12749 0.00042431
12750 0.000424294
12751 0.000424277
12752 0.000424261
12753 0.000424244
12754 0.000424228
12755 0.000424211
12756 0.000424195
12757 0.000424179
12758 0.000424162
12759 0.000424146
12760 0.00042413
12761 0.000424113
12762 0.000424097
12763 0.000424081
12764 0.000424064
12765 0.000424048
12766 0.000424032
12767 0.000424016
12768 0.000423999
12769 0.000423983
12770 0.000423967
12771 0.000423951
12772 0.000423935
12773 0.000423919
12774 0.000423902
12775 0.000423886
12776 0.00042387
12777 0.000423854
12778 0.000423838
12779 0.000423822
12780 0.000423806
12781 0.00042379
12782 0.000423773
12783 0.000423757
12784 0.000423741
12785 0.000423725
12786 0.000423709
12787 0.000423693
12788 0.000423677
12789 0.000423661
12790 0.000423645
12791 0.000423629
12792 0.000423613
12793 0.000423597
12794 0.000423581
12795 0.000423566
12796 0.00042355
12797 0.000423534
12798 0.000423518
12799 0.000423502
12800 0.000423486
12801 0.00042347
12802 0.000423454
12803 0.000423438
12804 0.000423422
12805 0.000423407
12806 0.000423391
12807 0.000423375
12808 0.000423359
12809 0.000423343
12810 0.000423327
12811 0.000423311
12812 0.000423296
12813 0.00042328
12814 0.000423264
12815 0.000423248
12816 0.000423232
12817 0.000423217
12818 0.000423201
12819 0.000423185
12820 0.000423169
12821 0.000423153
12822 0.000423138
12823 0.000423122
12824 0.000423106
12825 0.00042309
12826 0.000423074
12827 0.000423059
12828 0.000423043
12829 0.000423027
12830 0.000423011
12831 0.000422996
12832 0.00042298
12833 0.000422964
12834 0.000422948
12835 0.000422932
12836 0.000422917
12837 0.000422901
12838 0.000422885
12839 0.000422869
12840 0.000422854
12841 0.000422838
12842 0.000422822
12843 0.000422806
12844 0.00042279
12845 0.000422775
12846 0.000422759
12847 0.000422743
12848 0.000422727
12849 0.000422711
12850 0.000422696
12851 0.00042268
12852 0.000422664
12853 0.000422648
12854 0.000422632
12855 0.000422616
12856 0.000422601
12857 0.000422585
12858 0.000422569
12859 0.000422553
12860 0.000422537
12861 0.000422521
12862 0.000422505
12863 0.000422489
12864 0.000422474
12865 0.000422458
12866 0.000422442
12867 0.000422426
12868 0.00042241
12869 0.000422394
12870 0.000422378
12871 0.000422362
12872 0.000422346
12873 0.00042233
12874 0.000422314
12875 0.000422298
12876 0.000422282
12877 0.000422266
12878 0.00042225
12879 0.000422234
12880 0.000422218
12881 0.000422202
12882 0.000422186
12883 0.00042217
12884 0.000422154
12885 0.000422138
12886 0.000422121
12887 0.000422105
12888 0.000422089
12889 0.000422073
12890 0.000422057
12891 0.000422041
12892 0.000422024
12893 0.000422008
12894 0.000421992
12895 0.000421976
12896 0.000421959
12897 0.000421943
12898 0.000421927
12899 0.000421911
12900 0.000421894
12901 0.000421878
12902 0.000421862
12903 0.000421845
12904 0.000421829
12905 0.000421813
12906 0.000421796
12907 0.00042178
12908 0.000421763
12909 0.000421747
12910 0.00042173
12911 0.000421714
12912 0.000421698
12913 0.000421681
12914 0.000421665
12915 0.000421648
12916 0.000421631
12917 0.000421615
12918 0.000421598
12919 0.000421582
12920 0.000421565
12921 0.000421548
12922 0.000421532
12923 0.000421515
12924 0.000421499
12925 0.000421482
12926 0.000421465
12927 0.000421448
12928 0.000421432
12929 0.000421415
12930 0.000421398
12931 0.000421381
12932 0.000421365
12933 0.000421348
12934 0.000421331
12935 0.000421314
12936 0.000421297
12937 0.000421281
12938 0.000421264
12939 0.000421247
12940 0.00042123
12941 0.000421213
12942 0.000421196
12943 0.000421179
12944 0.000421162
12945 0.000421145
12946 0.000421128
12947 0.000421111
12948 0.000421094
12949 0.000421077
12950 0.00042106
12951 0.000421043
12952 0.000421026
12953 0.000421009
12954 0.000420992
12955 0.000420975
12956 0.000420958
12957 0.00042094
12958 0.000420923
12959 0.000420906
12960 0.000420889
12961 0.000420872
12962 0.000420855
12963 0.000420837
12964 0.00042082
12965 0.000420803
12966 0.000420786
12967 0.000420768
12968 0.000420751
12969 0.000420734
12970 0.000420717
12971 0.000420699
12972 0.000420682
12973 0.000420665
12974 0.000420647
12975 0.00042063
12976 0.000420613
12977 0.000420595
12978 0.000420578
12979 0.000420561
12980 0.000420543
12981 0.000420526
12982 0.000420509
12983 0.000420491
12984 0.000420474
12985 0.000420456
12986 0.000420439
12987 0.000420422
12988 0.000420404
12989 0.000420387
12990 0.000420369
12991 0.000420352
12992 0.000420334
12993 0.000420317
12994 0.000420299
12995 0.000420282
12996 0.000420264
12997 0.000420247
12998 0.00042023
12999 0.000420212
13000 0.000420195
13001 0.000420177
13002 0.00042016
13003 0.000420142
13004 0.000420125
13005 0.000420107
13006 0.00042009
13007 0.000420072
13008 0.000420055
13009 0.000420037
13010 0.00042002
13011 0.000420002
13012 0.000419984
13013 0.000419967
13014 0.000419949
13015 0.000419932
13016 0.000419914
13017 0.000419897
13018 0.000419879
13019 0.000419862
13020 0.000419844
13021 0.000419827
13022 0.000419809
13023 0.000419792
13024 0.000419774
13025 0.000419757
13026 0.000419739
13027 0.000419722
13028 0.000419704
13029 0.000419687
13030 0.000419669
13031 0.000419652
13032 0.000419634
13033 0.000419617
13034 0.000419599
13035 0.000419582
13036 0.000419564
13037 0.000419547
13038 0.000419529
13039 0.000419512
13040 0.000419494
13041 0.000419477
13042 0.00041946
13043 0.000419442
13044 0.000419425
13045 0.000419407
13046 0.00041939
13047 0.000419372
13048 0.000419355
13049 0.000419338
13050 0.00041932
13051 0.000419303
13052 0.000419285
13053 0.000419268
13054 0.000419251
13055 0.000419233
13056 0.000419216
13057 0.000419199
13058 0.000419181
13059 0.000419164
13060 0.000419147
13061 0.000419129
13062 0.000419112
13063 0.000419095
13064 0.000419077
13065 0.00041906
13066 0.000419043
13067 0.000419025
13068 0.000419008
13069 0.000418991
13070 0.000418974
13071 0.000418956
13072 0.000418939
13073 0.000418922
13074 0.000418905
13075 0.000418888
13076 0.00041887
13077 0.000418853
13078 0.000418836
13079 0.000418819
13080 0.000418802
13081 0.000418785
13082 0.000418768
13083 0.00041875
13084 0.000418733
13085 0.000418716
13086 0.000418699
13087 0.000418682
13088 0.000418665
13089 0.000418648
13090 0.000418631
13091 0.000418614
13092 0.000418597
13093 0.00041858
13094 0.000418563
13095 0.000418546
13096 0.000418529
13097 0.000418512
13098 0.000418495
13099 0.000418478
13100 0.000418461
13101 0.000418444
13102 0.000418427
13103 0.00041841
13104 0.000418394
13105 0.000418377
13106 0.00041836
13107 0.000418343
13108 0.000418326
13109 0.000418309
13110 0.000418293
13111 0.000418276
13112 0.000418259
13113 0.000418242
13114 0.000418225
13115 0.000418209
13116 0.000418192
13117 0.000418175
13118 0.000418158
13119 0.000418142
13120 0.000418125
13121 0.000418108
13122 0.000418092
13123 0.000418075
13124 0.000418058
13125 0.000418042
13126 0.000418025
13127 0.000418009
13128 0.000417992
13129 0.000417975
13130 0.000417959
13131 0.000417942
13132 0.000417926
13133 0.000417909
13134 0.000417893
13135 0.000417876
13136 0.00041786
13137 0.000417843
13138 0.000417827
13139 0.00041781
13140 0.000417794
13141 0.000417777
13142 0.000417761
13143 0.000417744
13144 0.000417728
13145 0.000417712
13146 0.000417695
13147 0.000417679
13148 0.000417663
13149 0.000417646
13150 0.00041763
13151 0.000417614
13152 0.000417597
13153 0.000417581
13154 0.000417565
13155 0.000417548
13156 0.000417532
13157 0.000417516
13158 0.0004175
13159 0.000417483
13160 0.000417467
13161 0.000417451
13162 0.000417435
13163 0.000417419
13164 0.000417402
13165 0.000417386
13166 0.00041737
13167 0.000417354
13168 0.000417338
13169 0.000417322
13170 0.000417306
13171 0.000417289
13172 0.000417273
13173 0.000417257
13174 0.000417241
13175 0.000417225
13176 0.000417209
13177 0.000417193
13178 0.000417177
13179 0.000417161
13180 0.000417145
13181 0.000417129
13182 0.000417113
13183 0.000417097
13184 0.000417081
13185 0.000417065
13186 0.000417049
13187 0.000417034
13188 0.000417018
13189 0.000417002
13190 0.000416986
13191 0.00041697
13192 0.000416954
13193 0.000416938
13194 0.000416923
13195 0.000416907
13196 0.000416891
13197 0.000416875
13198 0.000416859
13199 0.000416844
13200 0.000416828
13201 0.000416812
13202 0.000416796
13203 0.000416781
13204 0.000416765
13205 0.000416749
13206 0.000416733
13207 0.000416718
13208 0.000416702
13209 0.000416686
13210 0.000416671
13211 0.000416655
13212 0.000416639
13213 0.000416624
13214 0.000416608
13215 0.000416593
13216 0.000416577
13217 0.000416561
13218 0.000416546
13219 0.00041653
13220 0.000416515
13221 0.000416499
13222 0.000416484
13223 0.000416468
13224 0.000416453
13225 0.000416437
13226 0.000416422
13227 0.000416406
13228 0.000416391
13229 0.000416375
13230 0.00041636
13231 0.000416345
13232 0.000416329
13233 0.000416314
13234 0.000416298
13235 0.000416283
13236 0.000416268
13237 0.000416252
13238 0.000416237
13239 0.000416221
13240 0.000416206
13241 0.000416191
13242 0.000416176
13243 0.00041616
13244 0.000416145
13245 0.00041613
13246 0.000416114
13247 0.000416099
13248 0.000416084
13249 0.000416069
13250 0.000416053
13251 0.000416038
13252 0.000416023
13253 0.000416008
13254 0.000415993
13255 0.000415977
13256 0.000415962
13257 0.000415947
13258 0.000415932
13259 0.000415917
13260 0.000415902
13261 0.000415887
13262 0.000415871
13263 0.000415856
13264 0.000415841
13265 0.000415826
13266 0.000415811
13267 0.000415796
13268 0.000415781
13269 0.000415766
13270 0.000415751
13271 0.000415736
13272 0.000415721
13273 0.000415706
13274 0.000415691
13275 0.000415676
13276 0.000415661
13277 0.000415646
13278 0.000415631
13279 0.000415616
13280 0.000415601
13281 0.000415586
13282 0.000415571
13283 0.000415556
13284 0.000415541
13285 0.000415526
13286 0.000415511
13287 0.000415497
13288 0.000415482
13289 0.000415467
13290 0.000415452
13291 0.000415437
13292 0.000415422
13293 0.000415407
13294 0.000415392
13295 0.000415378
13296 0.000415363
13297 0.000415348
13298 0.000415333
13299 0.000415318
13300 0.000415303
13301 0.000415289
13302 0.000415274
13303 0.000415259
13304 0.000415244
13305 0.00041523
13306 0.000415215
13307 0.0004152
13308 0.000415185
13309 0.00041517
13310 0.000415156
13311 0.000415141
13312 0.000415126
13313 0.000415111
13314 0.000415097
13315 0.000415082
13316 0.000415067
13317 0.000415053
13318 0.000415038
13319 0.000415023
13320 0.000415008
13321 0.000414994
13322 0.000414979
13323 0.000414964
13324 0.00041495
13325 0.000414935
13326 0.00041492
13327 0.000414905
13328 0.000414891
13329 0.000414876
13330 0.000414861
13331 0.000414847
13332 0.000414832
13333 0.000414817
13334 0.000414803
13335 0.000414788
13336 0.000414773
13337 0.000414759
13338 0.000414744
13339 0.000414729
13340 0.000414715
13341 0.0004147
13342 0.000414685
13343 0.000414671
13344 0.000414656
13345 0.000414641
13346 0.000414627
13347 0.000414612
13348 0.000414597
13349 0.000414583
13350 0.000414568
13351 0.000414553
13352 0.000414539
13353 0.000414524
13354 0.000414509
13355 0.000414494
13356 0.00041448
13357 0.000414465
13358 0.00041445
13359 0.000414436
13360 0.000414421
13361 0.000414406
13362 0.000414392
13363 0.000414377
13364 0.000414362
13365 0.000414347
13366 0.000414333
13367 0.000414318
13368 0.000414303
13369 0.000414289
13370 0.000414274
13371 0.000414259
13372 0.000414244
13373 0.00041423
13374 0.000414215
13375 0.0004142
13376 0.000414185
13377 0.000414171
13378 0.000414156
13379 0.000414141
13380 0.000414126
13381 0.000414112
13382 0.000414097
13383 0.000414082
13384 0.000414067
13385 0.000414052
13386 0.000414037
13387 0.000414023
13388 0.000414008
13389 0.000413993
13390 0.000413978
13391 0.000413963
13392 0.000413948
13393 0.000413934
13394 0.000413919
13395 0.000413904
13396 0.000413889
13397 0.000413874
13398 0.000413859
13399 0.000413844
13400 0.000413829
13401 0.000413814
13402 0.000413799
13403 0.000413785
13404 0.00041377
13405 0.000413755
13406 0.00041374
13407 0.000413725
13408 0.00041371
13409 0.000413695
13410 0.00041368
13411 0.000413665
13412 0.00041365
13413 0.000413635
13414 0.00041362
13415 0.000413605
13416 0.00041359
13417 0.000413575
13418 0.000413559
13419 0.000413544
13420 0.000413529
13421 0.000413514
13422 0.000413499
13423 0.000413484
13424 0.000413469
13425 0.000413454
13426 0.000413439
13427 0.000413423
13428 0.000413408
13429 0.000413393
13430 0.000413378
13431 0.000413363
13432 0.000413348
13433 0.000413332
13434 0.000413317
13435 0.000413302
13436 0.000413287
13437 0.000413272
13438 0.000413256
13439 0.000413241
13440 0.000413226
13441 0.00041321
13442 0.000413195
13443 0.00041318
13444 0.000413165
13445 0.000413149
13446 0.000413134
13447 0.000413119
13448 0.000413103
13449 0.000413088
13450 0.000413073
13451 0.000413057
13452 0.000413042
13453 0.000413026
13454 0.000413011
13455 0.000412996
13456 0.00041298
13457 0.000412965
13458 0.000412949
13459 0.000412934
13460 0.000412919
13461 0.000412903
13462 0.000412888
13463 0.000412872
13464 0.000412857
13465 0.000412841
13466 0.000412826
13467 0.00041281
13468 0.000412795
13469 0.000412779
13470 0.000412764
13471 0.000412748
13472 0.000412733
13473 0.000412717
13474 0.000412701
13475 0.000412686
13476 0.00041267
13477 0.000412655
13478 0.000412639
13479 0.000412624
13480 0.000412608
13481 0.000412592
13482 0.000412577
13483 0.000412561
13484 0.000412546
13485 0.00041253
13486 0.000412514
13487 0.000412499
13488 0.000412483
13489 0.000412467
13490 0.000412452
13491 0.000412436
13492 0.00041242
13493 0.000412405
13494 0.000412389
13495 0.000412373
13496 0.000412358
13497 0.000412342
13498 0.000412326
13499 0.000412311
13500 0.000412295
13501 0.000412279
13502 0.000412264
13503 0.000412248
13504 0.000412232
13505 0.000412216
13506 0.000412201
13507 0.000412185
13508 0.000412169
13509 0.000412153
13510 0.000412138
13511 0.000412122
13512 0.000412106
13513 0.00041209
13514 0.000412075
13515 0.000412059
13516 0.000412043
13517 0.000412028
13518 0.000412012
13519 0.000411996
13520 0.00041198
13521 0.000411964
13522 0.000411949
13523 0.000411933
13524 0.000411917
13525 0.000411901
13526 0.000411886
13527 0.00041187
13528 0.000411854
13529 0.000411838
13530 0.000411823
13531 0.000411807
13532 0.000411791
13533 0.000411775
13534 0.00041176
13535 0.000411744
13536 0.000411728
13537 0.000411712
13538 0.000411697
13539 0.000411681
13540 0.000411665
13541 0.000411649
13542 0.000411634
13543 0.000411618
13544 0.000411602
13545 0.000411586
13546 0.000411571
13547 0.000411555
13548 0.000411539
13549 0.000411523
13550 0.000411508
13551 0.000411492
13552 0.000411476
13553 0.00041146
13554 0.000411445
13555 0.000411429
13556 0.000411413
13557 0.000411397
13558 0.000411382
13559 0.000411366
13560 0.00041135
13561 0.000411335
13562 0.000411319
13563 0.000411303
13564 0.000411288
13565 0.000411272
13566 0.000411256
13567 0.000411241
13568 0.000411225
13569 0.000411209
13570 0.000411194
13571 0.000411178
13572 0.000411162
13573 0.000411147
13574 0.000411131
13575 0.000411115
13576 0.0004111
13577 0.000411084
13578 0.000411068
13579 0.000411053
13580 0.000411037
13581 0.000411022
13582 0.000411006
13583 0.000410991
13584 0.000410975
13585 0.000410959
13586 0.000410944
13587 0.000410928
13588 0.000410913
13589 0.000410897
13590 0.000410882
13591 0.000410866
13592 0.000410851
13593 0.000410835
13594 0.000410819
13595 0.000410804
13596 0.000410788
13597 0.000410773
13598 0.000410758
13599 0.000410742
13600 0.000410727
13601 0.000410711
13602 0.000410696
13603 0.00041068
13604 0.000410665
13605 0.000410649
13606 0.000410634
13607 0.000410619
13608 0.000410603
13609 0.000410588
13610 0.000410572
13611 0.000410557
13612 0.000410542
13613 0.000410526
13614 0.000410511
13615 0.000410495
13616 0.00041048
13617 0.000410465
13618 0.000410449
13619 0.000410434
13620 0.000410419
13621 0.000410404
13622 0.000410388
13623 0.000410373
13624 0.000410358
13625 0.000410342
13626 0.000410327
13627 0.000410312
13628 0.000410297
13629 0.000410281
13630 0.000410266
13631 0.000410251
13632 0.000410236
13633 0.000410221
13634 0.000410205
13635 0.00041019
13636 0.000410175
13637 0.00041016
13638 0.000410145
13639 0.00041013
13640 0.000410114
13641 0.000410099
13642 0.000410084
13643 0.000410069
13644 0.000410054
13645 0.000410039
13646 0.000410024
13647 0.000410009
13648 0.000409994
13649 0.000409979
13650 0.000409964
13651 0.000409949
13652 0.000409934
13653 0.000409919
13654 0.000409904
13655 0.000409889
13656 0.000409874
13657 0.000409859
13658 0.000409844
13659 0.000409829
13660 0.000409814
13661 0.000409799
13662 0.000409784
13663 0.000409769
13664 0.000409754
13665 0.000409739
13666 0.000409724
13667 0.000409709
13668 0.000409694
13669 0.00040968
13670 0.000409665
13671 0.00040965
13672 0.000409635
13673 0.00040962
13674 0.000409605
13675 0.000409591
13676 0.000409576
13677 0.000409561
13678 0.000409546
13679 0.000409531
13680 0.000409517
13681 0.000409502
13682 0.000409487
13683 0.000409472
13684 0.000409458
13685 0.000409443
13686 0.000409428
13687 0.000409414
13688 0.000409399
13689 0.000409384
13690 0.00040937
13691 0.000409355
13692 0.00040934
13693 0.000409326
13694 0.000409311
13695 0.000409296
13696 0.000409282
13697 0.000409267
13698 0.000409252
13699 0.000409238
13700 0.000409223
13701 0.000409209
13702 0.000409194
13703 0.00040918
13704 0.000409165
13705 0.000409151
13706 0.000409136
13707 0.000409122
13708 0.000409107
13709 0.000409093
13710 0.000409078
13711 0.000409064
13712 0.000409049
13713 0.000409035
13714 0.00040902
13715 0.000409006
13716 0.000408991
13717 0.000408977
13718 0.000408962
13719 0.000408948
13720 0.000408934
13721 0.000408919
13722 0.000408905
13723 0.00040889
13724 0.000408876
13725 0.000408862
13726 0.000408847
13727 0.000408833
13728 0.000408819
13729 0.000408804
13730 0.00040879
13731 0.000408776
13732 0.000408761
13733 0.000408747
13734 0.000408733
13735 0.000408719
13736 0.000408704
13737 0.00040869
13738 0.000408676
13739 0.000408662
13740 0.000408647
13741 0.000408633
13742 0.000408619
13743 0.000408605
13744 0.000408591
13745 0.000408576
13746 0.000408562
13747 0.000408548
13748 0.000408534
13749 0.00040852
13750 0.000408506
13751 0.000408491
13752 0.000408477
13753 0.000408463
13754 0.000408449
13755 0.000408435
13756 0.000408421
13757 0.000408407
13758 0.000408393
13759 0.000408379
13760 0.000408365
13761 0.00040835
13762 0.000408336
13763 0.000408322
13764 0.000408308
13765 0.000408294
13766 0.00040828
13767 0.000408266
13768 0.000408252
13769 0.000408238
13770 0.000408224
13771 0.00040821
13772 0.000408196
13773 0.000408182
13774 0.000408168
13775 0.000408154
13776 0.00040814
13777 0.000408126
13778 0.000408113
13779 0.000408099
13780 0.000408085
13781 0.000408071
13782 0.000408057
13783 0.000408043
13784 0.000408029
13785 0.000408015
13786 0.000408001
13787 0.000407987
13788 0.000407973
13789 0.00040796
13790 0.000407946
13791 0.000407932
13792 0.000407918
13793 0.000407904
13794 0.00040789
13795 0.000407876
13796 0.000407863
13797 0.000407849
13798 0.000407835
13799 0.000407821
13800 0.000407807
13801 0.000407794
13802 0.00040778
13803 0.000407766
13804 0.000407752
13805 0.000407738
13806 0.000407725
13807 0.000407711
13808 0.000407697
13809 0.000407683
13810 0.00040767
13811 0.000407656
13812 0.000407642
13813 0.000407628
13814 0.000407615
13815 0.000407601
13816 0.000407587
13817 0.000407573
13818 0.00040756
13819 0.000407546
13820 0.000407532
13821 0.000407518
13822 0.000407505
13823 0.000407491
13824 0.000407477
13825 0.000407464
13826 0.00040745
13827 0.000407436
13828 0.000407422
13829 0.000407409
13830 0.000407395
13831 0.000407381
13832 0.000407368
13833 0.000407354
13834 0.00040734
13835 0.000407327
13836 0.000407313
13837 0.000407299
13838 0.000407286
13839 0.000407272
13840 0.000407258
13841 0.000407245
13842 0.000407231
13843 0.000407217
13844 0.000407203
13845 0.00040719
13846 0.000407176
13847 0.000407162
13848 0.000407149
13849 0.000407135
13850 0.000407121
13851 0.000407108
13852 0.000407094
13853 0.00040708
13854 0.000407067
13855 0.000407053
13856 0.00040704
13857 0.000407026
13858 0.000407012
13859 0.000406999
13860 0.000406985
13861 0.000406971
13862 0.000406958
13863 0.000406944
13864 0.00040693
13865 0.000406917
13866 0.000406903
13867 0.000406889
13868 0.000406875
13869 0.000406862
13870 0.000406848
13871 0.000406834
13872 0.000406821
13873 0.000406807
13874 0.000406793
13875 0.00040678
13876 0.000406766
13877 0.000406752
13878 0.000406739
13879 0.000406725
13880 0.000406711
13881 0.000406698
13882 0.000406684
13883 0.00040667
13884 0.000406656
13885 0.000406643
13886 0.000406629
13887 0.000406615
13888 0.000406602
13889 0.000406588
13890 0.000406574
13891 0.00040656
13892 0.000406547
13893 0.000406533
13894 0.000406519
13895 0.000406505
13896 0.000406492
13897 0.000406478
13898 0.000406464
13899 0.00040645
13900 0.000406437
13901 0.000406423
13902 0.000406409
13903 0.000406395
13904 0.000406382
13905 0.000406368
13906 0.000406354
13907 0.00040634
13908 0.000406326
13909 0.000406313
13910 0.000406299
13911 0.000406285
13912 0.000406271
13913 0.000406257
13914 0.000406244
13915 0.00040623
13916 0.000406216
13917 0.000406202
13918 0.000406188
13919 0.000406174
13920 0.000406161
13921 0.000406147
13922 0.000406133
13923 0.000406119
13924 0.000406105
13925 0.000406091
13926 0.000406077
13927 0.000406063
13928 0.00040605
13929 0.000406036
13930 0.000406022
13931 0.000406008
13932 0.000405994
13933 0.00040598
13934 0.000405966
13935 0.000405952
13936 0.000405938
13937 0.000405924
13938 0.00040591
13939 0.000405896
13940 0.000405882
13941 0.000405868
13942 0.000405854
13943 0.000405841
13944 0.000405827
13945 0.000405813
13946 0.000405799
13947 0.000405785
13948 0.000405771
13949 0.000405757
13950 0.000405743
13951 0.000405729
13952 0.000405714
13953 0.0004057
13954 0.000405686
13955 0.000405672
13956 0.000405658
13957 0.000405644
13958 0.00040563
13959 0.000405616
13960 0.000405602
13961 0.000405588
13962 0.000405574
13963 0.00040556
13964 0.000405546
13965 0.000405532
13966 0.000405518
13967 0.000405503
13968 0.000405489
13969 0.000405475
13970 0.000405461
13971 0.000405447
13972 0.000405433
13973 0.000405419
13974 0.000405404
13975 0.00040539
13976 0.000405376
13977 0.000405362
13978 0.000405348
13979 0.000405334
13980 0.00040532
13981 0.000405305
13982 0.000405291
13983 0.000405277
13984 0.000405263
13985 0.000405249
13986 0.000405234
13987 0.00040522
13988 0.000405206
13989 0.000405192
13990 0.000405178
13991 0.000405163
13992 0.000405149
13993 0.000405135
13994 0.000405121
13995 0.000405106
13996 0.000405092
13997 0.000405078
13998 0.000405064
13999 0.000405049
14000 0.000405035
14001 0.000405021
14002 0.000405007
14003 0.000404992
14004 0.000404978
14005 0.000404964
14006 0.000404949
14007 0.000404935
14008 0.000404921
14009 0.000404907
14010 0.000404892
14011 0.000404878
14012 0.000404864
14013 0.000404849
14014 0.000404835
14015 0.000404821
14016 0.000404807
14017 0.000404792
14018 0.000404778
14019 0.000404764
14020 0.000404749
14021 0.000404735
14022 0.000404721
14023 0.000404706
14024 0.000404692
14025 0.000404678
14026 0.000404663
14027 0.000404649
14028 0.000404635
14029 0.00040462
14030 0.000404606
14031 0.000404592
14032 0.000404577
14033 0.000404563
14034 0.000404549
14035 0.000404534
14036 0.00040452
14037 0.000404506
14038 0.000404491
14039 0.000404477
14040 0.000404463
14041 0.000404448
14042 0.000404434
14043 0.00040442
14044 0.000404405
14045 0.000404391
14046 0.000404377
14047 0.000404362
14048 0.000404348
14049 0.000404334
14050 0.00040432
14051 0.000404305
14052 0.000404291
14053 0.000404277
14054 0.000404262
14055 0.000404248
14056 0.000404234
14057 0.000404219
14058 0.000404205
14059 0.000404191
14060 0.000404176
14061 0.000404162
14062 0.000404148
14063 0.000404133
14064 0.000404119
14065 0.000404105
14066 0.00040409
14067 0.000404076
14068 0.000404062
14069 0.000404048
14070 0.000404033
14071 0.000404019
14072 0.000404005
14073 0.00040399
14074 0.000403976
14075 0.000403962
14076 0.000403948
14077 0.000403933
14078 0.000403919
14079 0.000403905
14080 0.00040389
14081 0.000403876
14082 0.000403862
14083 0.000403848
14084 0.000403833
14085 0.000403819
14086 0.000403805
14087 0.000403791
14088 0.000403776
14089 0.000403762
14090 0.000403748
14091 0.000403734
14092 0.00040372
14093 0.000403705
14094 0.000403691
14095 0.000403677
14096 0.000403663
14097 0.000403648
14098 0.000403634
14099 0.00040362
14100 0.000403606
14101 0.000403592
14102 0.000403578
14103 0.000403563
14104 0.000403549
14105 0.000403535
14106 0.000403521
14107 0.000403507
14108 0.000403493
14109 0.000403478
14110 0.000403464
14111 0.00040345
14112 0.000403436
14113 0.000403422
14114 0.000403408
14115 0.000403394
14116 0.00040338
14117 0.000403366
14118 0.000403351
14119 0.000403337
14120 0.000403323
14121 0.000403309
14122 0.000403295
14123 0.000403281
14124 0.000403267
14125 0.000403253
14126 0.000403239
14127 0.000403225
14128 0.000403211
14129 0.000403197
14130 0.000403183
14131 0.000403169
14132 0.000403155
14133 0.000403141
14134 0.000403127
14135 0.000403113
14136 0.000403099
14137 0.000403085
14138 0.000403071
14139 0.000403057
14140 0.000403043
14141 0.000403029
14142 0.000403015
14143 0.000403001
14144 0.000402987
14145 0.000402973
14146 0.000402959
14147 0.000402945
14148 0.000402931
14149 0.000402917
14150 0.000402904
14151 0.00040289
14152 0.000402876
14153 0.000402862
14154 0.000402848
14155 0.000402834
14156 0.00040282
14157 0.000402807
14158 0.000402793
14159 0.000402779
14160 0.000402765
14161 0.000402751
14162 0.000402737
14163 0.000402724
14164 0.00040271
14165 0.000402696
14166 0.000402682
14167 0.000402668
14168 0.000402655
14169 0.000402641
14170 0.000402627
14171 0.000402613
14172 0.0004026
14173 0.000402586
14174 0.000402572
14175 0.000402558
14176 0.000402545
14177 0.000402531
14178 0.000402517
14179 0.000402504
14180 0.00040249
14181 0.000402476
14182 0.000402463
14183 0.000402449
14184 0.000402435
14185 0.000402422
14186 0.000402408
14187 0.000402394
14188 0.000402381
14189 0.000402367
14190 0.000402354
14191 0.00040234
14192 0.000402326
14193 0.000402313
14194 0.000402299
14195 0.000402286
14196 0.000402272
14197 0.000402258
14198 0.000402245
14199 0.000402231
14200 0.000402218
14201 0.000402204
14202 0.000402191
14203 0.000402177
14204 0.000402164
14205 0.00040215
14206 0.000402137
14207 0.000402123
14208 0.00040211
14209 0.000402096
14210 0.000402083
14211 0.000402069
14212 0.000402056
14213 0.000402042
14214 0.000402029
14215 0.000402016
14216 0.000402002
14217 0.000401989
14218 0.000401975
14219 0.000401962
14220 0.000401949
14221 0.000401935
14222 0.000401922
14223 0.000401908
14224 0.000401895
14225 0.000401882
14226 0.000401868
14227 0.000401855
14228 0.000401842
14229 0.000401828
14230 0.000401815
14231 0.000401802
14232 0.000401788
14233 0.000401775
14234 0.000401762
14235 0.000401748
14236 0.000401735
14237 0.000401722
14238 0.000401709
14239 0.000401695
14240 0.000401682
14241 0.000401669
14242 0.000401656
14243 0.000401642
14244 0.000401629
14245 0.000401616
14246 0.000401603
14247 0.000401589
14248 0.000401576
14249 0.000401563
14250 0.00040155
14251 0.000401537
14252 0.000401523
14253 0.00040151
14254 0.000401497
14255 0.000401484
14256 0.000401471
14257 0.000401458
14258 0.000401444
14259 0.000401431
14260 0.000401418
14261 0.000401405
14262 0.000401392
14263 0.000401379
14264 0.000401366
14265 0.000401353
14266 0.00040134
14267 0.000401326
14268 0.000401313
14269 0.0004013
14270 0.000401287
14271 0.000401274
14272 0.000401261
14273 0.000401248
14274 0.000401235
14275 0.000401222
14276 0.000401209
14277 0.000401196
14278 0.000401183
14279 0.00040117
14280 0.000401157
14281 0.000401144
14282 0.000401131
14283 0.000401118
14284 0.000401105
14285 0.000401092
14286 0.000401079
14287 0.000401066
14288 0.000401053
14289 0.00040104
14290 0.000401027
14291 0.000401014
14292 0.000401001
14293 0.000400988
14294 0.000400975
14295 0.000400962
14296 0.000400949
14297 0.000400936
14298 0.000400923
14299 0.00040091
14300 0.000400898
14301 0.000400885
14302 0.000400872
14303 0.000400859
14304 0.000400846
14305 0.000400833
14306 0.00040082
14307 0.000400807
14308 0.000400794
14309 0.000400781
14310 0.000400769
14311 0.000400756
14312 0.000400743
14313 0.00040073
14314 0.000400717
14315 0.000400704
14316 0.000400691
14317 0.000400679
14318 0.000400666
14319 0.000400653
14320 0.00040064
14321 0.000400627
14322 0.000400614
14323 0.000400601
14324 0.000400589
14325 0.000400576
14326 0.000400563
14327 0.00040055
14328 0.000400537
14329 0.000400525
14330 0.000400512
14331 0.000400499
14332 0.000400486
14333 0.000400473
14334 0.000400461
14335 0.000400448
14336 0.000400435
14337 0.000400422
14338 0.000400409
14339 0.000400397
14340 0.000400384
14341 0.000400371
14342 0.000400358
14343 0.000400345
14344 0.000400333
14345 0.00040032
14346 0.000400307
14347 0.000400294
14348 0.000400281
14349 0.000400269
14350 0.000400256
14351 0.000400243
14352 0.00040023
14353 0.000400218
14354 0.000400205
14355 0.000400192
14356 0.000400179
14357 0.000400167
14358 0.000400154
14359 0.000400141
14360 0.000400128
14361 0.000400116
14362 0.000400103
14363 0.00040009
14364 0.000400077
14365 0.000400064
14366 0.000400052
14367 0.000400039
14368 0.000400026
14369 0.000400013
14370 0.000400001
14371 0.000399988
14372 0.000399975
14373 0.000399962
14374 0.00039995
14375 0.000399937
14376 0.000399924
14377 0.000399911
14378 0.000399899
14379 0.000399886
14380 0.000399873
14381 0.00039986
14382 0.000399848
14383 0.000399835
14384 0.000399822
14385 0.000399809
14386 0.000399796
14387 0.000399784
14388 0.000399771
14389 0.000399758
14390 0.000399745
14391 0.000399733
14392 0.00039972
14393 0.000399707
14394 0.000399694
14395 0.000399682
14396 0.000399669
14397 0.000399656
14398 0.000399643
14399 0.00039963
14400 0.000399618
14401 0.000399605
14402 0.000399592
14403 0.000399579
14404 0.000399566
14405 0.000399554
14406 0.000399541
14407 0.000399528
14408 0.000399515
14409 0.000399502
14410 0.00039949
14411 0.000399477
14412 0.000399464
14413 0.000399451
14414 0.000399438
14415 0.000399426
14416 0.000399413
14417 0.0003994
14418 0.000399387
14419 0.000399374
14420 0.000399361
14421 0.000399349
14422 0.000399336
14423 0.000399323
14424 0.00039931
14425 0.000399297
14426 0.000399284
14427 0.000399271
14428 0.000399259
14429 0.000399246
14430 0.000399233
14431 0.00039922
14432 0.000399207
14433 0.000399194
14434 0.000399181
14435 0.000399169
14436 0.000399156
14437 0.000399143
14438 0.00039913
14439 0.000399117
14440 0.000399104
14441 0.000399091
14442 0.000399078
14443 0.000399065
14444 0.000399053
14445 0.00039904
14446 0.000399027
14447 0.000399014
14448 0.000399001
14449 0.000398988
14450 0.000398975
14451 0.000398962
14452 0.000398949
14453 0.000398936
14454 0.000398923
14455 0.00039891
14456 0.000398897
14457 0.000398884
14458 0.000398871
14459 0.000398859
14460 0.000398846
14461 0.000398833
14462 0.00039882
14463 0.000398807
14464 0.000398794
14465 0.000398781
14466 0.000398768
14467 0.000398755
14468 0.000398742
14469 0.000398729
14470 0.000398716
14471 0.000398703
14472 0.00039869
14473 0.000398677
14474 0.000398664
14475 0.000398651
14476 0.000398638
14477 0.000398625
14478 0.000398612
14479 0.000398599
14480 0.000398586
14481 0.000398573
14482 0.00039856
14483 0.000398547
14484 0.000398534
14485 0.00039852
14486 0.000398507
14487 0.000398494
14488 0.000398481
14489 0.000398468
14490 0.000398455
14491 0.000398442
14492 0.000398429
14493 0.000398416
14494 0.000398403
14495 0.00039839
14496 0.000398377
14497 0.000398364
14498 0.000398351
14499 0.000398338
14500 0.000398325
14501 0.000398311
14502 0.000398298
14503 0.000398285
14504 0.000398272
14505 0.000398259
14506 0.000398246
14507 0.000398233
14508 0.00039822
14509 0.000398207
14510 0.000398194
14511 0.00039818
14512 0.000398167
14513 0.000398154
14514 0.000398141
14515 0.000398128
14516 0.000398115
14517 0.000398102
14518 0.000398089
14519 0.000398075
14520 0.000398062
14521 0.000398049
14522 0.000398036
14523 0.000398023
14524 0.00039801
14525 0.000397997
14526 0.000397984
14527 0.00039797
14528 0.000397957
14529 0.000397944
14530 0.000397931
14531 0.000397918
14532 0.000397905
14533 0.000397892
14534 0.000397878
14535 0.000397865
14536 0.000397852
14537 0.000397839
14538 0.000397826
14539 0.000397813
14540 0.0003978
14541 0.000397786
14542 0.000397773
14543 0.00039776
14544 0.000397747
14545 0.000397734
14546 0.000397721
14547 0.000397708
14548 0.000397694
14549 0.000397681
14550 0.000397668
14551 0.000397655
14552 0.000397642
14553 0.000397629
14554 0.000397615
14555 0.000397602
14556 0.000397589
14557 0.000397576
14558 0.000397563
14559 0.00039755
14560 0.000397537
14561 0.000397523
14562 0.00039751
14563 0.000397497
14564 0.000397484
14565 0.000397471
14566 0.000397458
14567 0.000397445
14568 0.000397431
14569 0.000397418
14570 0.000397405
14571 0.000397392
14572 0.000397379
14573 0.000397366
14574 0.000397353
14575 0.000397339
14576 0.000397326
14577 0.000397313
14578 0.0003973
14579 0.000397287
14580 0.000397274
14581 0.000397261
14582 0.000397248
14583 0.000397234
14584 0.000397221
14585 0.000397208
14586 0.000397195
14587 0.000397182
14588 0.000397169
14589 0.000397156
14590 0.000397143
14591 0.00039713
14592 0.000397116
14593 0.000397103
14594 0.00039709
14595 0.000397077
14596 0.000397064
14597 0.000397051
14598 0.000397038
14599 0.000397025
14600 0.000397012
14601 0.000396999
14602 0.000396986
14603 0.000396973
14604 0.000396959
14605 0.000396946
14606 0.000396933
14607 0.00039692
14608 0.000396907
14609 0.000396894
14610 0.000396881
14611 0.000396868
14612 0.000396855
14613 0.000396842
14614 0.000396829
14615 0.000396816
14616 0.000396803
14617 0.00039679
14618 0.000396777
14619 0.000396764
14620 0.000396751
14621 0.000396738
14622 0.000396725
14623 0.000396712
14624 0.000396699
14625 0.000396686
14626 0.000396673
14627 0.00039666
14628 0.000396647
14629 0.000396634
14630 0.000396621
14631 0.000396608
14632 0.000396595
14633 0.000396582
14634 0.000396569
14635 0.000396556
14636 0.000396543
14637 0.00039653
14638 0.000396517
14639 0.000396504
14640 0.000396491
14641 0.000396478
14642 0.000396465
14643 0.000396453
14644 0.00039644
14645 0.000396427
14646 0.000396414
14647 0.000396401
14648 0.000396388
14649 0.000396375
14650 0.000396362
14651 0.000396349
14652 0.000396337
14653 0.000396324
14654 0.000396311
14655 0.000396298
14656 0.000396285
14657 0.000396272
14658 0.000396259
14659 0.000396247
14660 0.000396234
14661 0.000396221
14662 0.000396208
14663 0.000396195
14664 0.000396182
14665 0.00039617
14666 0.000396157
14667 0.000396144
14668 0.000396131
14669 0.000396118
14670 0.000396106
14671 0.000396093
14672 0.00039608
14673 0.000396067
14674 0.000396055
14675 0.000396042
14676 0.000396029
14677 0.000396016
14678 0.000396004
14679 0.000395991
14680 0.000395978
14681 0.000395965
14682 0.000395953
14683 0.00039594
14684 0.000395927
14685 0.000395914
14686 0.000395902
14687 0.000395889
14688 0.000395876
14689 0.000395864
14690 0.000395851
14691 0.000395838
14692 0.000395826
14693 0.000395813
14694 0.0003958
14695 0.000395788
14696 0.000395775
14697 0.000395762
14698 0.00039575
14699 0.000395737
14700 0.000395725
14701 0.000395712
14702 0.000395699
14703 0.000395687
14704 0.000395674
14705 0.000395661
14706 0.000395649
14707 0.000395636
14708 0.000395624
14709 0.000395611
14710 0.000395599
14711 0.000395586
14712 0.000395573
14713 0.000395561
14714 0.000395548
14715 0.000395536
14716 0.000395523
14717 0.000395511
14718 0.000395498
14719 0.000395486
14720 0.000395473
14721 0.000395461
14722 0.000395448
14723 0.000395436
14724 0.000395423
14725 0.000395411
14726 0.000395398
14727 0.000395386
14728 0.000395373
14729 0.000395361
14730 0.000395348
14731 0.000395336
14732 0.000395323
14733 0.000395311
14734 0.000395299
14735 0.000395286
14736 0.000395274
14737 0.000395261
14738 0.000395249
14739 0.000395236
14740 0.000395224
14741 0.000395212
14742 0.000395199
14743 0.000395187
14744 0.000395175
14745 0.000395162
14746 0.00039515
14747 0.000395137
14748 0.000395125
14749 0.000395113
14750 0.0003951
14751 0.000395088
14752 0.000395076
14753 0.000395063
14754 0.000395051
14755 0.000395039
14756 0.000395026
14757 0.000395014
14758 0.000395002
14759 0.000394989
14760 0.000394977
14761 0.000394965
14762 0.000394952
14763 0.00039494
14764 0.000394928
14765 0.000394916
14766 0.000394903
14767 0.000394891
14768 0.000394879
14769 0.000394867
14770 0.000394854
14771 0.000394842
14772 0.00039483
14773 0.000394818
14774 0.000394805
14775 0.000394793
14776 0.000394781
14777 0.000394769
14778 0.000394756
14779 0.000394744
14780 0.000394732
14781 0.00039472
14782 0.000394708
14783 0.000394695
14784 0.000394683
14785 0.000394671
14786 0.000394659
14787 0.000394647
14788 0.000394634
14789 0.000394622
14790 0.00039461
14791 0.000394598
14792 0.000394586
14793 0.000394574
14794 0.000394562
14795 0.000394549
14796 0.000394537
14797 0.000394525
14798 0.000394513
14799 0.000394501
14800 0.000394489
14801 0.000394477
14802 0.000394464
14803 0.000394452
14804 0.00039444
14805 0.000394428
14806 0.000394416
14807 0.000394404
14808 0.000394392
14809 0.00039438
14810 0.000394368
14811 0.000394356
14812 0.000394343
14813 0.000394331
14814 0.000394319
14815 0.000394307
14816 0.000394295
14817 0.000394283
14818 0.000394271
14819 0.000394259
14820 0.000394247
14821 0.000394235
14822 0.000394223
14823 0.000394211
14824 0.000394199
14825 0.000394187
14826 0.000394175
14827 0.000394163
14828 0.000394151
14829 0.000394139
14830 0.000394126
14831 0.000394114
14832 0.000394102
14833 0.00039409
14834 0.000394078
14835 0.000394066
14836 0.000394054
14837 0.000394042
14838 0.00039403
14839 0.000394018
14840 0.000394006
14841 0.000393994
14842 0.000393982
14843 0.00039397
14844 0.000393958
14845 0.000393946
14846 0.000393934
14847 0.000393922
14848 0.00039391
14849 0.000393898
14850 0.000393886
14851 0.000393874
14852 0.000393862
14853 0.00039385
14854 0.000393838
14855 0.000393826
14856 0.000393814
14857 0.000393802
14858 0.000393791
14859 0.000393779
14860 0.000393767
14861 0.000393755
14862 0.000393743
14863 0.000393731
14864 0.000393719
14865 0.000393707
14866 0.000393695
14867 0.000393683
14868 0.000393671
14869 0.000393659
14870 0.000393647
14871 0.000393635
14872 0.000393623
14873 0.000393611
14874 0.000393599
14875 0.000393587
14876 0.000393575
14877 0.000393563
14878 0.000393551
14879 0.000393539
14880 0.000393527
14881 0.000393515
14882 0.000393503
14883 0.000393491
14884 0.000393479
14885 0.000393468
14886 0.000393456
14887 0.000393444
14888 0.000393432
14889 0.00039342
14890 0.000393408
14891 0.000393396
14892 0.000393384
14893 0.000393372
14894 0.00039336
14895 0.000393348
14896 0.000393336
14897 0.000393324
14898 0.000393312
14899 0.0003933
14900 0.000393288
14901 0.000393276
14902 0.000393264
14903 0.000393252
14904 0.00039324
14905 0.000393228
14906 0.000393216
14907 0.000393204
14908 0.000393192
14909 0.00039318
14910 0.000393168
14911 0.000393157
14912 0.000393145
14913 0.000393133
14914 0.000393121
14915 0.000393109
14916 0.000393097
14917 0.000393085
14918 0.000393073
14919 0.000393061
14920 0.000393049
14921 0.000393037
14922 0.000393025
14923 0.000393013
14924 0.000393001
14925 0.000392989
14926 0.000392977
14927 0.000392965
14928 0.000392953
14929 0.000392941
14930 0.000392929
14931 0.000392917
14932 0.000392905
14933 0.000392893
14934 0.000392881
14935 0.000392869
14936 0.000392857
14937 0.000392845
14938 0.000392833
14939 0.000392821
14940 0.000392809
14941 0.000392797
14942 0.000392785
14943 0.000392773
14944 0.000392761
14945 0.000392749
14946 0.000392737
14947 0.000392725
14948 0.000392713
14949 0.000392701
14950 0.000392689
14951 0.000392677
14952 0.000392665
14953 0.000392653
14954 0.000392641
14955 0.000392629
14956 0.000392617
14957 0.000392605
14958 0.000392593
14959 0.00039258
14960 0.000392568
14961 0.000392556
14962 0.000392544
14963 0.000392532
14964 0.00039252
14965 0.000392508
14966 0.000392496
14967 0.000392484
14968 0.000392472
14969 0.00039246
14970 0.000392448
14971 0.000392436
14972 0.000392424
14973 0.000392412
14974 0.0003924
14975 0.000392388
14976 0.000392375
14977 0.000392363
14978 0.000392351
14979 0.000392339
14980 0.000392327
14981 0.000392315
14982 0.000392303
14983 0.000392291
14984 0.000392279
14985 0.000392267
14986 0.000392255
14987 0.000392243
14988 0.00039223
14989 0.000392218
14990 0.000392206
14991 0.000392194
14992 0.000392182
14993 0.00039217
14994 0.000392158
14995 0.000392146
14996 0.000392134
14997 0.000392121
14998 0.000392109
14999 0.000392097
15000 0.000392085
15001 0.000392073
15002 0.000392061
15003 0.000392049
15004 0.000392037
15005 0.000392024
15006 0.000392012
15007 0.000392
15008 0.000391988
15009 0.000391976
15010 0.000391964
15011 0.000391952
15012 0.00039194
15013 0.000391927
15014 0.000391915
15015 0.000391903
15016 0.000391891
15017 0.000391879
15018 0.000391867
15019 0.000391855
15020 0.000391842
15021 0.00039183
15022 0.000391818
15023 0.000391806
15024 0.000391794
15025 0.000391782
15026 0.000391769
15027 0.000391757
15028 0.000391745
15029 0.000391733
15030 0.000391721
15031 0.000391709
15032 0.000391697
15033 0.000391684
15034 0.000391672
15035 0.00039166
15036 0.000391648
15037 0.000391636
15038 0.000391624
15039 0.000391611
15040 0.000391599
15041 0.000391587
15042 0.000391575
15043 0.000391563
15044 0.000391551
15045 0.000391538
15046 0.000391526
15047 0.000391514
15048 0.000391502
15049 0.00039149
15050 0.000391477
15051 0.000391465
15052 0.000391453
15053 0.000391441
15054 0.000391429
15055 0.000391417
15056 0.000391404
15057 0.000391392
15058 0.00039138
15059 0.000391368
15060 0.000391356
15061 0.000391344
15062 0.000391331
15063 0.000391319
15064 0.000391307
15065 0.000391295
15066 0.000391283
15067 0.000391271
15068 0.000391258
15069 0.000391246
15070 0.000391234
15071 0.000391222
15072 0.00039121
15073 0.000391198
15074 0.000391185
15075 0.000391173
15076 0.000391161
15077 0.000391149
15078 0.000391137
15079 0.000391125
15080 0.000391112
15081 0.0003911
15082 0.000391088
15083 0.000391076
15084 0.000391064
15085 0.000391052
15086 0.000391039
15087 0.000391027
15088 0.000391015
15089 0.000391003
15090 0.000390991
15091 0.000390979
15092 0.000390967
15093 0.000390954
15094 0.000390942
15095 0.00039093
15096 0.000390918
15097 0.000390906
15098 0.000390894
15099 0.000390882
15100 0.000390869
15101 0.000390857
15102 0.000390845
15103 0.000390833
15104 0.000390821
15105 0.000390809
15106 0.000390797
15107 0.000390785
15108 0.000390772
15109 0.00039076
15110 0.000390748
15111 0.000390736
15112 0.000390724
15113 0.000390712
15114 0.0003907
15115 0.000390688
15116 0.000390676
15117 0.000390663
15118 0.000390651
15119 0.000390639
15120 0.000390627
15121 0.000390615
15122 0.000390603
15123 0.000390591
15124 0.000390579
15125 0.000390567
15126 0.000390555
15127 0.000390543
15128 0.00039053
15129 0.000390518
15130 0.000390506
15131 0.000390494
15132 0.000390482
15133 0.00039047
15134 0.000390458
15135 0.000390446
15136 0.000390434
15137 0.000390422
15138 0.00039041
15139 0.000390398
15140 0.000390386
15141 0.000390374
15142 0.000390362
15143 0.00039035
15144 0.000390338
15145 0.000390326
15146 0.000390314
15147 0.000390302
15148 0.00039029
15149 0.000390278
15150 0.000390266
15151 0.000390254
15152 0.000390242
15153 0.00039023
15154 0.000390218
15155 0.000390206
15156 0.000390194
15157 0.000390182
15158 0.00039017
15159 0.000390158
15160 0.000390146
15161 0.000390134
15162 0.000390122
15163 0.00039011
15164 0.000390098
15165 0.000390086
15166 0.000390074
15167 0.000390062
15168 0.00039005
15169 0.000390038
15170 0.000390026
15171 0.000390014
15172 0.000390002
15173 0.00038999
15174 0.000389978
15175 0.000389967
15176 0.000389955
15177 0.000389943
15178 0.000389931
15179 0.000389919
15180 0.000389907
15181 0.000389895
15182 0.000389883
15183 0.000389871
15184 0.000389859
15185 0.000389848
15186 0.000389836
15187 0.000389824
15188 0.000389812
15189 0.0003898
15190 0.000389788
15191 0.000389776
15192 0.000389765
15193 0.000389753
15194 0.000389741
15195 0.000389729
15196 0.000389717
15197 0.000389705
15198 0.000389693
15199 0.000389682
15200 0.00038967
15201 0.000389658
15202 0.000389646
15203 0.000389634
15204 0.000389623
15205 0.000389611
15206 0.000389599
15207 0.000389587
15208 0.000389575
15209 0.000389564
15210 0.000389552
15211 0.00038954
15212 0.000389528
15213 0.000389517
15214 0.000389505
15215 0.000389493
15216 0.000389481
15217 0.00038947
15218 0.000389458
15219 0.000389446
15220 0.000389434
15221 0.000389423
15222 0.000389411
15223 0.000389399
15224 0.000389387
15225 0.000389376
15226 0.000389364
15227 0.000389352
15228 0.000389341
15229 0.000389329
15230 0.000389317
15231 0.000389306
15232 0.000389294
15233 0.000389282
15234 0.00038927
15235 0.000389259
15236 0.000389247
15237 0.000389235
15238 0.000389224
15239 0.000389212
15240 0.000389201
15241 0.000389189
15242 0.000389177
15243 0.000389166
15244 0.000389154
15245 0.000389142
15246 0.000389131
15247 0.000389119
15248 0.000389107
15249 0.000389096
15250 0.000389084
15251 0.000389073
15252 0.000389061
15253 0.000389049
15254 0.000389038
15255 0.000389026
15256 0.000389015
15257 0.000389003
15258 0.000388991
15259 0.00038898
15260 0.000388968
15261 0.000388957
15262 0.000388945
15263 0.000388934
15264 0.000388922
15265 0.000388911
15266 0.000388899
15267 0.000388887
15268 0.000388876
15269 0.000388864
15270 0.000388853
15271 0.000388841
15272 0.00038883
15273 0.000388818
15274 0.000388807
15275 0.000388795
15276 0.000388784
15277 0.000388772
15278 0.000388761
15279 0.000388749
15280 0.000388738
15281 0.000388726
15282 0.000388715
15283 0.000388703
15284 0.000388692
15285 0.00038868
15286 0.000388669
15287 0.000388657
15288 0.000388646
15289 0.000388634
15290 0.000388623
15291 0.000388612
15292 0.0003886
15293 0.000388589
15294 0.000388577
15295 0.000388566
15296 0.000388554
15297 0.000388543
15298 0.000388531
15299 0.00038852
15300 0.000388509
15301 0.000388497
15302 0.000388486
15303 0.000388474
15304 0.000388463
15305 0.000388451
15306 0.00038844
15307 0.000388429
15308 0.000388417
15309 0.000388406
15310 0.000388394
15311 0.000388383
15312 0.000388372
15313 0.00038836
15314 0.000388349
15315 0.000388338
15316 0.000388326
15317 0.000388315
15318 0.000388303
15319 0.000388292
15320 0.000388281
15321 0.000388269
15322 0.000388258
15323 0.000388247
15324 0.000388235
15325 0.000388224
15326 0.000388213
15327 0.000388201
15328 0.00038819
15329 0.000388178
15330 0.000388167
15331 0.000388156
15332 0.000388144
15333 0.000388133
15334 0.000388122
15335 0.00038811
15336 0.000388099
15337 0.000388088
15338 0.000388076
15339 0.000388065
15340 0.000388054
15341 0.000388043
15342 0.000388031
15343 0.00038802
15344 0.000388009
15345 0.000387997
15346 0.000387986
15347 0.000387975
15348 0.000387963
15349 0.000387952
15350 0.000387941
15351 0.000387929
15352 0.000387918
15353 0.000387907
15354 0.000387896
15355 0.000387884
15356 0.000387873
15357 0.000387862
15358 0.00038785
15359 0.000387839
15360 0.000387828
15361 0.000387817
15362 0.000387805
15363 0.000387794
15364 0.000387783
15365 0.000387771
15366 0.00038776
15367 0.000387749
15368 0.000387738
15369 0.000387726
15370 0.000387715
15371 0.000387704
15372 0.000387693
15373 0.000387681
15374 0.00038767
15375 0.000387659
15376 0.000387647
15377 0.000387636
15378 0.000387625
15379 0.000387614
15380 0.000387602
15381 0.000387591
15382 0.00038758
15383 0.000387569
15384 0.000387557
15385 0.000387546
15386 0.000387535
15387 0.000387524
15388 0.000387512
15389 0.000387501
15390 0.00038749
15391 0.000387479
15392 0.000387467
15393 0.000387456
15394 0.000387445
15395 0.000387434
15396 0.000387422
15397 0.000387411
15398 0.0003874
15399 0.000387389
15400 0.000387377
15401 0.000387366
15402 0.000387355
15403 0.000387344
15404 0.000387332
15405 0.000387321
15406 0.00038731
15407 0.000387299
15408 0.000387287
15409 0.000387276
15410 0.000387265
15411 0.000387254
15412 0.000387242
15413 0.000387231
15414 0.00038722
15415 0.000387209
15416 0.000387197
15417 0.000387186
15418 0.000387175
15419 0.000387164
15420 0.000387152
15421 0.000387141
15422 0.00038713
15423 0.000387119
15424 0.000387107
15425 0.000387096
15426 0.000387085
15427 0.000387074
15428 0.000387062
15429 0.000387051
15430 0.00038704
15431 0.000387029
15432 0.000387017
15433 0.000387006
15434 0.000386995
15435 0.000386983
15436 0.000386972
15437 0.000386961
15438 0.00038695
15439 0.000386938
15440 0.000386927
15441 0.000386916
15442 0.000386905
15443 0.000386893
15444 0.000386882
15445 0.000386871
15446 0.00038686
15447 0.000386848
15448 0.000386837
15449 0.000386826
15450 0.000386815
15451 0.000386803
15452 0.000386792
15453 0.000386781
15454 0.000386769
15455 0.000386758
15456 0.000386747
15457 0.000386736
15458 0.000386724
15459 0.000386713
15460 0.000386702
15461 0.00038669
15462 0.000386679
15463 0.000386668
15464 0.000386657
15465 0.000386645
15466 0.000386634
15467 0.000386623
15468 0.000386612
15469 0.0003866
15470 0.000386589
15471 0.000386578
15472 0.000386566
15473 0.000386555
15474 0.000386544
15475 0.000386532
15476 0.000386521
15477 0.00038651
15478 0.000386499
15479 0.000386487
15480 0.000386476
15481 0.000386465
15482 0.000386453
15483 0.000386442
15484 0.000386431
15485 0.000386419
15486 0.000386408
15487 0.000386397
15488 0.000386386
15489 0.000386374
15490 0.000386363
15491 0.000386352
15492 0.00038634
15493 0.000386329
15494 0.000386318
15495 0.000386306
15496 0.000386295
15497 0.000386284
15498 0.000386272
15499 0.000386261
15500 0.00038625
15501 0.000386238
15502 0.000386227
15503 0.000386216
15504 0.000386204
15505 0.000386193
15506 0.000386182
15507 0.000386171
15508 0.000386159
15509 0.000386148
15510 0.000386137
15511 0.000386125
15512 0.000386114
15513 0.000386103
15514 0.000386091
15515 0.00038608
15516 0.000386069
15517 0.000386057
15518 0.000386046
15519 0.000386035
15520 0.000386023
15521 0.000386012
15522 0.000386
15523 0.000385989
15524 0.000385978
15525 0.000385966
15526 0.000385955
15527 0.000385944
15528 0.000385932
15529 0.000385921
15530 0.00038591
15531 0.000385898
15532 0.000385887
15533 0.000385876
15534 0.000385864
15535 0.000385853
15536 0.000385842
15537 0.00038583
15538 0.000385819
15539 0.000385808
15540 0.000385796
15541 0.000385785
15542 0.000385774
15543 0.000385762
15544 0.000385751
15545 0.00038574
15546 0.000385728
15547 0.000385717
15548 0.000385705
15549 0.000385694
15550 0.000385683
15551 0.000385671
15552 0.00038566
15553 0.000385649
15554 0.000385637
15555 0.000385626
15556 0.000385615
15557 0.000385603
15558 0.000385592
15559 0.000385581
15560 0.000385569
15561 0.000385558
15562 0.000385546
15563 0.000385535
15564 0.000385524
15565 0.000385512
15566 0.000385501
15567 0.00038549
15568 0.000385478
15569 0.000385467
15570 0.000385456
15571 0.000385444
15572 0.000385433
15573 0.000385422
15574 0.00038541
15575 0.000385399
15576 0.000385388
15577 0.000385376
15578 0.000385365
15579 0.000385353
15580 0.000385342
15581 0.000385331
15582 0.000385319
15583 0.000385308
15584 0.000385297
15585 0.000385285
15586 0.000385274
15587 0.000385263
15588 0.000385251
15589 0.00038524
15590 0.000385229
15591 0.000385217
15592 0.000385206
15593 0.000385195
15594 0.000385183
15595 0.000385172
15596 0.000385161
15597 0.000385149
15598 0.000385138
15599 0.000385127
15600 0.000385115
15601 0.000385104
15602 0.000385093
15603 0.000385081
15604 0.00038507
15605 0.000385059
15606 0.000385047
15607 0.000385036
15608 0.000385025
15609 0.000385013
15610 0.000385002
15611 0.000384991
15612 0.000384979
15613 0.000384968
15614 0.000384957
15615 0.000384945
15616 0.000384934
15617 0.000384923
15618 0.000384911
15619 0.0003849
15620 0.000384889
15621 0.000384878
15622 0.000384866
15623 0.000384855
15624 0.000384844
15625 0.000384832
15626 0.000384821
15627 0.00038481
15628 0.000384798
15629 0.000384787
15630 0.000384776
15631 0.000384765
15632 0.000384753
15633 0.000384742
15634 0.000384731
15635 0.000384719
15636 0.000384708
15637 0.000384697
15638 0.000384686
15639 0.000384674
15640 0.000384663
15641 0.000384652
15642 0.000384641
15643 0.000384629
15644 0.000384618
15645 0.000384607
15646 0.000384595
15647 0.000384584
15648 0.000384573
15649 0.000384562
15650 0.00038455
15651 0.000384539
15652 0.000384528
15653 0.000384517
15654 0.000384505
15655 0.000384494
15656 0.000384483
15657 0.000384472
15658 0.000384461
15659 0.000384449
15660 0.000384438
15661 0.000384427
15662 0.000384416
15663 0.000384404
15664 0.000384393
15665 0.000384382
15666 0.000384371
15667 0.00038436
15668 0.000384348
15669 0.000384337
15670 0.000384326
15671 0.000384315
15672 0.000384304
15673 0.000384292
15674 0.000384281
15675 0.00038427
15676 0.000384259
15677 0.000384248
15678 0.000384236
15679 0.000384225
15680 0.000384214
15681 0.000384203
15682 0.000384192
15683 0.000384181
15684 0.000384169
15685 0.000384158
15686 0.000384147
15687 0.000384136
15688 0.000384125
15689 0.000384114
15690 0.000384103
15691 0.000384091
15692 0.00038408
15693 0.000384069
15694 0.000384058
15695 0.000384047
15696 0.000384036
15697 0.000384025
15698 0.000384013
15699 0.000384002
15700 0.000383991
15701 0.00038398
15702 0.000383969
15703 0.000383958
15704 0.000383947
15705 0.000383936
15706 0.000383925
15707 0.000383914
15708 0.000383902
15709 0.000383891
15710 0.00038388
15711 0.000383869
15712 0.000383858
15713 0.000383847
15714 0.000383836
15715 0.000383825
15716 0.000383814
15717 0.000383803
15718 0.000383792
15719 0.000383781
15720 0.00038377
15721 0.000383759
15722 0.000383748
15723 0.000383736
15724 0.000383725
15725 0.000383714
15726 0.000383703
15727 0.000383692
15728 0.000383681
15729 0.00038367
15730 0.000383659
15731 0.000383648
15732 0.000383637
15733 0.000383626
15734 0.000383615
15735 0.000383604
15736 0.000383593
15737 0.000383582
15738 0.000383571
15739 0.00038356
15740 0.000383549
15741 0.000383538
15742 0.000383527
15743 0.000383516
15744 0.000383505
15745 0.000383494
15746 0.000383483
15747 0.000383472
15748 0.000383461
15749 0.00038345
15750 0.00038344
15751 0.000383429
15752 0.000383418
15753 0.000383407
15754 0.000383396
15755 0.000383385
15756 0.000383374
15757 0.000383363
15758 0.000383352
15759 0.000383341
15760 0.00038333
15761 0.000383319
15762 0.000383308
15763 0.000383297
15764 0.000383286
15765 0.000383276
15766 0.000383265
15767 0.000383254
15768 0.000383243
15769 0.000383232
15770 0.000383221
15771 0.00038321
15772 0.000383199
15773 0.000383188
15774 0.000383177
15775 0.000383167
15776 0.000383156
15777 0.000383145
15778 0.000383134
15779 0.000383123
15780 0.000383112
15781 0.000383101
15782 0.000383091
15783 0.00038308
15784 0.000383069
15785 0.000383058
15786 0.000383047
15787 0.000383036
15788 0.000383025
15789 0.000383015
15790 0.000383004
15791 0.000382993
15792 0.000382982
15793 0.000382971
15794 0.00038296
15795 0.00038295
15796 0.000382939
15797 0.000382928
15798 0.000382917
15799 0.000382906
15800 0.000382896
15801 0.000382885
15802 0.000382874
15803 0.000382863
15804 0.000382852
15805 0.000382842
15806 0.000382831
15807 0.00038282
15808 0.000382809
15809 0.000382798
15810 0.000382788
15811 0.000382777
15812 0.000382766
15813 0.000382755
15814 0.000382744
15815 0.000382734
15816 0.000382723
15817 0.000382712
15818 0.000382701
15819 0.000382691
15820 0.00038268
15821 0.000382669
15822 0.000382658
15823 0.000382648
15824 0.000382637
15825 0.000382626
15826 0.000382615
15827 0.000382605
15828 0.000382594
15829 0.000382583
15830 0.000382572
15831 0.000382562
15832 0.000382551
15833 0.00038254
15834 0.00038253
15835 0.000382519
15836 0.000382508
15837 0.000382497
15838 0.000382487
15839 0.000382476
15840 0.000382465
15841 0.000382454
15842 0.000382444
15843 0.000382433
15844 0.000382422
15845 0.000382412
15846 0.000382401
15847 0.00038239
15848 0.00038238
15849 0.000382369
15850 0.000382358
15851 0.000382347
15852 0.000382337
15853 0.000382326
15854 0.000382315
15855 0.000382305
15856 0.000382294
15857 0.000382283
15858 0.000382273
15859 0.000382262
15860 0.000382251
15861 0.000382241
15862 0.00038223
15863 0.000382219
15864 0.000382209
15865 0.000382198
15866 0.000382187
15867 0.000382176
15868 0.000382166
15869 0.000382155
15870 0.000382144
15871 0.000382134
15872 0.000382123
15873 0.000382112
15874 0.000382102
15875 0.000382091
15876 0.00038208
15877 0.00038207
15878 0.000382059
15879 0.000382049
15880 0.000382038
15881 0.000382027
15882 0.000382017
15883 0.000382006
15884 0.000381995
15885 0.000381985
15886 0.000381974
15887 0.000381963
15888 0.000381953
15889 0.000381942
15890 0.000381931
15891 0.000381921
15892 0.00038191
15893 0.000381899
15894 0.000381889
15895 0.000381878
15896 0.000381867
15897 0.000381857
15898 0.000381846
15899 0.000381836
15900 0.000381825
15901 0.000381814
15902 0.000381804
15903 0.000381793
15904 0.000381782
15905 0.000381772
15906 0.000381761
15907 0.00038175
15908 0.00038174
15909 0.000381729
15910 0.000381719
15911 0.000381708
15912 0.000381697
15913 0.000381687
15914 0.000381676
15915 0.000381665
15916 0.000381655
15917 0.000381644
15918 0.000381633
15919 0.000381623
15920 0.000381612
15921 0.000381602
15922 0.000381591
15923 0.00038158
15924 0.00038157
15925 0.000381559
15926 0.000381548
15927 0.000381538
15928 0.000381527
15929 0.000381517
15930 0.000381506
15931 0.000381495
15932 0.000381485
15933 0.000381474
15934 0.000381463
15935 0.000381453
15936 0.000381442
15937 0.000381431
15938 0.000381421
15939 0.00038141
15940 0.0003814
15941 0.000381389
15942 0.000381378
15943 0.000381368
15944 0.000381357
15945 0.000381346
15946 0.000381336
15947 0.000381325
15948 0.000381315
15949 0.000381304
15950 0.000381293
15951 0.000381283
15952 0.000381272
15953 0.000381261
15954 0.000381251
15955 0.00038124
15956 0.00038123
15957 0.000381219
15958 0.000381208
15959 0.000381198
15960 0.000381187
15961 0.000381176
15962 0.000381166
15963 0.000381155
15964 0.000381144
15965 0.000381134
15966 0.000381123
15967 0.000381113
15968 0.000381102
15969 0.000381091
15970 0.000381081
15971 0.00038107
15972 0.000381059
15973 0.000381049
15974 0.000381038
15975 0.000381027
15976 0.000381017
15977 0.000381006
15978 0.000380995
15979 0.000380985
15980 0.000380974
15981 0.000380964
15982 0.000380953
15983 0.000380942
15984 0.000380932
15985 0.000380921
15986 0.00038091
15987 0.0003809
15988 0.000380889
15989 0.000380878
15990 0.000380868
15991 0.000380857
15992 0.000380846
15993 0.000380836
15994 0.000380825
15995 0.000380814
15996 0.000380804
15997 0.000380793
15998 0.000380783
15999 0.000380772
16000 0.000380761
16001 0.000380751
16002 0.00038074
16003 0.000380729
16004 0.000380719
16005 0.000380708
16006 0.000380697
16007 0.000380687
16008 0.000380676
16009 0.000380665
16010 0.000380655
16011 0.000380644
16012 0.000380633
16013 0.000380623
16014 0.000380612
16015 0.000380601
16016 0.000380591
16017 0.00038058
16018 0.000380569
16019 0.000380559
16020 0.000380548
16021 0.000380537
16022 0.000380527
16023 0.000380516
16024 0.000380505
16025 0.000380495
16026 0.000380484
16027 0.000380473
16028 0.000380463
16029 0.000380452
16030 0.000380441
16031 0.000380431
16032 0.00038042
16033 0.000380409
16034 0.000380399
16035 0.000380388
16036 0.000380377
16037 0.000380367
16038 0.000380356
16039 0.000380345
16040 0.000380335
16041 0.000380324
16042 0.000380313
16043 0.000380303
16044 0.000380292
16045 0.000380281
16046 0.000380271
16047 0.00038026
16048 0.000380249
16049 0.000380239
16050 0.000380228
16051 0.000380217
16052 0.000380207
16053 0.000380196
16054 0.000380185
16055 0.000380175
16056 0.000380164
16057 0.000380153
16058 0.000380143
16059 0.000380132
16060 0.000380121
16061 0.000380111
16062 0.0003801
16063 0.000380089
16064 0.000380079
16065 0.000380068
16066 0.000380057
16067 0.000380047
16068 0.000380036
16069 0.000380025
16070 0.000380015
16071 0.000380004
16072 0.000379993
16073 0.000379983
16074 0.000379972
16075 0.000379961
16076 0.000379951
16077 0.00037994
16078 0.000379929
16079 0.000379919
16080 0.000379908
16081 0.000379897
16082 0.000379887
16083 0.000379876
16084 0.000379865
16085 0.000379855
16086 0.000379844
16087 0.000379833
16088 0.000379823
16089 0.000379812
16090 0.000379801
16091 0.000379791
16092 0.00037978
16093 0.000379769
16094 0.000379759
16095 0.000379748
16096 0.000379737
16097 0.000379727
16098 0.000379716
16099 0.000379705
16100 0.000379695
16101 0.000379684
16102 0.000379673
16103 0.000379663
16104 0.000379652
16105 0.000379642
16106 0.000379631
16107 0.00037962
16108 0.00037961
16109 0.000379599
16110 0.000379588
16111 0.000379578
16112 0.000379567
16113 0.000379556
16114 0.000379546
16115 0.000379535
16116 0.000379524
16117 0.000379514
16118 0.000379503
16119 0.000379492
16120 0.000379482
16121 0.000379471
16122 0.000379461
16123 0.00037945
16124 0.000379439
16125 0.000379429
16126 0.000379418
16127 0.000379407
16128 0.000379397
16129 0.000379386
16130 0.000379376
16131 0.000379365
16132 0.000379354
16133 0.000379344
16134 0.000379333
16135 0.000379322
16136 0.000379312
16137 0.000379301
16138 0.000379291
16139 0.00037928
16140 0.000379269
16141 0.000379259
16142 0.000379248
16143 0.000379237
16144 0.000379227
16145 0.000379216
16146 0.000379206
16147 0.000379195
16148 0.000379184
16149 0.000379174
16150 0.000379163
16151 0.000379153
16152 0.000379142
16153 0.000379131
16154 0.000379121
16155 0.00037911
16156 0.0003791
16157 0.000379089
16158 0.000379079
16159 0.000379068
16160 0.000379057
16161 0.000379047
16162 0.000379036
16163 0.000379026
16164 0.000379015
16165 0.000379005
16166 0.000378994
16167 0.000378983
16168 0.000378973
16169 0.000378962
16170 0.000378952
16171 0.000378941
16172 0.000378931
16173 0.00037892
16174 0.000378909
16175 0.000378899
16176 0.000378888
16177 0.000378878
16178 0.000378867
16179 0.000378857
16180 0.000378846
16181 0.000378836
16182 0.000378825
16183 0.000378815
16184 0.000378804
16185 0.000378793
16186 0.000378783
16187 0.000378772
16188 0.000378762
16189 0.000378751
16190 0.000378741
16191 0.00037873
16192 0.00037872
16193 0.000378709
16194 0.000378699
16195 0.000378688
16196 0.000378678
16197 0.000378667
16198 0.000378657
16199 0.000378646
16200 0.000378636
16201 0.000378625
16202 0.000378615
16203 0.000378604
16204 0.000378594
16205 0.000378583
16206 0.000378573
16207 0.000378562
16208 0.000378552
16209 0.000378541
16210 0.000378531
16211 0.00037852
16212 0.00037851
16213 0.000378499
16214 0.000378489
16215 0.000378478
16216 0.000378468
16217 0.000378458
16218 0.000378447
16219 0.000378437
16220 0.000378426
16221 0.000378416
16222 0.000378405
16223 0.000378395
16224 0.000378384
16225 0.000378374
16226 0.000378363
16227 0.000378353
16228 0.000378343
16229 0.000378332
16230 0.000378322
16231 0.000378311
16232 0.000378301
16233 0.00037829
16234 0.00037828
16235 0.00037827
16236 0.000378259
16237 0.000378249
16238 0.000378238
16239 0.000378228
16240 0.000378218
16241 0.000378207
16242 0.000378197
16243 0.000378186
16244 0.000378176
16245 0.000378166
16246 0.000378155
16247 0.000378145
16248 0.000378134
16249 0.000378124
16250 0.000378114
16251 0.000378103
16252 0.000378093
16253 0.000378082
16254 0.000378072
16255 0.000378062
16256 0.000378051
16257 0.000378041
16258 0.000378031
16259 0.00037802
16260 0.00037801
16261 0.000378
16262 0.000377989
16263 0.000377979
16264 0.000377969
16265 0.000377958
16266 0.000377948
16267 0.000377937
16268 0.000377927
16269 0.000377917
16270 0.000377906
16271 0.000377896
16272 0.000377886
16273 0.000377875
16274 0.000377865
16275 0.000377855
16276 0.000377845
16277 0.000377834
16278 0.000377824
16279 0.000377814
16280 0.000377803
16281 0.000377793
16282 0.000377783
16283 0.000377772
16284 0.000377762
16285 0.000377752
16286 0.000377741
16287 0.000377731
16288 0.000377721
16289 0.000377711
16290 0.0003777
16291 0.00037769
16292 0.00037768
16293 0.000377669
16294 0.000377659
16295 0.000377649
16296 0.000377639
16297 0.000377628
16298 0.000377618
16299 0.000377608
16300 0.000377598
16301 0.000377587
16302 0.000377577
16303 0.000377567
16304 0.000377556
16305 0.000377546
16306 0.000377536
16307 0.000377526
16308 0.000377515
16309 0.000377505
16310 0.000377495
16311 0.000377485
16312 0.000377474
16313 0.000377464
16314 0.000377454
16315 0.000377444
16316 0.000377434
16317 0.000377423
16318 0.000377413
16319 0.000377403
16320 0.000377393
16321 0.000377382
16322 0.000377372
16323 0.000377362
16324 0.000377352
16325 0.000377342
16326 0.000377331
16327 0.000377321
16328 0.000377311
16329 0.000377301
16330 0.00037729
16331 0.00037728
16332 0.00037727
16333 0.00037726
16334 0.00037725
16335 0.000377239
16336 0.000377229
16337 0.000377219
16338 0.000377209
16339 0.000377199
16340 0.000377189
16341 0.000377178
16342 0.000377168
16343 0.000377158
16344 0.000377148
16345 0.000377138
16346 0.000377127
16347 0.000377117
16348 0.000377107
16349 0.000377097
16350 0.000377087
16351 0.000377077
16352 0.000377066
16353 0.000377056
16354 0.000377046
16355 0.000377036
16356 0.000377026
16357 0.000377016
16358 0.000377005
16359 0.000376995
16360 0.000376985
16361 0.000376975
16362 0.000376965
16363 0.000376955
16364 0.000376945
16365 0.000376934
16366 0.000376924
16367 0.000376914
16368 0.000376904
16369 0.000376894
16370 0.000376884
16371 0.000376873
16372 0.000376863
16373 0.000376853
16374 0.000376843
16375 0.000376833
16376 0.000376823
16377 0.000376813
16378 0.000376803
16379 0.000376792
16380 0.000376782
16381 0.000376772
16382 0.000376762
16383 0.000376752
16384 0.000376742
16385 0.000376732
16386 0.000376722
16387 0.000376711
16388 0.000376701
16389 0.000376691
16390 0.000376681
16391 0.000376671
16392 0.000376661
16393 0.000376651
16394 0.000376641
16395 0.00037663
16396 0.00037662
16397 0.00037661
16398 0.0003766
16399 0.00037659
16400 0.00037658
16401 0.00037657
16402 0.00037656
16403 0.00037655
16404 0.000376539
16405 0.000376529
16406 0.000376519
16407 0.000376509
16408 0.000376499
16409 0.000376489
16410 0.000376479
16411 0.000376469
16412 0.000376459
16413 0.000376448
16414 0.000376438
16415 0.000376428
16416 0.000376418
16417 0.000376408
16418 0.000376398
16419 0.000376388
16420 0.000376378
16421 0.000376368
16422 0.000376358
16423 0.000376348
16424 0.000376337
16425 0.000376327
16426 0.000376317
16427 0.000376307
16428 0.000376297
16429 0.000376287
16430 0.000376277
16431 0.000376267
16432 0.000376257
16433 0.000376247
16434 0.000376236
16435 0.000376226
16436 0.000376216
16437 0.000376206
16438 0.000376196
16439 0.000376186
16440 0.000376176
16441 0.000376166
16442 0.000376156
16443 0.000376146
16444 0.000376136
16445 0.000376125
16446 0.000376115
16447 0.000376105
16448 0.000376095
16449 0.000376085
16450 0.000376075
16451 0.000376065
16452 0.000376055
16453 0.000376045
16454 0.000376035
16455 0.000376025
16456 0.000376015
16457 0.000376004
16458 0.000375994
16459 0.000375984
16460 0.000375974
16461 0.000375964
16462 0.000375954
16463 0.000375944
16464 0.000375934
16465 0.000375924
16466 0.000375914
16467 0.000375904
16468 0.000375893
16469 0.000375883
16470 0.000375873
16471 0.000375863
16472 0.000375853
16473 0.000375843
16474 0.000375833
16475 0.000375823
16476 0.000375813
16477 0.000375803
16478 0.000375793
16479 0.000375783
16480 0.000375772
16481 0.000375762
16482 0.000375752
16483 0.000375742
16484 0.000375732
16485 0.000375722
16486 0.000375712
16487 0.000375702
16488 0.000375692
16489 0.000375682
16490 0.000375672
16491 0.000375661
16492 0.000375651
16493 0.000375641
16494 0.000375631
16495 0.000375621
16496 0.000375611
16497 0.000375601
16498 0.000375591
16499 0.000375581
16500 0.000375571
16501 0.000375561
16502 0.00037555
16503 0.00037554
16504 0.00037553
16505 0.00037552
16506 0.00037551
16507 0.0003755
16508 0.00037549
16509 0.00037548
16510 0.00037547
16511 0.00037546
16512 0.00037545
16513 0.000375439
16514 0.000375429
16515 0.000375419
16516 0.000375409
16517 0.000375399
16518 0.000375389
16519 0.000375379
16520 0.000375369
16521 0.000375359
16522 0.000375349
16523 0.000375339
16524 0.000375328
16525 0.000375318
16526 0.000375308
16527 0.000375298
16528 0.000375288
16529 0.000375278
16530 0.000375268
16531 0.000375258
16532 0.000375248
16533 0.000375238
16534 0.000375228
16535 0.000375217
16536 0.000375207
16537 0.000375197
16538 0.000375187
16539 0.000375177
16540 0.000375167
16541 0.000375157
16542 0.000375147
16543 0.000375137
16544 0.000375127
16545 0.000375117
16546 0.000375106
16547 0.000375096
16548 0.000375086
16549 0.000375076
16550 0.000375066
16551 0.000375056
16552 0.000375046
16553 0.000375036
16554 0.000375026
16555 0.000375016
16556 0.000375006
16557 0.000374995
16558 0.000374985
16559 0.000374975
16560 0.000374965
16561 0.000374955
16562 0.000374945
16563 0.000374935
16564 0.000374925
16565 0.000374915
16566 0.000374905
16567 0.000374894
16568 0.000374884
16569 0.000374874
16570 0.000374864
16571 0.000374854
16572 0.000374844
16573 0.000374834
16574 0.000374824
16575 0.000374814
16576 0.000374804
16577 0.000374794
16578 0.000374783
16579 0.000374773
16580 0.000374763
16581 0.000374753
16582 0.000374743
16583 0.000374733
16584 0.000374723
16585 0.000374713
16586 0.000374703
16587 0.000374693
16588 0.000374683
16589 0.000374673
16590 0.000374662
16591 0.000374652
16592 0.000374642
16593 0.000374632
16594 0.000374622
16595 0.000374612
16596 0.000374602
16597 0.000374592
16598 0.000374582
16599 0.000374572
16600 0.000374562
16601 0.000374552
16602 0.000374541
16603 0.000374531
16604 0.000374521
16605 0.000374511
16606 0.000374501
16607 0.000374491
16608 0.000374481
16609 0.000374471
16610 0.000374461
16611 0.000374451
16612 0.000374441
16613 0.000374431
16614 0.000374421
16615 0.00037441
16616 0.0003744
16617 0.00037439
16618 0.00037438
16619 0.00037437
16620 0.00037436
16621 0.00037435
16622 0.00037434
16623 0.00037433
16624 0.00037432
16625 0.00037431
16626 0.0003743
16627 0.00037429
16628 0.00037428
16629 0.00037427
16630 0.000374259
16631 0.000374249
16632 0.000374239
16633 0.000374229
16634 0.000374219
16635 0.000374209
16636 0.000374199
16637 0.000374189
16638 0.000374179
16639 0.000374169
16640 0.000374159
16641 0.000374149
16642 0.000374139
16643 0.000374129
16644 0.000374119
16645 0.000374109
16646 0.000374099
16647 0.000374089
16648 0.000374079
16649 0.000374069
16650 0.000374058
16651 0.000374048
16652 0.000374038
16653 0.000374028
16654 0.000374018
16655 0.000374008
16656 0.000373998
16657 0.000373988
16658 0.000373978
16659 0.000373968
16660 0.000373958
16661 0.000373948
16662 0.000373938
16663 0.000373928
16664 0.000373918
16665 0.000373908
16666 0.000373898
16667 0.000373888
16668 0.000373878
16669 0.000373868
16670 0.000373858
16671 0.000373848
16672 0.000373838
16673 0.000373828
16674 0.000373818
16675 0.000373808
16676 0.000373798
16677 0.000373788
16678 0.000373778
16679 0.000373768
16680 0.000373758
16681 0.000373748
16682 0.000373738
16683 0.000373728
16684 0.000373718
16685 0.000373708
16686 0.000373698
16687 0.000373688
16688 0.000373678
16689 0.000373668
16690 0.000373658
16691 0.000373648
16692 0.000373638
16693 0.000373628
16694 0.000373618
16695 0.000373608
16696 0.000373598
16697 0.000373588
16698 0.000373578
16699 0.000373568
16700 0.000373558
16701 0.000373548
16702 0.000373538
16703 0.000373528
16704 0.000373518
16705 0.000373508
16706 0.000373498
16707 0.000373488
16708 0.000373478
16709 0.000373469
16710 0.000373459
16711 0.000373449
16712 0.000373439
16713 0.000373429
16714 0.000373419
16715 0.000373409
16716 0.000373399
16717 0.000373389
16718 0.000373379
16719 0.000373369
16720 0.000373359
16721 0.000373349
16722 0.000373339
16723 0.000373329
16724 0.000373319
16725 0.000373309
16726 0.0003733
16727 0.00037329
16728 0.00037328
16729 0.00037327
16730 0.00037326
16731 0.00037325
16732 0.00037324
16733 0.00037323
16734 0.00037322
16735 0.00037321
16736 0.0003732
16737 0.000373191
16738 0.000373181
16739 0.000373171
16740 0.000373161
16741 0.000373151
16742 0.000373141
16743 0.000373131
16744 0.000373121
16745 0.000373111
16746 0.000373101
16747 0.000373092
16748 0.000373082
16749 0.000373072
16750 0.000373062
16751 0.000373052
16752 0.000373042
16753 0.000373032
16754 0.000373022
16755 0.000373013
16756 0.000373003
16757 0.000372993
16758 0.000372983
16759 0.000372973
16760 0.000372963
16761 0.000372953
16762 0.000372943
16763 0.000372934
16764 0.000372924
16765 0.000372914
16766 0.000372904
16767 0.000372894
16768 0.000372884
16769 0.000372875
16770 0.000372865
16771 0.000372855
16772 0.000372845
16773 0.000372835
16774 0.000372825
16775 0.000372816
16776 0.000372806
16777 0.000372796
16778 0.000372786
16779 0.000372776
16780 0.000372766
16781 0.000372757
16782 0.000372747
16783 0.000372737
16784 0.000372727
16785 0.000372717
16786 0.000372707
16787 0.000372698
16788 0.000372688
16789 0.000372678
16790 0.000372668
16791 0.000372658
16792 0.000372649
16793 0.000372639
16794 0.000372629
16795 0.000372619
16796 0.000372609
16797 0.0003726
16798 0.00037259
16799 0.00037258
16800 0.00037257
16801 0.00037256
16802 0.000372551
16803 0.000372541
16804 0.000372531
16805 0.000372521
16806 0.000372512
16807 0.000372502
16808 0.000372492
16809 0.000372482
16810 0.000372472
16811 0.000372463
16812 0.000372453
16813 0.000372443
16814 0.000372433
16815 0.000372424
16816 0.000372414
16817 0.000372404
16818 0.000372394
16819 0.000372385
16820 0.000372375
16821 0.000372365
16822 0.000372355
16823 0.000372346
16824 0.000372336
16825 0.000372326
16826 0.000372316
16827 0.000372307
16828 0.000372297
16829 0.000372287
16830 0.000372277
16831 0.000372268
16832 0.000372258
16833 0.000372248
16834 0.000372238
16835 0.000372229
16836 0.000372219
16837 0.000372209
16838 0.0003722
16839 0.00037219
16840 0.00037218
16841 0.00037217
16842 0.000372161
16843 0.000372151
16844 0.000372141
16845 0.000372132
16846 0.000372122
16847 0.000372112
16848 0.000372102
16849 0.000372093
16850 0.000372083
16851 0.000372073
16852 0.000372064
16853 0.000372054
16854 0.000372044
16855 0.000372034
16856 0.000372025
16857 0.000372015
16858 0.000372005
16859 0.000371996
16860 0.000371986
16861 0.000371976
16862 0.000371967
16863 0.000371957
16864 0.000371947
16865 0.000371937
16866 0.000371928
16867 0.000371918
16868 0.000371908
16869 0.000371899
16870 0.000371889
16871 0.000371879
16872 0.00037187
16873 0.00037186
16874 0.00037185
16875 0.000371841
16876 0.000371831
16877 0.000371821
16878 0.000371812
16879 0.000371802
16880 0.000371792
16881 0.000371783
16882 0.000371773
16883 0.000371763
16884 0.000371754
16885 0.000371744
16886 0.000371734
16887 0.000371725
16888 0.000371715
16889 0.000371705
16890 0.000371696
16891 0.000371686
16892 0.000371676
16893 0.000371667
16894 0.000371657
16895 0.000371647
16896 0.000371638
16897 0.000371628
16898 0.000371618
16899 0.000371609
16900 0.000371599
16901 0.000371589
16902 0.00037158
16903 0.00037157
16904 0.00037156
16905 0.000371551
16906 0.000371541
16907 0.000371532
16908 0.000371522
16909 0.000371512
16910 0.000371503
16911 0.000371493
16912 0.000371483
16913 0.000371474
16914 0.000371464
16915 0.000371454
16916 0.000371445
16917 0.000371435
16918 0.000371425
16919 0.000371416
16920 0.000371406
16921 0.000371397
16922 0.000371387
16923 0.000371377
16924 0.000371368
16925 0.000371358
16926 0.000371348
16927 0.000371339
16928 0.000371329
16929 0.000371319
16930 0.00037131
16931 0.0003713
16932 0.000371291
16933 0.000371281
16934 0.000371271
16935 0.000371262
16936 0.000371252
16937 0.000371242
16938 0.000371233
16939 0.000371223
16940 0.000371214
16941 0.000371204
16942 0.000371194
16943 0.000371185
16944 0.000371175
16945 0.000371165
16946 0.000371156
16947 0.000371146
16948 0.000371137
16949 0.000371127
16950 0.000371117
16951 0.000371108
16952 0.000371098
16953 0.000371088
16954 0.000371079
16955 0.000371069
16956 0.00037106
16957 0.00037105
16958 0.00037104
16959 0.000371031
16960 0.000371021
16961 0.000371012
16962 0.000371002
16963 0.000370992
16964 0.000370983
16965 0.000370973
16966 0.000370963
16967 0.000370954
16968 0.000370944
16969 0.000370935
16970 0.000370925
16971 0.000370915
16972 0.000370906
16973 0.000370896
16974 0.000370886
16975 0.000370877
16976 0.000370867
16977 0.000370858
16978 0.000370848
16979 0.000370838
16980 0.000370829
16981 0.000370819
16982 0.00037081
16983 0.0003708
16984 0.00037079
16985 0.000370781
16986 0.000370771
16987 0.000370762
16988 0.000370752
16989 0.000370742
16990 0.000370733
16991 0.000370723
16992 0.000370713
16993 0.000370704
16994 0.000370694
16995 0.000370685
16996 0.000370675
16997 0.000370665
16998 0.000370656
16999 0.000370646
17000 0.000370637
17001 0.000370627
17002 0.000370617
17003 0.000370608
17004 0.000370598
17005 0.000370589
17006 0.000370579
17007 0.000370569
17008 0.00037056
17009 0.00037055
17010 0.00037054
17011 0.000370531
17012 0.000370521
17013 0.000370512
17014 0.000370502
17015 0.000370492
17016 0.000370483
17017 0.000370473
17018 0.000370464
17019 0.000370454
17020 0.000370444
17021 0.000370435
17022 0.000370425
17023 0.000370416
17024 0.000370406
17025 0.000370396
17026 0.000370387
17027 0.000370377
17028 0.000370368
17029 0.000370358
17030 0.000370348
17031 0.000370339
17032 0.000370329
17033 0.000370319
17034 0.00037031
17035 0.0003703
17036 0.000370291
17037 0.000370281
17038 0.000370271
17039 0.000370262
17040 0.000370252
17041 0.000370243
17042 0.000370233
17043 0.000370223
17044 0.000370214
17045 0.000370204
17046 0.000370195
17047 0.000370185
17048 0.000370175
17049 0.000370166
17050 0.000370156
17051 0.000370147
17052 0.000370137
17053 0.000370127
17054 0.000370118
17055 0.000370108
17056 0.000370099
17057 0.000370089
17058 0.000370079
17059 0.00037007
17060 0.00037006
17061 0.000370051
17062 0.000370041
17063 0.000370031
17064 0.000370022
17065 0.000370012
17066 0.000370003
17067 0.000369993
17068 0.000369983
17069 0.000369974
17070 0.000369964
17071 0.000369955
17072 0.000369945
17073 0.000369935
17074 0.000369926
17075 0.000369916
17076 0.000369906
17077 0.000369897
17078 0.000369887
17079 0.000369878
17080 0.000369868
17081 0.000369858
17082 0.000369849
17083 0.000369839
17084 0.00036983
17085 0.00036982
17086 0.000369811
17087 0.000369801
17088 0.000369791
17089 0.000369782
17090 0.000369772
17091 0.000369763
17092 0.000369753
17093 0.000369743
17094 0.000369734
17095 0.000369724
17096 0.000369715
17097 0.000369705
17098 0.000369695
17099 0.000369686
17100 0.000369676
17101 0.000369667
17102 0.000369657
17103 0.000369647
17104 0.000369638
17105 0.000369628
17106 0.000369619
17107 0.000369609
17108 0.000369599
17109 0.00036959
17110 0.00036958
17111 0.000369571
17112 0.000369561
17113 0.000369552
17114 0.000369542
17115 0.000369532
17116 0.000369523
17117 0.000369513
17118 0.000369504
17119 0.000369494
17120 0.000369484
17121 0.000369475
17122 0.000369465
17123 0.000369456
17124 0.000369446
17125 0.000369437
17126 0.000369427
17127 0.000369417
17128 0.000369408
17129 0.000369398
17130 0.000369389
17131 0.000369379
17132 0.000369369
17133 0.00036936
17134 0.00036935
17135 0.000369341
17136 0.000369331
17137 0.000369322
17138 0.000369312
17139 0.000369302
17140 0.000369293
17141 0.000369283
17142 0.000369274
17143 0.000369264
17144 0.000369255
17145 0.000369245
17146 0.000369236
17147 0.000369226
17148 0.000369216
17149 0.000369207
17150 0.000369197
17151 0.000369188
17152 0.000369178
17153 0.000369169
17154 0.000369159
17155 0.000369149
17156 0.00036914
17157 0.00036913
17158 0.000369121
17159 0.000369111
17160 0.000369102
17161 0.000369092
17162 0.000369083
17163 0.000369073
17164 0.000369064
17165 0.000369054
17166 0.000369044
17167 0.000369035
17168 0.000369025
17169 0.000369016
17170 0.000369006
17171 0.000368997
17172 0.000368987
17173 0.000368978
17174 0.000368968
17175 0.000368959
17176 0.000368949
17177 0.000368939
17178 0.00036893
17179 0.00036892
17180 0.000368911
17181 0.000368901
17182 0.000368892
17183 0.000368882
17184 0.000368873
17185 0.000368863
17186 0.000368854
17187 0.000368844
17188 0.000368835
17189 0.000368825
17190 0.000368816
17191 0.000368806
17192 0.000368797
17193 0.000368787
17194 0.000368778
17195 0.000368768
17196 0.000368759
17197 0.000368749
17198 0.00036874
17199 0.00036873
17200 0.00036872
17201 0.000368711
17202 0.000368701
17203 0.000368692
17204 0.000368682
17205 0.000368673
17206 0.000368663
17207 0.000368654
17208 0.000368644
17209 0.000368635
17210 0.000368625
17211 0.000368616
17212 0.000368606
17213 0.000368597
17214 0.000368587
17215 0.000368578
17216 0.000368569
17217 0.000368559
17218 0.00036855
17219 0.00036854
17220 0.000368531
17221 0.000368521
17222 0.000368512
17223 0.000368502
17224 0.000368493
17225 0.000368483
17226 0.000368474
17227 0.000368464
17228 0.000368455
17229 0.000368445
17230 0.000368436
17231 0.000368426
17232 0.000368417
17233 0.000368407
17234 0.000368398
17235 0.000368388
17236 0.000368379
17237 0.00036837
17238 0.00036836
17239 0.000368351
17240 0.000368341
17241 0.000368332
17242 0.000368322
17243 0.000368313
17244 0.000368303
17245 0.000368294
17246 0.000368284
17247 0.000368275
17248 0.000368266
17249 0.000368256
17250 0.000368247
17251 0.000368237
17252 0.000368228
17253 0.000368218
17254 0.000368209
17255 0.0003682
17256 0.00036819
17257 0.000368181
17258 0.000368171
17259 0.000368162
17260 0.000368152
17261 0.000368143
17262 0.000368134
17263 0.000368124
17264 0.000368115
17265 0.000368105
17266 0.000368096
17267 0.000368086
17268 0.000368077
17269 0.000368068
17270 0.000368058
17271 0.000368049
17272 0.000368039
17273 0.00036803
17274 0.000368021
17275 0.000368011
17276 0.000368002
17277 0.000367992
17278 0.000367983
17279 0.000367974
17280 0.000367964
17281 0.000367955
17282 0.000367945
17283 0.000367936
17284 0.000367927
17285 0.000367917
17286 0.000367908
17287 0.000367898
17288 0.000367889
17289 0.00036788
17290 0.00036787
17291 0.000367861
17292 0.000367851
17293 0.000367842
17294 0.000367833
17295 0.000367823
17296 0.000367814
17297 0.000367805
17298 0.000367795
17299 0.000367786
17300 0.000367776
17301 0.000367767
17302 0.000367758
17303 0.000367748
17304 0.000367739
17305 0.00036773
17306 0.00036772
17307 0.000367711
17308 0.000367702
17309 0.000367692
17310 0.000367683
17311 0.000367674
17312 0.000367664
17313 0.000367655
17314 0.000367645
17315 0.000367636
17316 0.000367627
17317 0.000367617
17318 0.000367608
17319 0.000367599
17320 0.000367589
17321 0.00036758
17322 0.000367571
17323 0.000367561
17324 0.000367552
17325 0.000367543
17326 0.000367533
17327 0.000367524
17328 0.000367515
17329 0.000367505
17330 0.000367496
17331 0.000367487
17332 0.000367477
17333 0.000367468
17334 0.000367459
17335 0.000367449
17336 0.00036744
17337 0.000367431
17338 0.000367421
17339 0.000367412
17340 0.000367403
17341 0.000367394
17342 0.000367384
17343 0.000367375
17344 0.000367366
17345 0.000367356
17346 0.000367347
17347 0.000367338
17348 0.000367328
17349 0.000367319
17350 0.00036731
17351 0.0003673
17352 0.000367291
17353 0.000367282
17354 0.000367273
17355 0.000367263
17356 0.000367254
17357 0.000367245
17358 0.000367235
17359 0.000367226
17360 0.000367217
17361 0.000367207
17362 0.000367198
17363 0.000367189
17364 0.00036718
17365 0.00036717
17366 0.000367161
17367 0.000367152
17368 0.000367142
17369 0.000367133
17370 0.000367124
17371 0.000367115
17372 0.000367105
17373 0.000367096
17374 0.000367087
17375 0.000367078
17376 0.000367068
17377 0.000367059
17378 0.00036705
17379 0.00036704
17380 0.000367031
17381 0.000367022
17382 0.000367013
17383 0.000367003
17384 0.000366994
17385 0.000366985
17386 0.000366976
17387 0.000366966
17388 0.000366957
17389 0.000366948
17390 0.000366939
17391 0.000366929
17392 0.00036692
17393 0.000366911
17394 0.000366901
17395 0.000366892
17396 0.000366883
17397 0.000366874
17398 0.000366864
17399 0.000366855
17400 0.000366846
17401 0.000366837
17402 0.000366827
17403 0.000366818
17404 0.000366809
17405 0.0003668
17406 0.00036679
17407 0.000366781
17408 0.000366772
17409 0.000366763
17410 0.000366753
17411 0.000366744
17412 0.000366735
17413 0.000366726
17414 0.000366717
17415 0.000366707
17416 0.000366698
17417 0.000366689
17418 0.00036668
17419 0.00036667
17420 0.000366661
17421 0.000366652
17422 0.000366643
17423 0.000366633
17424 0.000366624
17425 0.000366615
17426 0.000366606
17427 0.000366596
17428 0.000366587
17429 0.000366578
17430 0.000366569
17431 0.00036656
17432 0.00036655
17433 0.000366541
17434 0.000366532
17435 0.000366523
17436 0.000366513
17437 0.000366504
17438 0.000366495
17439 0.000366486
17440 0.000366476
17441 0.000366467
17442 0.000366458
17443 0.000366449
17444 0.00036644
17445 0.00036643
17446 0.000366421
17447 0.000366412
17448 0.000366403
17449 0.000366394
17450 0.000366384
17451 0.000366375
17452 0.000366366
17453 0.000366357
17454 0.000366347
17455 0.000366338
17456 0.000366329
17457 0.00036632
17458 0.000366311
17459 0.000366301
17460 0.000366292
17461 0.000366283
17462 0.000366274
17463 0.000366264
17464 0.000366255
17465 0.000366246
17466 0.000366237
17467 0.000366228
17468 0.000366218
17469 0.000366209
17470 0.0003662
17471 0.000366191
17472 0.000366182
17473 0.000366172
17474 0.000366163
17475 0.000366154
17476 0.000366145
17477 0.000366136
17478 0.000366126
17479 0.000366117
17480 0.000366108
17481 0.000366099
17482 0.00036609
17483 0.00036608
17484 0.000366071
17485 0.000366062
17486 0.000366053
17487 0.000366043
17488 0.000366034
17489 0.000366025
17490 0.000366016
17491 0.000366007
17492 0.000365997
17493 0.000365988
17494 0.000365979
17495 0.00036597
17496 0.000365961
17497 0.000365951
17498 0.000365942
17499 0.000365933
17500 0.000365924
17501 0.000365915
17502 0.000365905
17503 0.000365896
17504 0.000365887
17505 0.000365878
17506 0.000365869
17507 0.000365859
17508 0.00036585
17509 0.000365841
17510 0.000365832
17511 0.000365823
17512 0.000365813
17513 0.000365804
17514 0.000365795
17515 0.000365786
17516 0.000365777
17517 0.000365767
17518 0.000365758
17519 0.000365749
17520 0.00036574
17521 0.000365731
17522 0.000365721
17523 0.000365712
17524 0.000365703
17525 0.000365694
17526 0.000365685
17527 0.000365676
17528 0.000365666
17529 0.000365657
17530 0.000365648
17531 0.000365639
17532 0.00036563
17533 0.00036562
17534 0.000365611
17535 0.000365602
17536 0.000365593
17537 0.000365584
17538 0.000365574
17539 0.000365565
17540 0.000365556
17541 0.000365547
17542 0.000365538
17543 0.000365528
17544 0.000365519
17545 0.00036551
17546 0.000365501
17547 0.000365492
17548 0.000365482
17549 0.000365473
17550 0.000365464
17551 0.000365455
17552 0.000365446
17553 0.000365437
17554 0.000365427
17555 0.000365418
17556 0.000365409
17557 0.0003654
17558 0.000365391
17559 0.000365381
17560 0.000365372
17561 0.000365363
17562 0.000365354
17563 0.000365345
17564 0.000365335
17565 0.000365326
17566 0.000365317
17567 0.000365308
17568 0.000365299
17569 0.00036529
17570 0.00036528
17571 0.000365271
17572 0.000365262
17573 0.000365253
17574 0.000365244
17575 0.000365234
17576 0.000365225
17577 0.000365216
17578 0.000365207
17579 0.000365198
17580 0.000365189
17581 0.000365179
17582 0.00036517
17583 0.000365161
17584 0.000365152
17585 0.000365143
17586 0.000365133
17587 0.000365124
17588 0.000365115
17589 0.000365106
17590 0.000365097
17591 0.000365088
17592 0.000365078
17593 0.000365069
17594 0.00036506
17595 0.000365051
17596 0.000365042
17597 0.000365032
17598 0.000365023
17599 0.000365014
17600 0.000365005
17601 0.000364996
17602 0.000364987
17603 0.000364977
17604 0.000364968
17605 0.000364959
17606 0.00036495
17607 0.000364941
17608 0.000364932
17609 0.000364922
17610 0.000364913
17611 0.000364904
17612 0.000364895
17613 0.000364886
17614 0.000364877
17615 0.000364867
17616 0.000364858
17617 0.000364849
17618 0.00036484
17619 0.000364831
17620 0.000364822
17621 0.000364812
17622 0.000364803
17623 0.000364794
17624 0.000364785
17625 0.000364776
17626 0.000364767
17627 0.000364757
17628 0.000364748
17629 0.000364739
17630 0.00036473
17631 0.000364721
17632 0.000364712
17633 0.000364702
17634 0.000364693
17635 0.000364684
17636 0.000364675
17637 0.000364666
17638 0.000364657
17639 0.000364647
17640 0.000364638
17641 0.000364629
17642 0.00036462
17643 0.000364611
17644 0.000364602
17645 0.000364593
17646 0.000364583
17647 0.000364574
17648 0.000364565
17649 0.000364556
17650 0.000364547
17651 0.000364538
17652 0.000364529
17653 0.000364519
17654 0.00036451
17655 0.000364501
17656 0.000364492
17657 0.000364483
17658 0.000364474
17659 0.000364465
17660 0.000364455
17661 0.000364446
17662 0.000364437
17663 0.000364428
17664 0.000364419
17665 0.00036441
17666 0.000364401
17667 0.000364391
17668 0.000364382
17669 0.000364373
17670 0.000364364
17671 0.000364355
17672 0.000364346
17673 0.000364337
17674 0.000364327
17675 0.000364318
17676 0.000364309
17677 0.0003643
17678 0.000364291
17679 0.000364282
17680 0.000364273
17681 0.000364264
17682 0.000364254
17683 0.000364245
17684 0.000364236
17685 0.000364227
17686 0.000364218
17687 0.000364209
17688 0.0003642
17689 0.000364191
17690 0.000364181
17691 0.000364172
17692 0.000364163
17693 0.000364154
17694 0.000364145
17695 0.000364136
17696 0.000364127
17697 0.000364118
17698 0.000364109
17699 0.000364099
17700 0.00036409
17701 0.000364081
17702 0.000364072
17703 0.000364063
17704 0.000364054
17705 0.000364045
17706 0.000364036
17707 0.000364027
17708 0.000364017
17709 0.000364008
17710 0.000363999
17711 0.00036399
17712 0.000363981
17713 0.000363972
17714 0.000363963
17715 0.000363954
17716 0.000363945
17717 0.000363936
17718 0.000363926
17719 0.000363917
17720 0.000363908
17721 0.000363899
17722 0.00036389
17723 0.000363881
17724 0.000363872
17725 0.000363863
17726 0.000363854
17727 0.000363845
17728 0.000363836
17729 0.000363827
17730 0.000363817
17731 0.000363808
17732 0.000363799
17733 0.00036379
17734 0.000363781
17735 0.000363772
17736 0.000363763
17737 0.000363754
17738 0.000363745
17739 0.000363736
17740 0.000363727
17741 0.000363718
17742 0.000363709
17743 0.0003637
17744 0.00036369
17745 0.000363681
17746 0.000363672
17747 0.000363663
17748 0.000363654
17749 0.000363645
17750 0.000363636
17751 0.000363627
17752 0.000363618
17753 0.000363609
17754 0.0003636
17755 0.000363591
17756 0.000363582
17757 0.000363573
17758 0.000363564
17759 0.000363555
17760 0.000363546
17761 0.000363537
17762 0.000363527
17763 0.000363518
17764 0.000363509
17765 0.0003635
17766 0.000363491
17767 0.000363482
17768 0.000363473
17769 0.000363464
17770 0.000363455
17771 0.000363446
17772 0.000363437
17773 0.000363428
17774 0.000363419
17775 0.00036341
17776 0.000363401
17777 0.000363392
17778 0.000363383
17779 0.000363374
17780 0.000363365
17781 0.000363356
17782 0.000363347
17783 0.000363338
17784 0.000363329
17785 0.00036332
17786 0.000363311
17787 0.000363302
17788 0.000363293
17789 0.000363284
17790 0.000363275
17791 0.000363266
17792 0.000363257
17793 0.000363248
17794 0.000363239
17795 0.00036323
17796 0.000363221
17797 0.000363212
17798 0.000363203
17799 0.000363194
17800 0.000363185
17801 0.000363176
17802 0.000363167
17803 0.000363158
17804 0.000363149
17805 0.00036314
17806 0.000363131
17807 0.000363122
17808 0.000363113
17809 0.000363104
17810 0.000363095
17811 0.000363086
17812 0.000363077
17813 0.000363068
17814 0.000363059
17815 0.00036305
17816 0.000363041
17817 0.000363032
17818 0.000363023
17819 0.000363014
17820 0.000363005
17821 0.000362996
17822 0.000362987
17823 0.000362978
17824 0.000362969
17825 0.00036296
17826 0.000362951
17827 0.000362942
17828 0.000362933
17829 0.000362924
17830 0.000362915
17831 0.000362906
17832 0.000362897
17833 0.000362888
17834 0.000362879
17835 0.00036287
17836 0.000362861
17837 0.000362852
17838 0.000362843
17839 0.000362834
17840 0.000362825
17841 0.000362817
17842 0.000362808
17843 0.000362799
17844 0.00036279
17845 0.000362781
17846 0.000362772
17847 0.000362763
17848 0.000362754
17849 0.000362745
17850 0.000362736
17851 0.000362727
17852 0.000362718
17853 0.000362709
17854 0.0003627
17855 0.000362691
17856 0.000362682
17857 0.000362673
17858 0.000362664
17859 0.000362655
17860 0.000362647
17861 0.000362638
17862 0.000362629
17863 0.00036262
17864 0.000362611
17865 0.000362602
17866 0.000362593
17867 0.000362584
17868 0.000362575
17869 0.000362566
17870 0.000362557
17871 0.000362548
17872 0.000362539
17873 0.00036253
17874 0.000362522
17875 0.000362513
17876 0.000362504
17877 0.000362495
17878 0.000362486
17879 0.000362477
17880 0.000362468
17881 0.000362459
17882 0.00036245
17883 0.000362441
17884 0.000362432
17885 0.000362423
17886 0.000362415
17887 0.000362406
17888 0.000362397
17889 0.000362388
17890 0.000362379
17891 0.00036237
17892 0.000362361
17893 0.000362352
17894 0.000362343
17895 0.000362334
17896 0.000362325
17897 0.000362317
17898 0.000362308
17899 0.000362299
17900 0.00036229
17901 0.000362281
17902 0.000362272
17903 0.000362263
17904 0.000362254
17905 0.000362245
17906 0.000362236
17907 0.000362228
17908 0.000362219
17909 0.00036221
17910 0.000362201
17911 0.000362192
17912 0.000362183
17913 0.000362174
17914 0.000362165
17915 0.000362156
17916 0.000362147
17917 0.000362139
17918 0.00036213
17919 0.000362121
17920 0.000362112
17921 0.000362103
17922 0.000362094
17923 0.000362085
17924 0.000362076
17925 0.000362068
17926 0.000362059
17927 0.00036205
17928 0.000362041
17929 0.000362032
17930 0.000362023
17931 0.000362014
17932 0.000362005
17933 0.000361996
17934 0.000361988
17935 0.000361979
17936 0.00036197
17937 0.000361961
17938 0.000361952
17939 0.000361943
17940 0.000361934
17941 0.000361925
17942 0.000361917
17943 0.000361908
17944 0.000361899
17945 0.00036189
17946 0.000361881
17947 0.000361872
17948 0.000361863
17949 0.000361854
17950 0.000361846
17951 0.000361837
17952 0.000361828
17953 0.000361819
17954 0.00036181
17955 0.000361801
17956 0.000361792
17957 0.000361784
17958 0.000361775
17959 0.000361766
17960 0.000361757
17961 0.000361748
17962 0.000361739
17963 0.00036173
17964 0.000361721
17965 0.000361713
17966 0.000361704
17967 0.000361695
17968 0.000361686
17969 0.000361677
17970 0.000361668
17971 0.000361659
17972 0.000361651
17973 0.000361642
17974 0.000361633
17975 0.000361624
17976 0.000361615
17977 0.000361606
17978 0.000361597
17979 0.000361589
17980 0.00036158
17981 0.000361571
17982 0.000361562
17983 0.000361553
17984 0.000361544
17985 0.000361535
17986 0.000361527
17987 0.000361518
17988 0.000361509
17989 0.0003615
17990 0.000361491
17991 0.000361482
17992 0.000361474
17993 0.000361465
17994 0.000361456
17995 0.000361447
17996 0.000361438
17997 0.000361429
17998 0.00036142
17999 0.000361412
18000 0.000361403
18001 0.000361394
18002 0.000361385
18003 0.000361376
18004 0.000361367
18005 0.000361359
18006 0.00036135
18007 0.000361341
18008 0.000361332
18009 0.000361323
18010 0.000361314
18011 0.000361305
18012 0.000361297
18013 0.000361288
18014 0.000361279
18015 0.00036127
18016 0.000361261
18017 0.000361252
18018 0.000361244
18019 0.000361235
18020 0.000361226
18021 0.000361217
18022 0.000361208
18023 0.000361199
18024 0.000361191
18025 0.000361182
18026 0.000361173
18027 0.000361164
18028 0.000361155
18029 0.000361146
18030 0.000361137
18031 0.000361129
18032 0.00036112
18033 0.000361111
18034 0.000361102
18035 0.000361093
18036 0.000361084
18037 0.000361076
18038 0.000361067
18039 0.000361058
18040 0.000361049
18041 0.00036104
18042 0.000361031
18043 0.000361023
18044 0.000361014
18045 0.000361005
18046 0.000360996
18047 0.000360987
18048 0.000360978
18049 0.00036097
18050 0.000360961
18051 0.000360952
18052 0.000360943
18053 0.000360934
18054 0.000360925
18055 0.000360917
18056 0.000360908
18057 0.000360899
18058 0.00036089
18059 0.000360881
18060 0.000360872
18061 0.000360864
18062 0.000360855
18063 0.000360846
18064 0.000360837
18065 0.000360828
18066 0.000360819
18067 0.000360811
18068 0.000360802
18069 0.000360793
18070 0.000360784
18071 0.000360775
18072 0.000360767
18073 0.000360758
18074 0.000360749
18075 0.00036074
18076 0.000360731
18077 0.000360722
18078 0.000360714
18079 0.000360705
18080 0.000360696
18081 0.000360687
18082 0.000360678
18083 0.000360669
18084 0.000360661
18085 0.000360652
18086 0.000360643
18087 0.000360634
18088 0.000360625
18089 0.000360617
18090 0.000360608
18091 0.000360599
18092 0.00036059
18093 0.000360581
18094 0.000360572
18095 0.000360564
18096 0.000360555
18097 0.000360546
18098 0.000360537
18099 0.000360528
18100 0.00036052
18101 0.000360511
18102 0.000360502
18103 0.000360493
18104 0.000360484
18105 0.000360475
18106 0.000360467
18107 0.000360458
18108 0.000360449
18109 0.00036044
18110 0.000360431
18111 0.000360423
18112 0.000360414
18113 0.000360405
18114 0.000360396
18115 0.000360387
18116 0.000360379
18117 0.00036037
18118 0.000360361
18119 0.000360352
18120 0.000360343
18121 0.000360334
18122 0.000360326
18123 0.000360317
18124 0.000360308
18125 0.000360299
18126 0.00036029
18127 0.000360282
18128 0.000360273
18129 0.000360264
18130 0.000360255
18131 0.000360246
18132 0.000360238
18133 0.000360229
18134 0.00036022
18135 0.000360211
18136 0.000360202
18137 0.000360194
18138 0.000360185
18139 0.000360176
18140 0.000360167
18141 0.000360158
18142 0.00036015
18143 0.000360141
18144 0.000360132
18145 0.000360123
18146 0.000360114
18147 0.000360106
18148 0.000360097
18149 0.000360088
18150 0.000360079
18151 0.00036007
18152 0.000360062
18153 0.000360053
18154 0.000360044
18155 0.000360035
18156 0.000360026
18157 0.000360018
18158 0.000360009
18159 0.00036
18160 0.000359991
18161 0.000359983
18162 0.000359974
18163 0.000359965
18164 0.000359956
18165 0.000359947
18166 0.000359939
18167 0.00035993
18168 0.000359921
18169 0.000359912
18170 0.000359903
18171 0.000359895
18172 0.000359886
18173 0.000359877
18174 0.000359868
18175 0.00035986
18176 0.000359851
18177 0.000359842
18178 0.000359833
18179 0.000359824
18180 0.000359816
18181 0.000359807
18182 0.000359798
18183 0.000359789
18184 0.000359781
18185 0.000359772
18186 0.000359763
18187 0.000359754
18188 0.000359745
18189 0.000359737
18190 0.000359728
18191 0.000359719
18192 0.00035971
18193 0.000359702
18194 0.000359693
18195 0.000359684
18196 0.000359675
18197 0.000359667
18198 0.000359658
18199 0.000359649
18200 0.00035964
18201 0.000359631
18202 0.000359623
18203 0.000359614
18204 0.000359605
18205 0.000359596
18206 0.000359588
18207 0.000359579
18208 0.00035957
18209 0.000359561
18210 0.000359553
18211 0.000359544
18212 0.000359535
18213 0.000359526
18214 0.000359518
18215 0.000359509
18216 0.0003595
18217 0.000359491
18218 0.000359483
18219 0.000359474
18220 0.000359465
18221 0.000359456
18222 0.000359448
18223 0.000359439
18224 0.00035943
18225 0.000359421
18226 0.000359413
18227 0.000359404
18228 0.000359395
18229 0.000359386
18230 0.000359378
18231 0.000359369
18232 0.00035936
18233 0.000359351
18234 0.000359343
18235 0.000359334
18236 0.000359325
18237 0.000359317
18238 0.000359308
18239 0.000359299
18240 0.00035929
18241 0.000359282
18242 0.000359273
18243 0.000359264
18244 0.000359255
18245 0.000359247
18246 0.000359238
18247 0.000359229
18248 0.000359221
18249 0.000359212
18250 0.000359203
18251 0.000359194
18252 0.000359186
18253 0.000359177
18254 0.000359168
18255 0.000359159
18256 0.000359151
18257 0.000359142
18258 0.000359133
18259 0.000359125
18260 0.000359116
18261 0.000359107
18262 0.000359098
18263 0.00035909
18264 0.000359081
18265 0.000359072
18266 0.000359064
18267 0.000359055
18268 0.000359046
18269 0.000359037
18270 0.000359029
18271 0.00035902
18272 0.000359011
18273 0.000359003
18274 0.000358994
18275 0.000358985
18276 0.000358977
18277 0.000358968
18278 0.000358959
18279 0.00035895
18280 0.000358942
18281 0.000358933
18282 0.000358924
18283 0.000358916
18284 0.000358907
18285 0.000358898
18286 0.00035889
18287 0.000358881
18288 0.000358872
18289 0.000358864
18290 0.000358855
18291 0.000358846
18292 0.000358837
18293 0.000358829
18294 0.00035882
18295 0.000358811
18296 0.000358803
18297 0.000358794
18298 0.000358785
18299 0.000358777
18300 0.000358768
18301 0.000358759
18302 0.000358751
18303 0.000358742
18304 0.000358733
18305 0.000358725
18306 0.000358716
18307 0.000358707
18308 0.000358699
18309 0.00035869
18310 0.000358681
18311 0.000358673
18312 0.000358664
18313 0.000358655
18314 0.000358647
18315 0.000358638
18316 0.000358629
18317 0.000358621
18318 0.000358612
18319 0.000358603
18320 0.000358595
18321 0.000358586
18322 0.000358577
18323 0.000358569
18324 0.00035856
18325 0.000358551
18326 0.000358543
18327 0.000358534
18328 0.000358525
18329 0.000358517
18330 0.000358508
18331 0.000358499
18332 0.000358491
18333 0.000358482
18334 0.000358474
18335 0.000358465
18336 0.000358456
18337 0.000358448
18338 0.000358439
18339 0.00035843
18340 0.000358422
18341 0.000358413
18342 0.000358404
18343 0.000358396
18344 0.000358387
18345 0.000358378
18346 0.00035837
18347 0.000358361
18348 0.000358353
18349 0.000358344
18350 0.000358335
18351 0.000358327
18352 0.000358318
18353 0.000358309
18354 0.000358301
18355 0.000358292
18356 0.000358283
18357 0.000358275
18358 0.000358266
18359 0.000358258
18360 0.000358249
18361 0.00035824
18362 0.000358232
18363 0.000358223
18364 0.000358214
18365 0.000358206
18366 0.000358197
18367 0.000358189
18368 0.00035818
18369 0.000358171
18370 0.000358163
18371 0.000358154
18372 0.000358146
18373 0.000358137
18374 0.000358128
18375 0.00035812
18376 0.000358111
18377 0.000358102
18378 0.000358094
18379 0.000358085
18380 0.000358077
18381 0.000358068
18382 0.000358059
18383 0.000358051
18384 0.000358042
18385 0.000358034
18386 0.000358025
18387 0.000358016
18388 0.000358008
18389 0.000357999
18390 0.000357991
18391 0.000357982
18392 0.000357973
18393 0.000357965
18394 0.000357956
18395 0.000357948
18396 0.000357939
18397 0.00035793
18398 0.000357922
18399 0.000357913
18400 0.000357905
18401 0.000357896
18402 0.000357887
18403 0.000357879
18404 0.00035787
18405 0.000357862
18406 0.000357853
18407 0.000357844
18408 0.000357836
18409 0.000357827
18410 0.000357819
18411 0.00035781
18412 0.000357802
18413 0.000357793
18414 0.000357784
18415 0.000357776
18416 0.000357767
18417 0.000357759
18418 0.00035775
18419 0.000357741
18420 0.000357733
18421 0.000357724
18422 0.000357716
18423 0.000357707
18424 0.000357699
18425 0.00035769
18426 0.000357681
18427 0.000357673
18428 0.000357664
18429 0.000357656
18430 0.000357647
18431 0.000357639
18432 0.00035763
18433 0.000357621
18434 0.000357613
18435 0.000357604
18436 0.000357596
18437 0.000357587
18438 0.000357579
18439 0.00035757
18440 0.000357561
18441 0.000357553
18442 0.000357544
18443 0.000357536
18444 0.000357527
18445 0.000357519
18446 0.00035751
18447 0.000357501
18448 0.000357493
18449 0.000357484
18450 0.000357476
18451 0.000357467
18452 0.000357459
18453 0.00035745
18454 0.000357441
18455 0.000357433
18456 0.000357424
18457 0.000357416
18458 0.000357407
18459 0.000357399
18460 0.00035739
18461 0.000357382
18462 0.000357373
18463 0.000357364
18464 0.000357356
18465 0.000357347
18466 0.000357339
18467 0.00035733
18468 0.000357322
18469 0.000357313
18470 0.000357305
18471 0.000357296
18472 0.000357287
18473 0.000357279
18474 0.00035727
18475 0.000357262
18476 0.000357253
18477 0.000357245
18478 0.000357236
18479 0.000357228
18480 0.000357219
18481 0.000357211
18482 0.000357202
18483 0.000357193
18484 0.000357185
18485 0.000357176
18486 0.000357168
18487 0.000357159
18488 0.000357151
18489 0.000357142
18490 0.000357134
18491 0.000357125
18492 0.000357117
18493 0.000357108
18494 0.000357099
18495 0.000357091
18496 0.000357082
18497 0.000357074
18498 0.000357065
18499 0.000357057
18500 0.000357048
18501 0.00035704
18502 0.000357031
18503 0.000357023
18504 0.000357014
18505 0.000357005
18506 0.000356997
18507 0.000356988
18508 0.00035698
18509 0.000356971
18510 0.000356963
18511 0.000356954
18512 0.000356946
18513 0.000356937
18514 0.000356929
18515 0.00035692
18516 0.000356912
18517 0.000356903
18518 0.000356894
18519 0.000356886
18520 0.000356877
18521 0.000356869
18522 0.00035686
18523 0.000356852
18524 0.000356843
18525 0.000356835
18526 0.000356826
18527 0.000356818
18528 0.000356809
18529 0.000356801
18530 0.000356792
18531 0.000356784
18532 0.000356775
18533 0.000356767
18534 0.000356758
18535 0.000356749
18536 0.000356741
18537 0.000356732
18538 0.000356724
18539 0.000356715
18540 0.000356707
18541 0.000356698
18542 0.00035669
18543 0.000356681
18544 0.000356673
18545 0.000356664
18546 0.000356656
18547 0.000356647
18548 0.000356639
18549 0.00035663
18550 0.000356622
18551 0.000356613
18552 0.000356605
18553 0.000356596
18554 0.000356587
18555 0.000356579
18556 0.00035657
18557 0.000356562
18558 0.000356553
18559 0.000356545
18560 0.000356536
18561 0.000356528
18562 0.000356519
18563 0.000356511
18564 0.000356502
18565 0.000356494
18566 0.000356485
18567 0.000356477
18568 0.000356468
18569 0.00035646
18570 0.000356451
18571 0.000356443
18572 0.000356434
18573 0.000356426
18574 0.000356417
18575 0.000356409
18576 0.0003564
18577 0.000356392
18578 0.000356383
18579 0.000356375
18580 0.000356366
18581 0.000356358
18582 0.000356349
18583 0.00035634
18584 0.000356332
18585 0.000356323
18586 0.000356315
18587 0.000356306
18588 0.000356298
18589 0.000356289
18590 0.000356281
18591 0.000356272
18592 0.000356264
18593 0.000356255
18594 0.000356247
18595 0.000356238
18596 0.00035623
18597 0.000356221
18598 0.000356213
18599 0.000356204
18600 0.000356196
18601 0.000356187
18602 0.000356179
18603 0.00035617
18604 0.000356162
18605 0.000356153
18606 0.000356145
18607 0.000356136
18608 0.000356128
18609 0.000356119
18610 0.000356111
18611 0.000356102
18612 0.000356094
18613 0.000356085
18614 0.000356077
18615 0.000356068
18616 0.00035606
18617 0.000356051
18618 0.000356043
18619 0.000356034
18620 0.000356026
18621 0.000356017
18622 0.000356009
18623 0.000356
18624 0.000355992
18625 0.000355983
18626 0.000355975
18627 0.000355966
18628 0.000355958
18629 0.000355949
18630 0.000355941
18631 0.000355932
18632 0.000355924
18633 0.000355915
18634 0.000355907
18635 0.000355898
18636 0.00035589
18637 0.000355881
18638 0.000355873
18639 0.000355864
18640 0.000355856
18641 0.000355847
18642 0.000355839
18643 0.00035583
18644 0.000355822
18645 0.000355813
18646 0.000355805
18647 0.000355796
18648 0.000355788
18649 0.000355779
18650 0.000355771
18651 0.000355762
18652 0.000355754
18653 0.000355745
18654 0.000355737
18655 0.000355728
18656 0.00035572
18657 0.000355712
18658 0.000355703
18659 0.000355695
18660 0.000355686
18661 0.000355678
18662 0.000355669
18663 0.000355661
18664 0.000355652
18665 0.000355644
18666 0.000355635
18667 0.000355627
18668 0.000355618
18669 0.00035561
18670 0.000355601
18671 0.000355593
18672 0.000355584
18673 0.000355576
18674 0.000355567
18675 0.000355559
18676 0.00035555
18677 0.000355542
18678 0.000355533
18679 0.000355525
18680 0.000355517
18681 0.000355508
18682 0.0003555
18683 0.000355491
18684 0.000355483
18685 0.000355474
18686 0.000355466
18687 0.000355457
18688 0.000355449
18689 0.00035544
18690 0.000355432
18691 0.000355423
18692 0.000355415
18693 0.000355406
18694 0.000355398
18695 0.000355389
18696 0.000355381
18697 0.000355373
18698 0.000355364
18699 0.000355356
18700 0.000355347
18701 0.000355339
18702 0.00035533
18703 0.000355322
18704 0.000355313
18705 0.000355305
18706 0.000355296
18707 0.000355288
18708 0.000355279
18709 0.000355271
18710 0.000355263
18711 0.000355254
18712 0.000355246
18713 0.000355237
18714 0.000355229
18715 0.00035522
18716 0.000355212
18717 0.000355203
18718 0.000355195
18719 0.000355186
18720 0.000355178
18721 0.00035517
18722 0.000355161
18723 0.000355153
18724 0.000355144
18725 0.000355136
18726 0.000355127
18727 0.000355119
18728 0.00035511
18729 0.000355102
18730 0.000355094
18731 0.000355085
18732 0.000355077
18733 0.000355068
18734 0.00035506
18735 0.000355051
18736 0.000355043
18737 0.000355034
18738 0.000355026
18739 0.000355018
18740 0.000355009
18741 0.000355001
18742 0.000354992
18743 0.000354984
18744 0.000354975
18745 0.000354967
18746 0.000354959
18747 0.00035495
18748 0.000354942
18749 0.000354933
18750 0.000354925
18751 0.000354916
18752 0.000354908
18753 0.0003549
18754 0.000354891
18755 0.000354883
18756 0.000354874
18757 0.000354866
18758 0.000354857
18759 0.000354849
18760 0.000354841
18761 0.000354832
18762 0.000354824
18763 0.000354815
18764 0.000354807
18765 0.000354798
18766 0.00035479
18767 0.000354782
18768 0.000354773
18769 0.000354765
18770 0.000354756
18771 0.000354748
18772 0.00035474
18773 0.000354731
18774 0.000354723
18775 0.000354714
18776 0.000354706
18777 0.000354698
18778 0.000354689
18779 0.000354681
18780 0.000354672
18781 0.000354664
18782 0.000354655
18783 0.000354647
18784 0.000354639
18785 0.00035463
18786 0.000354622
18787 0.000354613
18788 0.000354605
18789 0.000354597
18790 0.000354588
18791 0.00035458
18792 0.000354571
18793 0.000354563
18794 0.000354555
18795 0.000354546
18796 0.000354538
18797 0.000354529
18798 0.000354521
18799 0.000354513
18800 0.000354504
18801 0.000354496
18802 0.000354487
18803 0.000354479
18804 0.000354471
18805 0.000354462
18806 0.000354454
18807 0.000354446
18808 0.000354437
18809 0.000354429
18810 0.00035442
18811 0.000354412
18812 0.000354404
18813 0.000354395
18814 0.000354387
18815 0.000354378
18816 0.00035437
18817 0.000354362
18818 0.000354353
18819 0.000354345
18820 0.000354337
18821 0.000354328
18822 0.00035432
18823 0.000354311
18824 0.000354303
18825 0.000354295
18826 0.000354286
18827 0.000354278
18828 0.00035427
18829 0.000354261
18830 0.000354253
18831 0.000354244
18832 0.000354236
18833 0.000354228
18834 0.000354219
18835 0.000354211
18836 0.000354203
18837 0.000354194
18838 0.000354186
18839 0.000354177
18840 0.000354169
18841 0.000354161
18842 0.000354152
18843 0.000354144
18844 0.000354136
18845 0.000354127
18846 0.000354119
18847 0.000354111
18848 0.000354102
18849 0.000354094
18850 0.000354086
18851 0.000354077
18852 0.000354069
18853 0.00035406
18854 0.000354052
18855 0.000354044
18856 0.000354035
18857 0.000354027
18858 0.000354019
18859 0.00035401
18860 0.000354002
18861 0.000353994
18862 0.000353985
18863 0.000353977
18864 0.000353969
18865 0.00035396
18866 0.000353952
18867 0.000353944
18868 0.000353935
18869 0.000353927
18870 0.000353919
18871 0.00035391
18872 0.000353902
18873 0.000353893
18874 0.000353885
18875 0.000353877
18876 0.000353868
18877 0.00035386
18878 0.000353852
18879 0.000353843
18880 0.000353835
18881 0.000353827
18882 0.000353818
18883 0.00035381
18884 0.000353802
18885 0.000353793
18886 0.000353785
18887 0.000353777
18888 0.000353768
18889 0.00035376
18890 0.000353752
18891 0.000353743
18892 0.000353735
18893 0.000353727
18894 0.000353718
18895 0.00035371
18896 0.000353702
18897 0.000353693
18898 0.000353685
18899 0.000353677
18900 0.000353669
18901 0.00035366
18902 0.000353652
18903 0.000353644
18904 0.000353635
18905 0.000353627
18906 0.000353619
18907 0.00035361
18908 0.000353602
18909 0.000353594
18910 0.000353585
18911 0.000353577
18912 0.000353569
18913 0.00035356
18914 0.000353552
18915 0.000353544
18916 0.000353535
18917 0.000353527
18918 0.000353519
18919 0.00035351
18920 0.000353502
18921 0.000353494
18922 0.000353486
18923 0.000353477
18924 0.000353469
18925 0.000353461
18926 0.000353452
18927 0.000353444
18928 0.000353436
18929 0.000353427
18930 0.000353419
18931 0.000353411
18932 0.000353402
18933 0.000353394
18934 0.000353386
18935 0.000353378
18936 0.000353369
18937 0.000353361
18938 0.000353353
18939 0.000353344
18940 0.000353336
18941 0.000353328
18942 0.000353319
18943 0.000353311
18944 0.000353303
18945 0.000353295
18946 0.000353286
18947 0.000353278
18948 0.00035327
18949 0.000353261
18950 0.000353253
18951 0.000353245
18952 0.000353237
18953 0.000353228
18954 0.00035322
18955 0.000353212
18956 0.000353203
18957 0.000353195
18958 0.000353187
18959 0.000353178
18960 0.00035317
18961 0.000353162
18962 0.000353154
18963 0.000353145
18964 0.000353137
18965 0.000353129
18966 0.00035312
18967 0.000353112
18968 0.000353104
18969 0.000353096
18970 0.000353087
18971 0.000353079
18972 0.000353071
18973 0.000353062
18974 0.000353054
18975 0.000353046
18976 0.000353038
18977 0.000353029
18978 0.000353021
18979 0.000353013
18980 0.000353004
18981 0.000352996
18982 0.000352988
18983 0.00035298
18984 0.000352971
18985 0.000352963
18986 0.000352955
18987 0.000352947
18988 0.000352938
18989 0.00035293
18990 0.000352922
18991 0.000352913
18992 0.000352905
18993 0.000352897
18994 0.000352889
18995 0.00035288
18996 0.000352872
18997 0.000352864
18998 0.000352855
18999 0.000352847
19000 0.000352839
19001 0.000352831
19002 0.000352822
19003 0.000352814
19004 0.000352806
19005 0.000352798
19006 0.000352789
19007 0.000352781
19008 0.000352773
19009 0.000352764
19010 0.000352756
19011 0.000352748
19012 0.00035274
19013 0.000352731
19014 0.000352723
19015 0.000352715
19016 0.000352707
19017 0.000352698
19018 0.00035269
19019 0.000352682
19020 0.000352674
19021 0.000352665
19022 0.000352657
19023 0.000352649
19024 0.000352641
19025 0.000352632
19026 0.000352624
19027 0.000352616
19028 0.000352607
19029 0.000352599
19030 0.000352591
19031 0.000352583
19032 0.000352574
19033 0.000352566
19034 0.000352558
19035 0.00035255
19036 0.000352541
19037 0.000352533
19038 0.000352525
19039 0.000352517
19040 0.000352508
19041 0.0003525
19042 0.000352492
19043 0.000352484
19044 0.000352475
19045 0.000352467
19046 0.000352459
19047 0.000352451
19048 0.000352442
19049 0.000352434
19050 0.000352426
19051 0.000352418
19052 0.000352409
19053 0.000352401
19054 0.000352393
19055 0.000352384
19056 0.000352376
19057 0.000352368
19058 0.00035236
19059 0.000352351
19060 0.000352343
19061 0.000352335
19062 0.000352327
19063 0.000352318
19064 0.00035231
19065 0.000352302
19066 0.000352294
19067 0.000352285
19068 0.000352277
19069 0.000352269
19070 0.000352261
19071 0.000352252
19072 0.000352244
19073 0.000352236
19074 0.000352228
19075 0.00035222
19076 0.000352211
19077 0.000352203
19078 0.000352195
19079 0.000352187
19080 0.000352178
19081 0.00035217
19082 0.000352162
19083 0.000352154
19084 0.000352145
19085 0.000352137
19086 0.000352129
19087 0.000352121
19088 0.000352112
19089 0.000352104
19090 0.000352096
19091 0.000352088
19092 0.000352079
19093 0.000352071
19094 0.000352063
19095 0.000352055
19096 0.000352046
19097 0.000352038
19098 0.00035203
19099 0.000352022
19100 0.000352013
19101 0.000352005
19102 0.000351997
19103 0.000351989
19104 0.00035198
19105 0.000351972
19106 0.000351964
19107 0.000351956
19108 0.000351948
19109 0.000351939
19110 0.000351931
19111 0.000351923
19112 0.000351915
19113 0.000351906
19114 0.000351898
19115 0.00035189
19116 0.000351882
19117 0.000351873
19118 0.000351865
19119 0.000351857
19120 0.000351849
19121 0.000351841
19122 0.000351832
19123 0.000351824
19124 0.000351816
19125 0.000351808
19126 0.000351799
19127 0.000351791
19128 0.000351783
19129 0.000351775
19130 0.000351766
19131 0.000351758
19132 0.00035175
19133 0.000351742
19134 0.000351734
19135 0.000351725
19136 0.000351717
19137 0.000351709
19138 0.000351701
19139 0.000351692
19140 0.000351684
19141 0.000351676
19142 0.000351668
19143 0.00035166
19144 0.000351651
19145 0.000351643
19146 0.000351635
19147 0.000351627
19148 0.000351618
19149 0.00035161
19150 0.000351602
19151 0.000351594
19152 0.000351586
19153 0.000351577
19154 0.000351569
19155 0.000351561
19156 0.000351553
19157 0.000351544
19158 0.000351536
19159 0.000351528
19160 0.00035152
19161 0.000351512
19162 0.000351503
19163 0.000351495
19164 0.000351487
19165 0.000351479
19166 0.00035147
19167 0.000351462
19168 0.000351454
19169 0.000351446
19170 0.000351438
19171 0.000351429
19172 0.000351421
19173 0.000351413
19174 0.000351405
19175 0.000351397
19176 0.000351388
19177 0.00035138
19178 0.000351372
19179 0.000351364
19180 0.000351356
19181 0.000351347
19182 0.000351339
19183 0.000351331
19184 0.000351323
19185 0.000351315
19186 0.000351306
19187 0.000351298
19188 0.00035129
19189 0.000351282
19190 0.000351273
19191 0.000351265
19192 0.000351257
19193 0.000351249
19194 0.000351241
19195 0.000351232
19196 0.000351224
19197 0.000351216
19198 0.000351208
19199 0.0003512
19200 0.000351191
19201 0.000351183
19202 0.000351175
19203 0.000351167
19204 0.000351159
19205 0.00035115
19206 0.000351142
19207 0.000351134
19208 0.000351126
19209 0.000351118
19210 0.00035111
19211 0.000351101
19212 0.000351093
19213 0.000351085
19214 0.000351077
19215 0.000351069
19216 0.00035106
19217 0.000351052
19218 0.000351044
19219 0.000351036
19220 0.000351028
19221 0.000351019
19222 0.000351011
19223 0.000351003
19224 0.000350995
19225 0.000350987
19226 0.000350978
19227 0.00035097
19228 0.000350962
19229 0.000350954
19230 0.000350946
19231 0.000350938
19232 0.000350929
19233 0.000350921
19234 0.000350913
19235 0.000350905
19236 0.000350897
19237 0.000350888
19238 0.00035088
19239 0.000350872
19240 0.000350864
19241 0.000350856
19242 0.000350848
19243 0.000350839
19244 0.000350831
19245 0.000350823
19246 0.000350815
19247 0.000350807
19248 0.000350799
19249 0.00035079
19250 0.000350782
19251 0.000350774
19252 0.000350766
19253 0.000350758
19254 0.00035075
19255 0.000350741
19256 0.000350733
19257 0.000350725
19258 0.000350717
19259 0.000350709
19260 0.000350701
19261 0.000350692
19262 0.000350684
19263 0.000350676
19264 0.000350668
19265 0.00035066
19266 0.000350652
19267 0.000350643
19268 0.000350635
19269 0.000350627
19270 0.000350619
19271 0.000350611
19272 0.000350603
19273 0.000350594
19274 0.000350586
19275 0.000350578
19276 0.00035057
19277 0.000350562
19278 0.000350554
19279 0.000350545
19280 0.000350537
19281 0.000350529
19282 0.000350521
19283 0.000350513
19284 0.000350505
19285 0.000350497
19286 0.000350488
19287 0.00035048
19288 0.000350472
19289 0.000350464
19290 0.000350456
19291 0.000350448
19292 0.000350439
19293 0.000350431
19294 0.000350423
19295 0.000350415
19296 0.000350407
19297 0.000350399
19298 0.000350391
19299 0.000350382
19300 0.000350374
19301 0.000350366
19302 0.000350358
19303 0.00035035
19304 0.000350342
19305 0.000350334
19306 0.000350325
19307 0.000350317
19308 0.000350309
19309 0.000350301
19310 0.000350293
19311 0.000350285
19312 0.000350277
19313 0.000350269
19314 0.00035026
19315 0.000350252
19316 0.000350244
19317 0.000350236
19318 0.000350228
19319 0.00035022
19320 0.000350212
19321 0.000350203
19322 0.000350195
19323 0.000350187
19324 0.000350179
19325 0.000350171
19326 0.000350163
19327 0.000350155
19328 0.000350147
19329 0.000350138
19330 0.00035013
19331 0.000350122
19332 0.000350114
19333 0.000350106
19334 0.000350098
19335 0.00035009
19336 0.000350082
19337 0.000350073
19338 0.000350065
19339 0.000350057
19340 0.000350049
19341 0.000350041
19342 0.000350033
19343 0.000350025
19344 0.000350017
19345 0.000350009
19346 0.00035
19347 0.000349992
19348 0.000349984
19349 0.000349976
19350 0.000349968
19351 0.00034996
19352 0.000349952
19353 0.000349944
19354 0.000349935
19355 0.000349927
19356 0.000349919
19357 0.000349911
19358 0.000349903
19359 0.000349895
19360 0.000349887
19361 0.000349879
19362 0.000349871
19363 0.000349863
19364 0.000349854
19365 0.000349846
19366 0.000349838
19367 0.00034983
19368 0.000349822
19369 0.000349814
19370 0.000349806
19371 0.000349798
19372 0.00034979
19373 0.000349782
19374 0.000349773
19375 0.000349765
19376 0.000349757
19377 0.000349749
19378 0.000349741
19379 0.000349733
19380 0.000349725
19381 0.000349717
19382 0.000349709
19383 0.000349701
19384 0.000349692
19385 0.000349684
19386 0.000349676
19387 0.000349668
19388 0.00034966
19389 0.000349652
19390 0.000349644
19391 0.000349636
19392 0.000349628
19393 0.00034962
19394 0.000349612
19395 0.000349603
19396 0.000349595
19397 0.000349587
19398 0.000349579
19399 0.000349571
19400 0.000349563
19401 0.000349555
19402 0.000349547
19403 0.000349539
19404 0.000349531
19405 0.000349523
19406 0.000349515
19407 0.000349506
19408 0.000349498
19409 0.00034949
19410 0.000349482
19411 0.000349474
19412 0.000349466
19413 0.000349458
19414 0.00034945
19415 0.000349442
19416 0.000349434
19417 0.000349426
19418 0.000349418
19419 0.00034941
19420 0.000349401
19421 0.000349393
19422 0.000349385
19423 0.000349377
19424 0.000349369
19425 0.000349361
19426 0.000349353
19427 0.000349345
19428 0.000349337
19429 0.000349329
19430 0.000349321
19431 0.000349313
19432 0.000349305
19433 0.000349297
19434 0.000349289
19435 0.00034928
19436 0.000349272
19437 0.000349264
19438 0.000349256
19439 0.000349248
19440 0.00034924
19441 0.000349232
19442 0.000349224
19443 0.000349216
19444 0.000349208
19445 0.0003492
19446 0.000349192
19447 0.000349184
19448 0.000349176
19449 0.000349168
19450 0.00034916
19451 0.000349151
19452 0.000349143
19453 0.000349135
19454 0.000349127
19455 0.000349119
19456 0.000349111
19457 0.000349103
19458 0.000349095
19459 0.000349087
19460 0.000349079
19461 0.000349071
19462 0.000349063
19463 0.000349055
19464 0.000349047
19465 0.000349039
19466 0.000349031
19467 0.000349023
19468 0.000349015
19469 0.000349007
19470 0.000348998
19471 0.00034899
19472 0.000348982
19473 0.000348974
19474 0.000348966
19475 0.000348958
19476 0.00034895
19477 0.000348942
19478 0.000348934
19479 0.000348926
19480 0.000348918
19481 0.00034891
19482 0.000348902
19483 0.000348894
19484 0.000348886
19485 0.000348878
19486 0.00034887
19487 0.000348862
19488 0.000348854
19489 0.000348846
19490 0.000348838
19491 0.00034883
19492 0.000348821
19493 0.000348813
19494 0.000348805
19495 0.000348797
19496 0.000348789
19497 0.000348781
19498 0.000348773
19499 0.000348765
19500 0.000348757
19501 0.000348749
19502 0.000348741
19503 0.000348733
19504 0.000348725
19505 0.000348717
19506 0.000348709
19507 0.000348701
19508 0.000348693
19509 0.000348685
19510 0.000348677
19511 0.000348669
19512 0.000348661
19513 0.000348653
19514 0.000348645
19515 0.000348637
19516 0.000348629
19517 0.000348621
19518 0.000348613
19519 0.000348605
19520 0.000348597
19521 0.000348588
19522 0.00034858
19523 0.000348572
19524 0.000348564
19525 0.000348556
19526 0.000348548
19527 0.00034854
19528 0.000348532
19529 0.000348524
19530 0.000348516
19531 0.000348508
19532 0.0003485
19533 0.000348492
19534 0.000348484
19535 0.000348476
19536 0.000348468
19537 0.00034846
19538 0.000348452
19539 0.000348444
19540 0.000348436
19541 0.000348428
19542 0.00034842
19543 0.000348412
19544 0.000348404
19545 0.000348396
19546 0.000348388
19547 0.00034838
19548 0.000348372
19549 0.000348364
19550 0.000348356
19551 0.000348348
19552 0.00034834
19553 0.000348332
19554 0.000348324
19555 0.000348316
19556 0.000348308
19557 0.0003483
19558 0.000348292
19559 0.000348284
19560 0.000348276
19561 0.000348268
19562 0.00034826
19563 0.000348252
19564 0.000348244
19565 0.000348236
19566 0.000348228
19567 0.00034822
19568 0.000348212
19569 0.000348203
19570 0.000348195
19571 0.000348187
19572 0.000348179
19573 0.000348171
19574 0.000348163
19575 0.000348155
19576 0.000348147
19577 0.000348139
19578 0.000348131
19579 0.000348123
19580 0.000348115
19581 0.000348107
19582 0.000348099
19583 0.000348091
19584 0.000348083
19585 0.000348075
19586 0.000348067
19587 0.000348059
19588 0.000348051
19589 0.000348043
19590 0.000348035
19591 0.000348027
19592 0.000348019
19593 0.000348011
19594 0.000348003
19595 0.000347995
19596 0.000347987
19597 0.000347979
19598 0.000347971
19599 0.000347963
19600 0.000347955
19601 0.000347947
19602 0.000347939
19603 0.000347931
19604 0.000347923
19605 0.000347915
19606 0.000347907
19607 0.000347899
19608 0.000347891
19609 0.000347883
19610 0.000347875
19611 0.000347867
19612 0.000347859
19613 0.000347851
19614 0.000347843
19615 0.000347835
19616 0.000347827
19617 0.000347819
19618 0.000347811
19619 0.000347803
19620 0.000347795
19621 0.000347787
19622 0.000347779
19623 0.000347771
19624 0.000347763
19625 0.000347755
19626 0.000347747
19627 0.000347739
19628 0.000347731
19629 0.000347723
19630 0.000347715
19631 0.000347707
19632 0.000347699
19633 0.000347691
19634 0.000347683
19635 0.000347675
19636 0.000347667
19637 0.000347659
19638 0.000347651
19639 0.000347643
19640 0.000347635
19641 0.000347627
19642 0.000347619
19643 0.000347611
19644 0.000347603
19645 0.000347595
19646 0.000347587
19647 0.000347579
19648 0.000347572
19649 0.000347564
19650 0.000347556
19651 0.000347548
19652 0.00034754
19653 0.000347532
19654 0.000347524
19655 0.000347516
19656 0.000347508
19657 0.0003475
19658 0.000347492
19659 0.000347484
19660 0.000347476
19661 0.000347468
19662 0.00034746
19663 0.000347452
19664 0.000347444
19665 0.000347436
19666 0.000347428
19667 0.00034742
19668 0.000347412
19669 0.000347404
19670 0.000347396
19671 0.000347388
19672 0.00034738
19673 0.000347372
19674 0.000347364
19675 0.000347356
19676 0.000347348
19677 0.00034734
19678 0.000347332
19679 0.000347324
19680 0.000347316
19681 0.000347308
19682 0.0003473
19683 0.000347292
19684 0.000347284
19685 0.000347276
19686 0.000347268
19687 0.00034726
19688 0.000347252
19689 0.000347244
19690 0.000347236
19691 0.000347228
19692 0.00034722
19693 0.000347212
19694 0.000347204
19695 0.000347197
19696 0.000347189
19697 0.000347181
19698 0.000347173
19699 0.000347165
19700 0.000347157
19701 0.000347149
19702 0.000347141
19703 0.000347133
19704 0.000347125
19705 0.000347117
19706 0.000347109
19707 0.000347101
19708 0.000347093
19709 0.000347085
19710 0.000347077
19711 0.000347069
19712 0.000347061
19713 0.000347053
19714 0.000347045
19715 0.000347037
19716 0.000347029
19717 0.000347021
19718 0.000347013
19719 0.000347005
19720 0.000346997
19721 0.000346989
19722 0.000346982
19723 0.000346974
19724 0.000346966
19725 0.000346958
19726 0.00034695
19727 0.000346942
19728 0.000346934
19729 0.000346926
19730 0.000346918
19731 0.00034691
19732 0.000346902
19733 0.000346894
19734 0.000346886
19735 0.000346878
19736 0.00034687
19737 0.000346862
19738 0.000346854
19739 0.000346846
19740 0.000346838
19741 0.00034683
19742 0.000346822
19743 0.000346815
19744 0.000346807
19745 0.000346799
19746 0.000346791
19747 0.000346783
19748 0.000346775
19749 0.000346767
19750 0.000346759
19751 0.000346751
19752 0.000346743
19753 0.000346735
19754 0.000346727
19755 0.000346719
19756 0.000346711
19757 0.000346703
19758 0.000346695
19759 0.000346687
19760 0.000346679
19761 0.000346672
19762 0.000346664
19763 0.000346656
19764 0.000346648
19765 0.00034664
19766 0.000346632
19767 0.000346624
19768 0.000346616
19769 0.000346608
19770 0.0003466
19771 0.000346592
19772 0.000346584
19773 0.000346576
19774 0.000346568
19775 0.00034656
19776 0.000346552
19777 0.000346545
19778 0.000346537
19779 0.000346529
19780 0.000346521
19781 0.000346513
19782 0.000346505
19783 0.000346497
19784 0.000346489
19785 0.000346481
19786 0.000346473
19787 0.000346465
19788 0.000346457
19789 0.000346449
19790 0.000346441
19791 0.000346434
19792 0.000346426
19793 0.000346418
19794 0.00034641
19795 0.000346402
19796 0.000346394
19797 0.000346386
19798 0.000346378
19799 0.00034637
19800 0.000346362
19801 0.000346354
19802 0.000346346
19803 0.000346338
19804 0.000346331
19805 0.000346323
19806 0.000346315
19807 0.000346307
19808 0.000346299
19809 0.000346291
19810 0.000346283
19811 0.000346275
19812 0.000346267
19813 0.000346259
19814 0.000346251
19815 0.000346243
19816 0.000346236
19817 0.000346228
19818 0.00034622
19819 0.000346212
19820 0.000346204
19821 0.000346196
19822 0.000346188
19823 0.00034618
19824 0.000346172
19825 0.000346164
19826 0.000346156
19827 0.000346149
19828 0.000346141
19829 0.000346133
19830 0.000346125
19831 0.000346117
19832 0.000346109
19833 0.000346101
19834 0.000346093
19835 0.000346085
19836 0.000346077
19837 0.00034607
19838 0.000346062
19839 0.000346054
19840 0.000346046
19841 0.000346038
19842 0.00034603
19843 0.000346022
19844 0.000346014
19845 0.000346006
19846 0.000345998
19847 0.000345991
19848 0.000345983
19849 0.000345975
19850 0.000345967
19851 0.000345959
19852 0.000345951
19853 0.000345943
19854 0.000345935
19855 0.000345927
19856 0.000345919
19857 0.000345912
19858 0.000345904
19859 0.000345896
19860 0.000345888
19861 0.00034588
19862 0.000345872
19863 0.000345864
19864 0.000345856
19865 0.000345848
19866 0.000345841
19867 0.000345833
19868 0.000345825
19869 0.000345817
19870 0.000345809
19871 0.000345801
19872 0.000345793
19873 0.000345785
19874 0.000345777
19875 0.00034577
19876 0.000345762
19877 0.000345754
19878 0.000345746
19879 0.000345738
19880 0.00034573
19881 0.000345722
19882 0.000345714
19883 0.000345707
19884 0.000345699
19885 0.000345691
19886 0.000345683
19887 0.000345675
19888 0.000345667
19889 0.000345659
19890 0.000345651
19891 0.000345644
19892 0.000345636
19893 0.000345628
19894 0.00034562
19895 0.000345612
19896 0.000345604
19897 0.000345596
19898 0.000345588
19899 0.000345581
19900 0.000345573
19901 0.000345565
19902 0.000345557
19903 0.000345549
19904 0.000345541
19905 0.000345533
19906 0.000345525
19907 0.000345518
19908 0.00034551
19909 0.000345502
19910 0.000345494
19911 0.000345486
19912 0.000345478
19913 0.00034547
19914 0.000345463
19915 0.000345455
19916 0.000345447
19917 0.000345439
19918 0.000345431
19919 0.000345423
19920 0.000345415
19921 0.000345408
19922 0.0003454
19923 0.000345392
19924 0.000345384
19925 0.000345376
19926 0.000345368
19927 0.00034536
19928 0.000345353
19929 0.000345345
19930 0.000345337
19931 0.000345329
19932 0.000345321
19933 0.000345313
19934 0.000345305
19935 0.000345298
19936 0.00034529
19937 0.000345282
19938 0.000345274
19939 0.000345266
19940 0.000345258
19941 0.00034525
19942 0.000345243
19943 0.000345235
19944 0.000345227
19945 0.000345219
19946 0.000345211
19947 0.000345203
19948 0.000345195
19949 0.000345188
19950 0.00034518
19951 0.000345172
19952 0.000345164
19953 0.000345156
19954 0.000345148
19955 0.000345141
19956 0.000345133
19957 0.000345125
19958 0.000345117
19959 0.000345109
19960 0.000345101
19961 0.000345093
19962 0.000345086
19963 0.000345078
19964 0.00034507
19965 0.000345062
19966 0.000345054
19967 0.000345046
19968 0.000345039
19969 0.000345031
19970 0.000345023
19971 0.000345015
19972 0.000345007
19973 0.000344999
19974 0.000344992
19975 0.000344984
19976 0.000344976
19977 0.000344968
19978 0.00034496
19979 0.000344952
19980 0.000344944
19981 0.000344937
19982 0.000344929
19983 0.000344921
19984 0.000344913
19985 0.000344905
19986 0.000344897
19987 0.00034489
19988 0.000344882
19989 0.000344874
19990 0.000344866
19991 0.000344858
19992 0.000344851
19993 0.000344843
19994 0.000344835
19995 0.000344827
19996 0.000344819
19997 0.000344811
19998 0.000344804
19999 0.000344796
